run_id,repetition,treatment,mode,seed,tick,size,density,similar_wanted,income_gap,use_affordability,population,unhappy_count,percent_similar,percent_unhappy,moved_count,stuck_unhappy,stuck_unhappy_fraction,no_movement_ticks,converged,termination_reason,isolation_blue,isolation_orange,dissimilarity,mean_rent_blue,mean_rent_orange
T1_preference_only_s15_g0p0_r0,0,T1_preference_only,extension,160000,5,51,80.0,15.0,0.0,false,2104,0,53.591404,0.000000,1,0,0.000000,0,true,converged,52.089348,55.002141,0.217754,28.280147,28.436357
T1_preference_only_s15_g0p0_r1,1,T1_preference_only,extension,160001,8,51,80.0,15.0,0.0,false,2132,0,54.434733,0.000000,1,0,0.000000,0,true,converged,55.021216,53.832753,0.200565,27.911079,29.367318
T1_preference_only_s15_g0p0_r2,2,T1_preference_only,extension,160002,5,51,80.0,15.0,0.0,false,2064,0,53.823844,0.000000,2,0,0.000000,0,true,converged,51.900143,55.599589,0.225971,29.345567,27.810317
T1_preference_only_s15_g0p0_r3,3,T1_preference_only,extension,160003,4,51,80.0,15.0,0.0,false,2105,0,54.776602,0.000000,3,0,0.000000,0,true,converged,53.144510,56.298821,0.242842,28.264721,28.863561
T1_preference_only_s15_g0p0_r4,4,T1_preference_only,extension,160004,5,51,80.0,15.0,0.0,false,2071,0,54.484646,0.000000,2,0,0.000000,0,true,converged,56.469904,52.309653,0.205003,28.690960,28.475280
T1_preference_only_s15_g0p0_r5,5,T1_preference_only,extension,160005,5,51,80.0,15.0,0.0,false,2078,0,54.514045,0.000000,1,0,0.000000,0,true,converged,54.616307,54.411322,0.234067,28.288648,29.083459
T1_preference_only_s15_g0p0_r6,6,T1_preference_only,extension,160006,6,51,80.0,15.0,0.0,false,2105,0,55.363169,0.000000,1,0,0.000000,0,true,converged,57.311255,53.228782,0.253403,28.437949,28.721362
T1_preference_only_s15_g0p0_r7,7,T1_preference_only,extension,160007,4,51,80.0,15.0,0.0,false,2101,0,55.048716,0.000000,1,0,0.000000,0,true,converged,52.783377,57.106635,0.232085,28.337605,28.564764
T1_preference_only_s15_g0p0_r8,8,T1_preference_only,extension,160008,5,51,80.0,15.0,0.0,false,2113,0,54.252840,0.000000,1,0,0.000000,0,true,converged,54.312727,54.192796,0.217805,28.627519,28.992338
T1_preference_only_s15_g0p0_r9,9,T1_preference_only,extension,160009,4,51,80.0,15.0,0.0,false,2093,0,52.958712,0.000000,2,0,0.000000,0,true,converged,52.541353,53.368794,0.188946,28.944045,28.072945
T1_preference_only_s15_g0p0_r10,10,T1_preference_only,extension,160010,3,51,80.0,15.0,0.0,false,2101,0,54.191263,0.000000,7,0,0.000000,0,true,converged,53.878158,54.500147,0.214638,28.104220,28.954075
T1_preference_only_s15_g0p0_r11,11,T1_preference_only,extension,160011,4,51,80.0,15.0,0.0,false,2093,0,53.621253,0.000000,2,0,0.000000,0,true,converged,53.267534,53.969657,0.229583,28.887312,28.323284
T1_preference_only_s15_g0p0_r12,12,T1_preference_only,extension,160012,6,51,80.0,15.0,0.0,false,2110,0,54.228129,0.000000,1,0,0.000000,0,true,converged,53.515277,54.919448,0.221099,27.748268,29.435089
T1_preference_only_s15_g0p0_r13,13,T1_preference_only,extension,160013,6,51,80.0,15.0,0.0,false,2096,0,54.628944,0.000000,1,0,0.000000,0,true,converged,54.962506,54.290404,0.231197,28.343775,28.366627
T1_preference_only_s15_g0p0_r14,14,T1_preference_only,extension,160014,5,51,80.0,15.0,0.0,false,2074,0,54.482132,0.000000,1,0,0.000000,0,true,converged,53.768071,55.174471,0.216308,28.046253,28.658794
T1_preference_only_s15_g0p0_r15,15,T1_preference_only,extension,160015,3,51,80.0,15.0,0.0,false,2081,0,55.180180,0.000000,2,0,0.000000,0,true,converged,54.322877,56.005895,0.209850,28.402878,28.884397
T1_preference_only_s15_g0p0_r16,16,T1_preference_only,extension,160016,7,51,80.0,15.0,0.0,false,2094,0,55.012624,0.000000,1,0,0.000000,0,true,converged,54.703155,55.317893,0.198398,28.325568,28.937130
T1_preference_only_s15_g0p0_r17,17,T1_preference_only,extension,160017,5,51,80.0,15.0,0.0,false,2086,0,54.523738,0.000000,3,0,0.000000,0,true,converged,54.373877,54.672619,0.224221,28.783488,28.458796
T1_preference_only_s15_g0p0_r18,18,T1_preference_only,extension,160018,6,51,80.0,15.0,0.0,false,2087,0,55.968249,0.000000,1,0,0.000000,0,true,converged,56.236975,55.696203,0.224679,28.312965,28.830115
T1_preference_only_s15_g0p0_r19,19,T1_preference_only,extension,160019,5,51,80.0,15.0,0.0,false,2086,0,53.550518,0.000000,1,0,0.000000,0,true,converged,52.892814,54.190110,0.195507,28.303139,28.895120
T1_preference_only_s15_g0p0_r20,20,T1_preference_only,extension,160020,5,51,80.0,15.0,0.0,false,2076,0,54.963097,0.000000,1,0,0.000000,0,true,converged,56.003531,53.872262,0.235453,28.116268,29.012637
T1_preference_only_s15_g0p0_r21,21,T1_preference_only,extension,160021,6,51,80.0,15.0,0.0,false,2090,0,54.011654,0.000000,1,0,0.000000,0,true,converged,54.291654,53.728202,0.219450,28.859389,28.551094
T1_preference_only_s15_g0p0_r22,22,T1_preference_only,extension,160022,5,51,80.0,15.0,0.0,false,2079,0,54.353721,0.000000,1,0,0.000000,0,true,converged,52.582160,55.997676,0.207618,28.815721,28.507450
T1_preference_only_s15_g0p0_r23,23,T1_preference_only,extension,160023,4,51,80.0,15.0,0.0,false,2075,0,55.131698,0.000000,4,0,0.000000,0,true,converged,56.334708,53.860523,0.206797,28.336471,28.322147
T1_preference_only_s15_g0p0_r24,24,T1_preference_only,extension,160024,7,51,80.0,15.0,0.0,false,2083,0,53.843844,0.000000,1,0,0.000000,0,true,converged,53.325235,54.351054,0.195764,27.751878,29.022159
T1_preference_only_s15_g0p0_r25,25,T1_preference_only,extension,160025,5,51,80.0,15.0,0.0,false,2081,0,54.775154,0.000000,2,0,0.000000,0,true,converged,53.915709,55.603130,0.221394,28.589124,28.619939
T1_preference_only_s15_g0p0_r26,26,T1_preference_only,extension,160026,6,51,80.0,15.0,0.0,false,2092,0,56.100104,0.000000,2,0,0.000000,0,true,converged,55.328179,56.845805,0.237207,29.449896,27.780776
T1_preference_only_s15_g0p0_r27,27,T1_preference_only,extension,160027,6,51,80.0,15.0,0.0,false,2061,0,54.839201,0.000000,1,0,0.000000,0,true,converged,54.211096,55.450308,0.220033,28.267779,28.437933
T1_preference_only_s15_g0p0_r28,28,T1_preference_only,extension,160028,7,51,80.0,15.0,0.0,false,2075,0,53.342346,0.000000,1,0,0.000000,0,true,converged,53.447242,53.236977,0.215910,28.404726,28.676194
T1_preference_only_s15_g0p0_r29,29,T1_preference_only,extension,160029,4,51,80.0,15.0,0.0,false,2080,0,53.461770,0.000000,1,0,0.000000,0,true,converged,52.966231,53.946976,0.213239,28.743046,28.684139
T1_preference_only_s20_g0p0_r0,0,T1_preference_only,extension,210000,9,51,80.0,20.0,0.0,false,2095,0,57.754801,0.000000,1,0,0.000000,0,true,converged,58.150424,57.351625,0.242723,28.932252,28.001604
T1_preference_only_s20_g0p0_r1,1,T1_preference_only,extension,210001,9,51,80.0,20.0,0.0,false,2087,0,58.914269,0.000000,2,0,0.000000,0,true,converged,58.557750,59.264706,0.263464,28.497010,28.440564
T1_preference_only_s20_g0p0_r2,2,T1_preference_only,extension,210002,9,51,80.0,20.0,0.0,false,2103,0,57.786282,0.000000,1,0,0.000000,0,true,converged,56.768164,58.757550,0.221603,28.139857,28.956391
T1_preference_only_s20_g0p0_r3,3,T1_preference_only,extension,210003,10,51,80.0,20.0,0.0,false,2078,0,57.374344,0.000000,1,0,0.000000,0,true,converged,58.226731,56.486445,0.244479,27.928254,29.205508
T1_preference_only_s20_g0p0_r4,4,T1_preference_only,extension,210004,8,51,80.0,20.0,0.0,false,2079,0,60.619668,0.000000,1,0,0.000000,0,true,converged,60.935412,60.298778,0.288021,29.569574,28.088429
T1_preference_only_s20_g0p0_r5,5,T1_preference_only,extension,210005,9,51,80.0,20.0,0.0,false,2097,0,57.241888,0.000000,1,0,0.000000,0,true,converged,57.844991,56.621278,0.246814,28.003387,29.060964
T1_preference_only_s20_g0p0_r6,6,T1_preference_only,extension,210006,7,51,80.0,20.0,0.0,false,2082,0,58.110544,0.000000,1,0,0.000000,0,true,converged,57.990661,58.229744,0.227319,28.331363,28.429122
T1_preference_only_s20_g0p0_r7,7,T1_preference_only,extension,210007,7,51,80.0,20.0,0.0,false,2065,0,59.525980,0.000000,1,0,0.000000,0,true,converged,59.090909,59.951894,0.257815,28.094413,28.833600
T1_preference_only_s20_g0p0_r8,8,T1_preference_only,extension,210008,7,51,80.0,20.0,0.0,false,2037,0,58.811572,0.000000,1,0,0.000000,0,true,converged,58.506616,59.112077,0.272468,29.044468,28.105348
T1_preference_only_s20_g0p0_r9,9,T1_preference_only,extension,210009,8,51,80.0,20.0,0.0,false,2068,0,56.053269,0.000000,1,0,0.000000,0,true,converged,56.066566,56.039964,0.233370,28.387483,28.840831
T1_preference_only_s20_g0p0_r10,10,T1_preference_only,extension,210010,6,51,80.0,20.0,0.0,false,2107,0,56.262834,0.000000,2,0,0.000000,0,true,converged,54.927449,57.521368,0.254101,28.141048,28.713333
T1_preference_only_s20_g0p0_r11,11,T1_preference_only,extension,210011,6,51,80.0,20.0,0.0,false,2074,0,56.133997,0.000000,2,0,0.000000,0,true,converged,56.410256,55.854214,0.201031,28.994945,28.613963
T1_preference_only_s20_g0p0_r12,12,T1_preference_only,extension,210012,9,51,80.0,20.0,0.0,false,2034,0,58.300613,0.000000,1,0,0.000000,0,true,converged,56.310680,60.117170,0.276659,28.238149,28.891259
T1_preference_only_s20_g0p0_r13,13,T1_preference_only,extension,210013,7,51,80.0,20.0,0.0,false,2091,0,56.627043,0.000000,1,0,0.000000,0,true,converged,56.387270,56.864194,0.238698,28.481652,28.597659
T1_preference_only_s20_g0p0_r14,14,T1_preference_only,extension,210014,6,51,80.0,20.0,0.0,false,2073,0,57.235552,0.000000,3,0,0.000000,0,true,converged,57.902555,56.547071,0.242808,28.564551,28.586173
T1_preference_only_s20_g0p0_r15,15,T1_preference_only,extension,210015,6,51,80.0,20.0,0.0,false,2051,0,57.891482,0.000000,1,0,0.000000,0,true,converged,58.118081,57.662418,0.237198,28.864612,28.224374
T1_preference_only_s20_g0p0_r16,16,T1_preference_only,extension,210016,6,51,80.0,20.0,0.0,false,2082,0,58.419553,0.000000,1,0,0.000000,0,true,converged,58.181270,58.655136,0.271517,28.413196,28.168008
T1_preference_only_s20_g0p0_r17,17,T1_preference_only,extension,210017,5,51,80.0,20.0,0.0,false,2049,0,59.017413,0.000000,6,0,0.000000,0,true,converged,58.553459,59.471095,0.222850,28.561706,28.347005
T1_preference_only_s20_g0p0_r18,18,T1_preference_only,extension,210018,7,51,80.0,20.0,0.0,false,2098,0,57.488922,0.000000,2,0,0.000000,0,true,converged,57.751028,57.223543,0.256056,27.997029,29.181751
T1_preference_only_s20_g0p0_r19,19,T1_preference_only,extension,210019,7,51,80.0,20.0,0.0,false,2067,0,57.327455,0.000000,2,0,0.000000,0,true,converged,57.151580,57.501893,0.229678,28.256503,28.732290
T1_preference_only_s20_g0p0_r20,20,T1_preference_only,extension,210020,7,51,80.0,20.0,0.0,false,2065,0,58.982173,0.000000,1,0,0.000000,0,true,converged,58.963415,59.000914,0.243249,29.062703,27.698858
T1_preference_only_s20_g0p0_r21,21,T1_preference_only,extension,210021,7,51,80.0,20.0,0.0,false,2041,0,58.373578,0.000000,1,0,0.000000,0,true,converged,59.317905,57.384370,0.236175,28.297788,27.849235
T1_preference_only_s20_g0p0_r22,22,T1_preference_only,extension,210022,5,51,80.0,20.0,0.0,false,2077,0,58.604091,0.000000,4,0,0.000000,0,true,converged,58.403869,58.802395,0.262103,28.977363,27.438211
T1_preference_only_s20_g0p0_r23,23,T1_preference_only,extension,210023,6,51,80.0,20.0,0.0,false,2076,0,59.167672,0.000000,2,0,0.000000,0,true,converged,58.555249,59.762259,0.240408,28.416904,28.545702
T1_preference_only_s20_g0p0_r24,24,T1_preference_only,extension,210024,6,51,80.0,20.0,0.0,false,2071,0,57.229372,0.000000,2,0,0.000000,0,true,converged,57.060344,57.397074,0.228936,27.552041,28.686494
T1_preference_only_s20_g0p0_r25,25,T1_preference_only,extension,210025,8,51,80.0,20.0,0.0,false,2044,0,57.506598,0.000000,1,0,0.000000,0,true,converged,56.917992,58.079338,0.260180,29.041202,28.146256
T1_preference_only_s20_g0p0_r26,26,T1_preference_only,extension,210026,9,51,80.0,20.0,0.0,false,2094,0,57.054401,0.000000,1,0,0.000000,0,true,converged,56.889152,57.218387,0.224693,27.949404,29.266194
T1_preference_only_s20_g0p0_r27,27,T1_preference_only,extension,210027,8,51,80.0,20.0,0.0,false,2069,0,57.742424,0.000000,2,0,0.000000,0,true,converged,57.671877,57.812736,0.245002,28.183892,28.812298
T1_preference_only_s20_g0p0_r28,28,T1_preference_only,extension,210028,6,51,80.0,20.0,0.0,false,2112,0,57.978801,0.000000,1,0,0.000000,0,true,converged,58.094411,57.862551,0.264811,28.769848,27.953411
T1_preference_only_s20_g0p0_r29,29,T1_preference_only,extension,210029,9,51,80.0,20.0,0.0,false,2114,0,59.124404,0.000000,1,0,0.000000,0,true,converged,59.626088,58.610095,0.261306,28.328203,28.029933
T1_preference_only_s25_g0p0_r0,0,T1_preference_only,extension,260000,7,51,80.0,25.0,0.0,false,2058,0,58.663629,0.000000,2,0,0.000000,0,true,converged,58.225905,59.092275,0.245147,28.197430,29.089380
T1_preference_only_s25_g0p0_r1,1,T1_preference_only,extension,260001,10,51,80.0,25.0,0.0,false,2076,0,58.229167,0.000000,1,0,0.000000,0,true,converged,58.309817,58.148203,0.236959,28.818712,28.303486
T1_preference_only_s25_g0p0_r2,2,T1_preference_only,extension,260002,7,51,80.0,25.0,0.0,false,2121,0,59.871152,0.000000,2,0,0.000000,0,true,converged,59.905593,59.836653,0.263164,29.023455,27.907103
T1_preference_only_s25_g0p0_r3,3,T1_preference_only,extension,260003,7,51,80.0,25.0,0.0,false,2068,0,59.194712,0.000000,1,0,0.000000,0,true,converged,60.035315,58.317986,0.252892,29.112652,28.423498
T1_preference_only_s25_g0p0_r4,4,T1_preference_only,extension,260004,10,51,80.0,25.0,0.0,false,2077,0,61.121915,0.000000,1,0,0.000000,0,true,converged,60.793483,61.444889,0.277266,28.778071,27.866191
T1_preference_only_s25_g0p0_r5,5,T1_preference_only,extension,260005,7,51,80.0,25.0,0.0,false,2061,0,58.826192,0.000000,1,0,0.000000,0,true,converged,58.405731,59.238237,0.268525,28.391700,29.220849
T1_preference_only_s25_g0p0_r6,6,T1_preference_only,extension,260006,5,51,80.0,25.0,0.0,false,2100,0,59.959112,0.000000,6,0,0.000000,0,true,converged,60.839760,59.037944,0.267391,27.789783,29.102164
T1_preference_only_s25_g0p0_r7,7,T1_preference_only,extension,260007,7,51,80.0,25.0,0.0,false,2107,0,60.147976,0.000000,2,0,0.000000,0,true,converged,59.774491,60.514590,0.268169,28.495853,28.131471
T1_preference_only_s25_g0p0_r8,8,T1_preference_only,extension,260008,7,51,80.0,25.0,0.0,false,2056,0,58.895613,0.000000,2,0,0.000000,0,true,converged,57.751516,59.979378,0.220229,28.077267,28.532526
T1_preference_only_s25_g0p0_r9,9,T1_preference_only,extension,260009,7,51,80.0,25.0,0.0,false,2085,0,60.531000,0.000000,1,0,0.000000,0,true,converged,60.003006,61.045235,0.289972,28.204135,28.901381
T1_preference_only_s25_g0p0_r10,10,T1_preference_only,extension,260010,9,51,80.0,25.0,0.0,false,2073,0,59.602451,0.000000,2,0,0.000000,0,true,converged,57.929961,61.147046,0.265763,28.822505,28.410177
T1_preference_only_s25_g0p0_r11,11,T1_preference_only,extension,260011,6,51,80.0,25.0,0.0,false,2080,0,60.184634,0.000000,4,0,0.000000,0,true,converged,58.975146,61.324848,0.273260,28.564149,28.271132
T1_preference_only_s25_g0p0_r12,12,T1_preference_only,extension,260012,8,51,80.0,25.0,0.0,false,2085,0,58.355477,0.000000,1,0,0.000000,0,true,converged,59.625018,57.003506,0.259831,28.629563,28.314944
T1_preference_only_s25_g0p0_r13,13,T1_preference_only,extension,260013,5,51,80.0,25.0,0.0,false,2092,0,59.979363,0.000000,6,0,0.000000,0,true,converged,60.138012,59.819446,0.264530,28.893153,28.588561
T1_preference_only_s25_g0p0_r14,14,T1_preference_only,extension,260014,8,51,80.0,25.0,0.0,false,2078,0,59.555423,0.000000,2,0,0.000000,0,true,converged,59.651734,59.458651,0.252410,28.561188,28.650789
T1_preference_only_s25_g0p0_r15,15,T1_preference_only,extension,260015,9,51,80.0,25.0,0.0,false,2091,0,58.781310,0.000000,1,0,0.000000,0,true,converged,58.544490,59.015438,0.274106,29.303048,28.531585
T1_preference_only_s25_g0p0_r16,16,T1_preference_only,extension,260016,8,51,80.0,25.0,0.0,false,2091,0,60.394737,0.000000,1,0,0.000000,0,true,converged,59.645464,61.116693,0.261415,28.943764,28.387452
T1_preference_only_s25_g0p0_r17,17,T1_preference_only,extension,260017,9,51,80.0,25.0,0.0,false,2101,0,60.678263,0.000000,1,0,0.000000,0,true,converged,60.764294,60.591855,0.275580,27.702324,29.358970
T1_preference_only_s25_g0p0_r18,18,T1_preference_only,extension,260018,7,51,80.0,25.0,0.0,false,2094,0,59.206093,0.000000,1,0,0.000000,0,true,converged,58.513332,59.876099,0.279590,29.266487,27.917107
T1_preference_only_s25_g0p0_r19,19,T1_preference_only,extension,260019,7,51,80.0,25.0,0.0,false,2107,0,59.792028,0.000000,2,0,0.000000,0,true,converged,59.803638,59.780410,0.262879,27.938568,29.335923
T1_preference_only_s25_g0p0_r20,20,T1_preference_only,extension,260020,10,51,80.0,25.0,0.0,false,2069,0,60.673988,0.000000,1,0,0.000000,0,true,converged,60.285627,61.054827,0.305491,28.486918,28.619622
T1_preference_only_s25_g0p0_r21,21,T1_preference_only,extension,260021,4,51,80.0,25.0,0.0,false,2099,0,58.351568,0.000000,11,0,0.000000,0,true,converged,58.082514,58.617191,0.248590,28.975884,28.380534
T1_preference_only_s25_g0p0_r22,22,T1_preference_only,extension,260022,10,51,80.0,25.0,0.0,false,2083,0,59.267464,0.000000,1,0,0.000000,0,true,converged,58.463855,60.040568,0.284580,28.319732,28.492815
T1_preference_only_s25_g0p0_r23,23,T1_preference_only,extension,260023,7,51,80.0,25.0,0.0,false,2100,0,59.252227,0.000000,1,0,0.000000,0,true,converged,59.162763,59.341300,0.256285,28.430439,28.219893
T1_preference_only_s25_g0p0_r24,24,T1_preference_only,extension,260024,9,51,80.0,25.0,0.0,false,2081,0,60.121879,0.000000,1,0,0.000000,0,true,converged,60.222387,60.020861,0.286172,28.238818,28.873325
T1_preference_only_s25_g0p0_r25,25,T1_preference_only,extension,260025,7,51,80.0,25.0,0.0,false,2070,0,59.739871,0.000000,1,0,0.000000,0,true,converged,61.033136,58.357817,0.293763,28.220810,29.092801
T1_preference_only_s25_g0p0_r26,26,T1_preference_only,extension,260026,7,51,80.0,25.0,0.0,false,2108,0,59.011164,0.000000,1,0,0.000000,0,true,converged,58.530145,59.481152,0.252630,27.964227,28.840072
T1_preference_only_s25_g0p0_r27,27,T1_preference_only,extension,260027,12,51,80.0,25.0,0.0,false,2092,0,59.360798,0.000000,1,0,0.000000,0,true,converged,60.456491,58.202654,0.264119,28.311613,28.224038
T1_preference_only_s25_g0p0_r28,28,T1_preference_only,extension,260028,7,51,80.0,25.0,0.0,false,2074,0,58.883401,0.000000,2,0,0.000000,0,true,converged,59.405941,58.347233,0.247239,27.974713,29.163650
T1_preference_only_s25_g0p0_r29,29,T1_preference_only,extension,260029,8,51,80.0,25.0,0.0,false,2063,0,58.319505,0.000000,1,0,0.000000,0,true,converged,58.742721,57.887517,0.239963,29.182247,27.775869
T1_preference_only_s30_g0p0_r0,0,T1_preference_only,extension,310000,15,51,80.0,30.0,0.0,false,2080,0,71.507628,0.000000,1,0,0.000000,0,true,converged,71.331828,71.681284,0.362127,28.778537,28.346336
T1_preference_only_s30_g0p0_r1,1,T1_preference_only,extension,310001,16,51,80.0,30.0,0.0,false,2068,0,72.000609,0.000000,1,0,0.000000,0,true,converged,72.207949,71.790152,0.383330,27.685221,29.536652
T1_preference_only_s30_g0p0_r2,2,T1_preference_only,extension,310002,20,51,80.0,30.0,0.0,false,2121,0,73.425566,0.000000,1,0,0.000000,0,true,converged,73.452347,73.398731,0.361750,28.137997,28.809012
T1_preference_only_s30_g0p0_r3,3,T1_preference_only,extension,310003,15,51,80.0,30.0,0.0,false,2065,0,72.295555,0.000000,1,0,0.000000,0,true,converged,72.615477,71.968069,0.384567,28.078753,28.529799
T1_preference_only_s30_g0p0_r4,4,T1_preference_only,extension,310004,12,51,80.0,30.0,0.0,false,2072,0,72.829729,0.000000,2,0,0.000000,0,true,converged,72.755040,72.904010,0.333624,28.309636,28.607095
T1_preference_only_s30_g0p0_r5,5,T1_preference_only,extension,310005,10,51,80.0,30.0,0.0,false,2082,0,73.016349,0.000000,3,0,0.000000,0,true,converged,73.786974,72.199042,0.384919,28.936084,28.289452
T1_preference_only_s30_g0p0_r6,6,T1_preference_only,extension,310006,13,51,80.0,30.0,0.0,false,2079,0,72.799759,0.000000,1,0,0.000000,0,true,converged,72.447425,73.143197,0.374944,29.823249,27.070552
T1_preference_only_s30_g0p0_r7,7,T1_preference_only,extension,310007,12,51,80.0,30.0,0.0,false,2065,0,72.128894,0.000000,1,0,0.000000,0,true,converged,71.840765,72.411187,0.394741,29.637178,27.802206
T1_preference_only_s30_g0p0_r8,8,T1_preference_only,extension,310008,15,51,80.0,30.0,0.0,false,2056,0,72.319508,0.000000,1,0,0.000000,0,true,converged,72.688694,71.940206,0.385524,28.933432,28.578984
T1_preference_only_s30_g0p0_r9,9,T1_preference_only,extension,310009,15,51,80.0,30.0,0.0,false,2069,0,73.827947,0.000000,1,0,0.000000,0,true,converged,73.498233,74.149558,0.404616,27.933873,28.950335
T1_preference_only_s30_g0p0_r10,10,T1_preference_only,extension,310010,15,51,80.0,30.0,0.0,false,2051,0,71.325338,0.000000,2,0,0.000000,0,true,converged,71.789442,70.845709,0.341054,29.287275,27.984905
T1_preference_only_s30_g0p0_r11,11,T1_preference_only,extension,310011,15,51,80.0,30.0,0.0,false,2100,0,72.454559,0.000000,1,0,0.000000,0,true,converged,73.117969,71.757576,0.360135,28.751804,27.989583
T1_preference_only_s30_g0p0_r12,12,T1_preference_only,extension,310012,12,51,80.0,30.0,0.0,false,2072,0,72.610211,0.000000,1,0,0.000000,0,true,converged,72.982666,72.227343,0.376454,28.491318,28.554724
T1_preference_only_s30_g0p0_r13,13,T1_preference_only,extension,310013,16,51,80.0,30.0,0.0,false,2089,0,73.642719,0.000000,1,0,0.000000,0,true,converged,73.599523,73.685774,0.409644,28.396028,28.610097
T1_preference_only_s30_g0p0_r14,14,T1_preference_only,extension,310014,15,51,80.0,30.0,0.0,false,2079,0,71.770335,0.000000,1,0,0.000000,0,true,converged,72.259771,71.263318,0.339201,28.120395,28.662965
T1_preference_only_s30_g0p0_r15,15,T1_preference_only,extension,310015,12,51,80.0,30.0,0.0,false,2080,0,74.007166,0.000000,2,0,0.000000,0,true,converged,73.948825,74.065247,0.377781,27.903215,29.980611
T1_preference_only_s30_g0p0_r16,16,T1_preference_only,extension,310016,17,51,80.0,30.0,0.0,false,2073,0,73.541446,0.000000,1,0,0.000000,0,true,converged,72.980501,74.079572,0.430747,28.169885,28.506996
T1_preference_only_s30_g0p0_r17,17,T1_preference_only,extension,310017,9,51,80.0,30.0,0.0,false,2063,0,72.746748,0.000000,4,0,0.000000,0,true,converged,72.896058,72.595784,0.324461,28.737309,28.313036
T1_preference_only_s30_g0p0_r18,18,T1_preference_only,extension,310018,11,51,80.0,30.0,0.0,false,2085,0,73.190789,0.000000,2,0,0.000000,0,true,converged,72.721740,73.643981,0.366443,28.369378,28.912064
T1_preference_only_s30_g0p0_r19,19,T1_preference_only,extension,310019,13,51,80.0,30.0,0.0,false,2120,0,72.910954,0.000000,1,0,0.000000,0,true,converged,72.934391,72.887477,0.383266,28.225632,28.692742
T1_preference_only_s30_g0p0_r20,20,T1_preference_only,extension,310020,18,51,80.0,30.0,0.0,false,2103,0,74.045802,0.000000,1,0,0.000000,0,true,converged,73.651267,74.428695,0.373681,29.250473,27.608560
T1_preference_only_s30_g0p0_r21,21,T1_preference_only,extension,310021,11,51,80.0,30.0,0.0,false,2110,0,72.108250,0.000000,1,0,0.000000,0,true,converged,71.306691,72.866242,0.334406,28.737507,28.519828
T1_preference_only_s30_g0p0_r22,22,T1_preference_only,extension,310022,11,51,80.0,30.0,0.0,false,2046,0,73.466543,0.000000,3,0,0.000000,0,true,converged,73.593341,73.338521,0.367571,28.663568,28.298877
T1_preference_only_s30_g0p0_r23,23,T1_preference_only,extension,310023,22,51,80.0,30.0,0.0,false,2080,0,71.541798,0.000000,1,0,0.000000,0,true,converged,70.906589,72.149861,0.317550,28.389796,28.364479
T1_preference_only_s30_g0p0_r24,24,T1_preference_only,extension,310024,12,51,80.0,30.0,0.0,false,2053,0,71.731449,0.000000,1,0,0.000000,0,true,converged,72.019465,71.437442,0.319994,28.450851,28.392648
T1_preference_only_s30_g0p0_r25,25,T1_preference_only,extension,310025,15,51,80.0,30.0,0.0,false,2118,0,71.834251,0.000000,1,0,0.000000,0,true,converged,72.188841,71.470502,0.330632,28.638158,28.713727
T1_preference_only_s30_g0p0_r26,26,T1_preference_only,extension,310026,12,51,80.0,30.0,0.0,false,2060,0,74.574452,0.000000,1,0,0.000000,0,true,converged,74.871173,74.270639,0.367230,28.028675,28.763534
T1_preference_only_s30_g0p0_r27,27,T1_preference_only,extension,310027,13,51,80.0,30.0,0.0,false,2063,0,70.135609,0.000000,1,0,0.000000,0,true,converged,69.346262,70.885324,0.345693,28.035961,28.705490
T1_preference_only_s30_g0p0_r28,28,T1_preference_only,extension,310028,14,51,80.0,30.0,0.0,false,2065,0,73.859997,0.000000,1,0,0.000000,0,true,converged,74.448420,73.243834,0.341609,27.729666,28.877943
T1_preference_only_s30_g0p0_r29,29,T1_preference_only,extension,310029,9,51,80.0,30.0,0.0,false,2052,0,73.074544,0.000000,1,0,0.000000,0,true,converged,72.885843,73.260636,0.372916,28.370826,28.124457
T1_preference_only_s35_g0p0_r0,0,T1_preference_only,extension,360000,12,51,80.0,35.0,0.0,false,2036,0,78.288456,0.000000,4,0,0.000000,0,true,converged,78.713397,77.846202,0.410714,29.126479,28.495817
T1_preference_only_s35_g0p0_r1,1,T1_preference_only,extension,360001,15,51,80.0,35.0,0.0,false,2097,0,76.916300,0.000000,1,0,0.000000,0,true,converged,76.123937,77.657760,0.378976,29.398858,27.995718
T1_preference_only_s35_g0p0_r2,2,T1_preference_only,extension,360002,10,51,80.0,35.0,0.0,false,2118,0,75.951731,0.000000,4,0,0.000000,0,true,converged,76.187767,75.710969,0.382620,28.317132,28.971805
T1_preference_only_s35_g0p0_r3,3,T1_preference_only,extension,360003,13,51,80.0,35.0,0.0,false,2089,0,79.127497,0.000000,1,0,0.000000,0,true,converged,78.851019,79.396839,0.466914,28.128634,28.281749
T1_preference_only_s35_g0p0_r4,4,T1_preference_only,extension,360004,13,51,80.0,35.0,0.0,false,2095,0,76.692936,0.000000,1,0,0.000000,0,true,converged,76.891911,76.490505,0.381471,28.559719,28.797745
T1_preference_only_s35_g0p0_r5,5,T1_preference_only,extension,360005,11,51,80.0,35.0,0.0,false,2084,0,76.328287,0.000000,6,0,0.000000,0,true,converged,76.499190,76.154881,0.398376,28.071270,28.917691
T1_preference_only_s35_g0p0_r6,6,T1_preference_only,extension,360006,15,51,80.0,35.0,0.0,false,2104,0,76.193922,0.000000,1,0,0.000000,0,true,converged,76.086641,76.300245,0.426625,28.208579,28.811285
T1_preference_only_s35_g0p0_r7,7,T1_preference_only,extension,360007,19,51,80.0,35.0,0.0,false,2099,0,77.236842,0.000000,1,0,0.000000,0,true,converged,77.139921,77.332945,0.404462,29.019611,28.234883
T1_preference_only_s35_g0p0_r8,8,T1_preference_only,extension,360008,15,51,80.0,35.0,0.0,false,2076,0,77.525742,0.000000,1,0,0.000000,0,true,converged,78.014599,77.014652,0.413612,29.489573,28.216859
T1_preference_only_s35_g0p0_r9,9,T1_preference_only,extension,360009,15,51,80.0,35.0,0.0,false,2062,0,77.528431,0.000000,1,0,0.000000,0,true,converged,77.860771,77.185961,0.421120,28.474353,28.500165
T1_preference_only_s35_g0p0_r10,10,T1_preference_only,extension,360010,13,51,80.0,35.0,0.0,false,2145,0,76.594557,0.000000,1,0,0.000000,0,true,converged,76.620661,76.568395,0.359605,29.142027,28.535538
T1_preference_only_s35_g0p0_r11,11,T1_preference_only,extension,360011,12,51,80.0,35.0,0.0,false,2053,0,76.557954,0.000000,2,0,0.000000,0,true,converged,76.074387,77.022362,0.410141,29.099078,28.870342
T1_preference_only_s35_g0p0_r12,12,T1_preference_only,extension,360012,17,51,80.0,35.0,0.0,false,2067,0,77.824710,0.000000,1,0,0.000000,0,true,converged,78.292971,77.335800,0.415281,27.805740,29.041076
T1_preference_only_s35_g0p0_r13,13,T1_preference_only,extension,360013,12,51,80.0,35.0,0.0,false,2084,0,76.036116,0.000000,1,0,0.000000,0,true,converged,75.480842,76.566797,0.361939,29.267695,27.810667
T1_preference_only_s35_g0p0_r14,14,T1_preference_only,extension,360014,20,51,80.0,35.0,0.0,false,2078,0,78.342525,0.000000,1,0,0.000000,0,true,converged,78.186458,78.496374,0.436700,27.880021,29.348372
T1_preference_only_s35_g0p0_r15,15,T1_preference_only,extension,360015,12,51,80.0,35.0,0.0,false,2081,0,76.803816,0.000000,3,0,0.000000,0,true,converged,76.287717,77.297928,0.413353,28.986730,29.010578
T1_preference_only_s35_g0p0_r16,16,T1_preference_only,extension,360016,10,51,80.0,35.0,0.0,false,2126,0,77.720798,0.000000,1,0,0.000000,0,true,converged,77.300435,78.125874,0.449626,28.061931,28.508768
T1_preference_only_s35_g0p0_r17,17,T1_preference_only,extension,360017,13,51,80.0,35.0,0.0,false,2017,0,78.807947,0.000000,1,0,0.000000,0,true,converged,78.625954,78.986867,0.445204,29.006859,28.270501
T1_preference_only_s35_g0p0_r18,18,T1_preference_only,extension,360018,12,51,80.0,35.0,0.0,false,2028,0,76.771963,0.000000,1,0,0.000000,0,true,converged,77.198396,76.329276,0.419458,27.606419,29.387116
T1_preference_only_s35_g0p0_r19,19,T1_preference_only,extension,360019,15,51,80.0,35.0,0.0,false,2080,0,76.064066,0.000000,1,0,0.000000,0,true,converged,75.881650,76.243744,0.388233,29.617749,28.132056
T1_preference_only_s35_g0p0_r20,20,T1_preference_only,extension,360020,22,51,80.0,35.0,0.0,false,2085,0,78.414489,0.000000,3,0,0.000000,0,true,converged,78.598764,78.227014,0.411993,28.411308,28.586704
T1_preference_only_s35_g0p0_r21,21,T1_preference_only,extension,360021,20,51,80.0,35.0,0.0,false,2093,0,76.644157,0.000000,2,0,0.000000,0,true,converged,76.257275,77.018634,0.430300,30.163756,27.485496
T1_preference_only_s35_g0p0_r22,22,T1_preference_only,extension,360022,12,51,80.0,35.0,0.0,false,2027,0,78.992648,0.000000,3,0,0.000000,0,true,converged,79.322556,78.652043,0.472680,28.406211,28.188959
T1_preference_only_s35_g0p0_r23,23,T1_preference_only,extension,360023,11,51,80.0,35.0,0.0,false,2110,0,76.651728,0.000000,3,0,0.000000,0,true,converged,76.951620,76.343929,0.425228,29.099848,28.198996
T1_preference_only_s35_g0p0_r24,24,T1_preference_only,extension,360024,14,51,80.0,35.0,0.0,false,2066,0,79.355519,0.000000,1,0,0.000000,0,true,converged,79.411323,79.299411,0.472463,28.416099,28.362355
T1_preference_only_s35_g0p0_r25,25,T1_preference_only,extension,360025,11,51,80.0,35.0,0.0,false,2102,0,76.507337,0.000000,1,0,0.000000,0,true,converged,77.041034,75.948237,0.414270,27.961931,29.060194
T1_preference_only_s35_g0p0_r26,26,T1_preference_only,extension,360026,13,51,80.0,35.0,0.0,false,2098,0,78.147442,0.000000,3,0,0.000000,0,true,converged,78.160246,78.134624,0.442606,29.057422,27.874645
T1_preference_only_s35_g0p0_r27,27,T1_preference_only,extension,360027,14,51,80.0,35.0,0.0,false,2098,0,77.231490,0.000000,1,0,0.000000,0,true,converged,77.157957,77.304551,0.405306,27.096104,30.047745
T1_preference_only_s35_g0p0_r28,28,T1_preference_only,extension,360028,11,51,80.0,35.0,0.0,false,2098,0,78.454092,0.000000,4,0,0.000000,0,true,converged,78.149636,78.750181,0.448575,28.403344,29.074256
T1_preference_only_s35_g0p0_r29,29,T1_preference_only,extension,360029,15,51,80.0,35.0,0.0,false,2048,0,78.290781,0.000000,2,0,0.000000,0,true,converged,78.646617,77.922886,0.444844,28.656247,28.323012
T1_preference_only_s40_g0p0_r0,0,T1_preference_only,extension,410000,21,51,80.0,40.0,0.0,false,2061,0,80.503817,0.000000,1,0,0.000000,0,true,converged,80.954512,80.031274,0.461363,27.889926,29.209779
T1_preference_only_s40_g0p0_r1,1,T1_preference_only,extension,410001,23,51,80.0,40.0,0.0,false,2088,0,81.684710,0.000000,1,0,0.000000,0,true,converged,81.999708,81.358491,0.468076,28.204465,28.935963
T1_preference_only_s40_g0p0_r2,2,T1_preference_only,extension,410002,12,51,80.0,40.0,0.0,false,2076,0,80.677560,0.000000,1,0,0.000000,0,true,converged,80.741073,80.613626,0.404831,28.554296,28.355771
T1_preference_only_s40_g0p0_r3,3,T1_preference_only,extension,410003,15,51,80.0,40.0,0.0,false,2075,0,81.036036,0.000000,1,0,0.000000,0,true,converged,80.439833,81.596969,0.445700,27.938045,29.213611
T1_preference_only_s40_g0p0_r4,4,T1_preference_only,extension,410004,13,51,80.0,40.0,0.0,false,2109,0,79.619407,0.000000,1,0,0.000000,0,true,converged,79.050321,80.158393,0.426189,27.504065,29.696120
T1_preference_only_s40_g0p0_r5,5,T1_preference_only,extension,410005,21,51,80.0,40.0,0.0,false,2099,0,80.425532,0.000000,1,0,0.000000,0,true,converged,80.959178,79.861111,0.412115,27.575832,29.757930
T1_preference_only_s40_g0p0_r6,6,T1_preference_only,extension,410006,19,51,80.0,40.0,0.0,false,2042,0,81.060016,0.000000,1,0,0.000000,0,true,converged,81.548975,80.544436,0.447345,28.921848,27.801878
T1_preference_only_s40_g0p0_r7,7,T1_preference_only,extension,410007,13,51,80.0,40.0,0.0,false,2087,0,80.356347,0.000000,1,0,0.000000,0,true,converged,80.114234,80.592636,0.401200,28.392019,28.753403
T1_preference_only_s40_g0p0_r8,8,T1_preference_only,extension,410008,13,51,80.0,40.0,0.0,false,2085,0,82.951014,0.000000,1,0,0.000000,0,true,converged,83.888112,81.898177,0.504368,27.989760,29.020810
T1_preference_only_s40_g0p0_r9,9,T1_preference_only,extension,410009,21,51,80.0,40.0,0.0,false,2092,0,80.322295,0.000000,1,0,0.000000,0,true,converged,81.085690,79.494685,0.427853,29.328447,27.698978
T1_preference_only_s40_g0p0_r10,10,T1_preference_only,extension,410010,18,51,80.0,40.0,0.0,false,2076,0,81.204134,0.000000,1,0,0.000000,0,true,converged,80.889295,81.508767,0.490229,26.728172,29.800242
T1_preference_only_s40_g0p0_r11,11,T1_preference_only,extension,410011,16,51,80.0,40.0,0.0,false,2087,0,80.622683,0.000000,2,0,0.000000,0,true,converged,80.838587,80.401859,0.429231,29.346771,27.944095
T1_preference_only_s40_g0p0_r12,12,T1_preference_only,extension,410012,17,51,80.0,40.0,0.0,false,2069,0,80.579448,0.000000,1,0,0.000000,0,true,converged,80.614550,80.544218,0.451918,28.991880,28.105358
T1_preference_only_s40_g0p0_r13,13,T1_preference_only,extension,410013,15,51,80.0,40.0,0.0,false,2051,0,79.910988,0.000000,1,0,0.000000,0,true,converged,79.408526,80.389513,0.399629,28.037082,28.766411
T1_preference_only_s40_g0p0_r14,14,T1_preference_only,extension,410014,15,51,80.0,40.0,0.0,false,2088,0,82.295374,0.000000,1,0,0.000000,0,true,converged,82.487533,82.098951,0.492137,26.909398,30.413846
T1_preference_only_s40_g0p0_r15,15,T1_preference_only,extension,410015,11,51,80.0,40.0,0.0,false,2101,0,80.773188,0.000000,6,0,0.000000,0,true,converged,81.346264,80.163785,0.487099,29.064146,27.816943
T1_preference_only_s40_g0p0_r16,16,T1_preference_only,extension,410016,12,51,80.0,40.0,0.0,false,2085,0,79.736803,0.000000,1,0,0.000000,0,true,converged,79.803249,79.669917,0.440746,27.124949,29.434189
T1_preference_only_s40_g0p0_r17,17,T1_preference_only,extension,410017,13,51,80.0,40.0,0.0,false,2120,0,80.556758,0.000000,1,0,0.000000,0,true,converged,80.170638,80.928127,0.418966,28.298298,29.138230
T1_preference_only_s40_g0p0_r18,18,T1_preference_only,extension,410018,15,51,80.0,40.0,0.0,false,2060,0,79.750494,0.000000,1,0,0.000000,0,true,converged,80.406301,79.049268,0.407564,28.381504,28.560626
T1_preference_only_s40_g0p0_r19,19,T1_preference_only,extension,410019,22,51,80.0,40.0,0.0,false,2086,0,81.642942,0.000000,1,0,0.000000,0,true,converged,81.680971,81.604755,0.471009,29.456999,27.653943
T1_preference_only_s40_g0p0_r20,20,T1_preference_only,extension,410020,16,51,80.0,40.0,0.0,false,2067,0,79.948194,0.000000,1,0,0.000000,0,true,converged,79.803560,80.090772,0.459063,28.900460,27.788514
T1_preference_only_s40_g0p0_r21,21,T1_preference_only,extension,410021,19,51,80.0,40.0,0.0,false,2127,0,81.080696,0.000000,1,0,0.000000,0,true,converged,80.447915,81.673802,0.403232,28.984086,27.230077
T1_preference_only_s40_g0p0_r22,22,T1_preference_only,extension,410022,15,51,80.0,40.0,0.0,false,2100,0,81.327679,0.000000,1,0,0.000000,0,true,converged,81.409230,81.245410,0.438891,27.995101,29.598576
T1_preference_only_s40_g0p0_r23,23,T1_preference_only,extension,410023,15,51,80.0,40.0,0.0,false,2118,0,80.196731,0.000000,1,0,0.000000,0,true,converged,80.168043,80.225336,0.467646,29.259461,27.845036
T1_preference_only_s40_g0p0_r24,24,T1_preference_only,extension,410024,14,51,80.0,40.0,0.0,false,2077,0,80.670878,0.000000,1,0,0.000000,0,true,converged,81.105720,80.215550,0.475585,28.019123,29.226018
T1_preference_only_s40_g0p0_r25,25,T1_preference_only,extension,410025,16,51,80.0,40.0,0.0,false,2094,0,79.561184,0.000000,1,0,0.000000,0,true,converged,79.913169,79.196643,0.422301,29.280091,28.384270
T1_preference_only_s40_g0p0_r26,26,T1_preference_only,extension,410026,21,51,80.0,40.0,0.0,false,2075,0,80.470624,0.000000,1,0,0.000000,0,true,converged,79.535103,81.324351,0.405738,26.839017,29.473193
T1_preference_only_s40_g0p0_r27,27,T1_preference_only,extension,410027,13,51,80.0,40.0,0.0,false,2069,0,80.975389,0.000000,1,0,0.000000,0,true,converged,81.018379,80.932203,0.476104,29.675038,28.394112
T1_preference_only_s40_g0p0_r28,28,T1_preference_only,extension,410028,14,51,80.0,40.0,0.0,false,2096,0,80.986019,0.000000,3,0,0.000000,0,true,converged,80.147511,81.756566,0.447139,28.483201,28.648852
T1_preference_only_s40_g0p0_r29,29,T1_preference_only,extension,410029,16,51,80.0,40.0,0.0,false,2072,0,80.240602,0.000000,1,0,0.000000,0,true,converged,79.938931,80.533333,0.436509,27.983166,29.081399
T1_preference_only_s45_g0p0_r0,0,T1_preference_only,extension,460000,27,51,80.0,45.0,0.0,false,2096,0,86.225976,0.000000,1,0,0.000000,0,true,converged,86.088235,86.361015,0.508435,27.955186,29.387627
T1_preference_only_s45_g0p0_r1,1,T1_preference_only,extension,460001,17,51,80.0,45.0,0.0,false,2085,0,87.149188,0.000000,2,0,0.000000,0,true,converged,87.235915,87.061273,0.525185,28.083060,28.975867
T1_preference_only_s45_g0p0_r2,2,T1_preference_only,extension,460002,25,51,80.0,45.0,0.0,false,2076,0,87.429252,0.000000,2,0,0.000000,0,true,converged,87.503702,87.353911,0.532067,29.031057,27.935469
T1_preference_only_s45_g0p0_r3,3,T1_preference_only,extension,460003,25,51,80.0,45.0,0.0,false,2101,0,87.108977,0.000000,1,0,0.000000,0,true,converged,87.012606,87.203928,0.510785,28.362173,29.116935
T1_preference_only_s45_g0p0_r4,4,T1_preference_only,extension,460004,14,51,80.0,45.0,0.0,false,2109,0,88.056037,0.000000,2,0,0.000000,0,true,converged,87.939332,88.170505,0.582711,28.327145,28.954955
T1_preference_only_s45_g0p0_r5,5,T1_preference_only,extension,460005,17,51,80.0,45.0,0.0,false,2080,0,87.209130,0.000000,2,0,0.000000,0,true,converged,87.032307,87.381196,0.559735,27.483747,29.783348
T1_preference_only_s45_g0p0_r6,6,T1_preference_only,extension,460006,17,51,80.0,45.0,0.0,false,2046,0,87.628078,0.000000,2,0,0.000000,0,true,converged,87.620505,87.635641,0.534815,26.529087,30.322000
T1_preference_only_s45_g0p0_r7,7,T1_preference_only,extension,460007,18,51,80.0,45.0,0.0,false,2105,0,87.565445,0.000000,1,0,0.000000,0,true,converged,87.443090,87.685439,0.531663,29.782612,27.039242
T1_preference_only_s45_g0p0_r8,8,T1_preference_only,extension,460008,16,51,80.0,45.0,0.0,false,2046,0,86.858631,0.000000,2,0,0.000000,0,true,converged,87.201671,86.496695,0.571483,28.899851,29.163949
T1_preference_only_s45_g0p0_r9,9,T1_preference_only,extension,460009,17,51,80.0,45.0,0.0,false,2054,0,87.680608,0.000000,1,0,0.000000,0,true,converged,88.102233,87.228004,0.582640,28.286020,28.593371
T1_preference_only_s45_g0p0_r10,10,T1_preference_only,extension,460010,17,51,80.0,45.0,0.0,false,2118,0,85.988264,0.000000,1,0,0.000000,0,true,converged,85.988264,85.988264,0.471606,28.458859,28.665366
T1_preference_only_s45_g0p0_r11,11,T1_preference_only,extension,460011,18,51,80.0,45.0,0.0,false,2106,0,87.842515,0.000000,1,0,0.000000,0,true,converged,88.034067,87.644731,0.585483,28.339705,29.195270
T1_preference_only_s45_g0p0_r12,12,T1_preference_only,extension,460012,17,51,80.0,45.0,0.0,false,2060,0,87.820805,0.000000,1,0,0.000000,0,true,converged,87.841116,87.800426,0.543175,26.687346,29.917794
T1_preference_only_s45_g0p0_r13,13,T1_preference_only,extension,460013,16,51,80.0,45.0,0.0,false,2055,0,87.041528,0.000000,1,0,0.000000,0,true,converged,87.078737,87.004104,0.525157,28.133940,28.045092
T1_preference_only_s45_g0p0_r14,14,T1_preference_only,extension,460014,22,51,80.0,45.0,0.0,false,2074,0,86.173874,0.000000,1,0,0.000000,0,true,converged,85.871560,86.463522,0.525483,29.221860,28.391885
T1_preference_only_s45_g0p0_r15,15,T1_preference_only,extension,460015,20,51,80.0,45.0,0.0,false,2051,0,86.659552,0.000000,1,0,0.000000,0,true,converged,86.675803,86.643261,0.539771,28.078087,28.787777
T1_preference_only_s45_g0p0_r16,16,T1_preference_only,extension,460016,18,51,80.0,45.0,0.0,false,2092,0,87.092010,0.000000,1,0,0.000000,0,true,converged,87.036488,87.147059,0.545377,27.403300,29.400224
T1_preference_only_s45_g0p0_r17,17,T1_preference_only,extension,460017,15,51,80.0,45.0,0.0,false,2080,0,87.381797,0.000000,2,0,0.000000,0,true,converged,87.130802,87.623188,0.572015,28.380479,28.705051
T1_preference_only_s45_g0p0_r18,18,T1_preference_only,extension,460018,19,51,80.0,45.0,0.0,false,2092,0,86.782787,0.000000,1,0,0.000000,0,true,converged,86.548488,87.009063,0.500342,29.789189,27.897986
T1_preference_only_s45_g0p0_r19,19,T1_preference_only,extension,460019,14,51,80.0,45.0,0.0,false,2092,0,87.525713,0.000000,2,1,0.000478,0,true,converged,87.782415,87.257992,0.558665,28.997829,28.198588
T1_preference_only_s45_g0p0_r20,20,T1_preference_only,extension,460020,16,51,80.0,45.0,0.0,false,2080,0,87.563000,0.000000,1,0,0.000000,0,true,converged,87.153575,87.947134,0.554423,28.234716,28.948369
T1_preference_only_s45_g0p0_r21,21,T1_preference_only,extension,460021,14,51,80.0,45.0,0.0,false,2067,0,86.176781,0.000000,4,0,0.000000,0,true,converged,86.191336,86.162195,0.489207,28.859246,27.948244
T1_preference_only_s45_g0p0_r22,22,T1_preference_only,extension,460022,17,51,80.0,45.0,0.0,false,2091,0,88.036316,0.000000,1,0,0.000000,0,true,converged,88.102519,87.969371,0.596743,29.412497,28.227040
T1_preference_only_s45_g0p0_r23,23,T1_preference_only,extension,460023,20,51,80.0,45.0,0.0,false,2077,0,86.219767,0.000000,2,0,0.000000,0,true,converged,86.396463,86.038421,0.501766,29.191347,28.144663
T1_preference_only_s45_g0p0_r24,24,T1_preference_only,extension,460024,15,51,80.0,45.0,0.0,false,2096,0,86.966720,0.000000,1,0,0.000000,0,true,converged,87.038927,86.893705,0.521945,28.870262,28.564599
T1_preference_only_s45_g0p0_r25,25,T1_preference_only,extension,460025,21,51,80.0,45.0,0.0,false,2090,0,87.387785,0.000000,1,0,0.000000,0,true,converged,87.520023,87.252715,0.555006,27.120708,29.597517
T1_preference_only_s45_g0p0_r26,26,T1_preference_only,extension,460026,19,51,80.0,45.0,0.0,false,2072,0,86.786248,0.000000,1,0,0.000000,0,true,converged,86.445875,87.109945,0.549327,28.018551,28.826681
T1_preference_only_s45_g0p0_r27,27,T1_preference_only,extension,460027,18,51,80.0,45.0,0.0,false,2093,0,85.494955,0.000000,1,0,0.000000,0,true,converged,85.096154,85.872971,0.500584,29.778441,27.655320
T1_preference_only_s45_g0p0_r28,28,T1_preference_only,extension,460028,18,51,80.0,45.0,0.0,false,2082,0,87.701643,0.000000,1,0,0.000000,0,true,converged,87.774018,87.628406,0.575635,28.854361,28.179422
T1_preference_only_s45_g0p0_r29,29,T1_preference_only,extension,460029,17,51,80.0,45.0,0.0,false,2092,0,87.085412,0.000000,2,0,0.000000,0,true,converged,87.352688,86.806597,0.529497,26.794976,30.524177
T1_preference_only_s50_g0p0_r0,0,T1_preference_only,extension,510000,20,51,80.0,50.0,0.0,false,2080,0,86.592095,0.000000,1,0,0.000000,0,true,converged,86.639917,86.543931,0.542342,29.691796,27.647904
T1_preference_only_s50_g0p0_r1,1,T1_preference_only,extension,510001,20,51,80.0,50.0,0.0,false,2085,0,87.663965,0.000000,1,0,0.000000,0,true,converged,87.594486,87.732669,0.537451,28.445968,28.773498
T1_preference_only_s50_g0p0_r2,2,T1_preference_only,extension,510002,19,51,80.0,50.0,0.0,false,2074,0,86.550492,0.000000,1,0,0.000000,0,true,converged,86.480012,86.620240,0.507450,28.661948,28.315702
T1_preference_only_s50_g0p0_r3,3,T1_preference_only,extension,510003,19,51,80.0,50.0,0.0,false,2061,0,88.022957,0.000000,1,0,0.000000,0,true,converged,88.183579,87.857908,0.533062,28.553272,28.706429
T1_preference_only_s50_g0p0_r4,4,T1_preference_only,extension,510004,18,51,80.0,50.0,0.0,false,2088,0,86.153846,0.000000,1,0,0.000000,0,true,converged,85.993775,86.310300,0.491032,28.831146,28.837023
T1_preference_only_s50_g0p0_r5,5,T1_preference_only,extension,510005,23,51,80.0,50.0,0.0,false,2093,0,87.395574,0.000000,1,0,0.000000,0,true,converged,87.404804,87.386330,0.519991,29.233310,28.256591
T1_preference_only_s50_g0p0_r6,6,T1_preference_only,extension,510006,16,51,80.0,50.0,0.0,false,2060,0,86.833333,0.000000,1,0,0.000000,0,true,converged,86.957827,86.706440,0.509630,26.703765,30.725013
T1_preference_only_s50_g0p0_r7,7,T1_preference_only,extension,510007,17,51,80.0,50.0,0.0,false,2106,0,86.906141,0.000000,1,0,0.000000,0,true,converged,87.115165,86.690224,0.470667,28.859249,28.422586
T1_preference_only_s50_g0p0_r8,8,T1_preference_only,extension,510008,19,51,80.0,50.0,0.0,false,2086,0,87.476029,0.000000,1,0,0.000000,0,true,converged,87.494476,87.457527,0.537804,27.684159,29.402248
T1_preference_only_s50_g0p0_r9,9,T1_preference_only,extension,510009,21,51,80.0,50.0,0.0,false,2072,0,85.354589,0.000000,1,0,0.000000,0,true,converged,85.592848,85.108317,0.465931,29.553929,27.039785
T1_preference_only_s50_g0p0_r10,10,T1_preference_only,extension,510010,23,51,80.0,50.0,0.0,false,2111,0,86.527898,0.000000,4,0,0.000000,0,true,converged,86.457425,86.597642,0.560414,27.994160,29.245927
T1_preference_only_s50_g0p0_r11,11,T1_preference_only,extension,510011,20,51,80.0,50.0,0.0,false,2070,0,87.118492,0.000000,1,0,0.000000,0,true,converged,87.250111,86.984127,0.525058,29.188894,28.535146
T1_preference_only_s50_g0p0_r12,12,T1_preference_only,extension,510012,18,51,80.0,50.0,0.0,false,2090,0,86.106221,0.000000,1,0,0.000000,0,true,converged,85.947470,86.261425,0.495753,27.514532,29.727881
T1_preference_only_s50_g0p0_r13,13,T1_preference_only,extension,510013,18,51,80.0,50.0,0.0,false,2066,0,87.284192,0.000000,2,0,0.000000,0,true,converged,87.176382,87.390204,0.538840,28.871002,28.365593
T1_preference_only_s50_g0p0_r14,14,T1_preference_only,extension,510014,15,51,80.0,50.0,0.0,false,2090,0,87.157988,0.000000,3,0,0.000000,0,true,converged,86.933094,87.375271,0.499003,29.305695,27.829181
T1_preference_only_s50_g0p0_r15,15,T1_preference_only,extension,510015,24,51,80.0,50.0,0.0,false,2055,0,87.053096,0.000000,2,0,0.000000,0,true,converged,87.193378,86.909706,0.528381,28.069408,28.723327
T1_preference_only_s50_g0p0_r16,16,T1_preference_only,extension,510016,18,51,80.0,50.0,0.0,false,2062,0,87.201932,0.000000,1,0,0.000000,0,true,converged,87.414663,86.981885,0.508888,28.201452,29.073721
T1_preference_only_s50_g0p0_r17,17,T1_preference_only,extension,510017,24,51,80.0,50.0,0.0,false,2066,0,87.683548,0.000000,1,0,0.000000,0,true,converged,87.694611,87.672466,0.574074,28.397739,28.575356
T1_preference_only_s50_g0p0_r18,18,T1_preference_only,extension,510018,18,51,80.0,50.0,0.0,false,2032,0,87.757952,0.000000,1,0,0.000000,0,true,converged,87.874597,87.639041,0.576494,31.056402,26.976231
T1_preference_only_s50_g0p0_r19,19,T1_preference_only,extension,510019,15,51,80.0,50.0,0.0,false,2088,0,86.494465,0.000000,2,0,0.000000,0,true,converged,86.361604,86.624762,0.480740,27.446367,29.824499
T1_preference_only_s50_g0p0_r20,20,T1_preference_only,extension,510020,24,51,80.0,50.0,0.0,false,2076,0,87.289525,0.000000,1,0,0.000000,0,true,converged,87.472463,87.101164,0.571595,28.576967,28.740785
T1_preference_only_s50_g0p0_r21,21,T1_preference_only,extension,510021,21,51,80.0,50.0,0.0,false,2076,0,87.832417,0.000000,1,0,0.000000,0,true,converged,87.630267,88.028066,0.564811,28.452915,28.431358
T1_preference_only_s50_g0p0_r22,22,T1_preference_only,extension,510022,17,51,80.0,50.0,0.0,false,2095,0,86.818182,0.000000,3,0,0.000000,0,true,converged,86.556004,87.070329,0.514036,29.749832,27.433097
T1_preference_only_s50_g0p0_r23,23,T1_preference_only,extension,510023,20,51,80.0,50.0,0.0,false,2115,0,87.076393,0.000000,1,0,0.000000,0,true,converged,87.493052,86.631016,0.535482,29.589826,27.275454
T1_preference_only_s50_g0p0_r24,24,T1_preference_only,extension,510024,22,51,80.0,50.0,0.0,false,2082,0,87.501853,0.000000,1,0,0.000000,0,true,converged,87.755991,87.236942,0.548254,29.086219,27.282743
T1_preference_only_s50_g0p0_r25,25,T1_preference_only,extension,510025,17,51,80.0,50.0,0.0,false,2060,0,87.068835,0.000000,1,0,0.000000,0,true,converged,87.338194,86.787766,0.485572,28.301043,28.382863
T1_preference_only_s50_g0p0_r26,26,T1_preference_only,extension,510026,22,51,80.0,50.0,0.0,false,2086,0,87.814256,0.000000,1,0,0.000000,0,true,converged,87.605295,88.016289,0.537283,28.995098,28.190003
T1_preference_only_s50_g0p0_r27,27,T1_preference_only,extension,510027,22,51,80.0,50.0,0.0,false,2117,0,87.304075,0.000000,1,0,0.000000,0,true,converged,87.240441,87.367078,0.501915,28.481168,28.556619
T1_preference_only_s50_g0p0_r28,28,T1_preference_only,extension,510028,18,51,80.0,50.0,0.0,false,2094,0,86.427526,0.000000,1,0,0.000000,0,true,converged,86.385666,86.469129,0.498768,29.098409,28.161474
T1_preference_only_s50_g0p0_r29,29,T1_preference_only,extension,510029,19,51,80.0,50.0,0.0,false,2086,0,88.810573,0.000000,1,0,0.000000,0,true,converged,89.363484,88.197026,0.540204,28.111822,29.156613
T1_preference_only_s55_g0p0_r0,0,T1_preference_only,extension,560000,41,51,80.0,55.0,0.0,false,2097,0,93.892909,0.000000,1,0,0.000000,0,true,converged,93.887601,93.898207,0.626017,28.256443,28.989026
T1_preference_only_s55_g0p0_r1,1,T1_preference_only,extension,560001,30,51,80.0,55.0,0.0,false,2068,0,93.619524,0.000000,2,0,0.000000,0,true,converged,93.269231,93.935159,0.652601,32.283542,25.350101
T1_preference_only_s55_g0p0_r2,2,T1_preference_only,extension,560002,39,51,80.0,55.0,0.0,false,2109,0,93.807961,0.000000,1,0,0.000000,0,true,converged,93.807078,93.808845,0.604396,30.619899,27.192390
T1_preference_only_s55_g0p0_r3,3,T1_preference_only,extension,560003,27,51,80.0,55.0,0.0,false,2084,0,94.417653,0.000000,2,0,0.000000,0,true,converged,94.508338,94.323923,0.662320,28.065813,28.810671
T1_preference_only_s55_g0p0_r4,4,T1_preference_only,extension,560004,30,51,80.0,55.0,0.0,false,2034,0,94.313305,0.000000,1,0,0.000000,0,true,converged,94.324614,94.301951,0.630419,28.678409,28.057610
T1_preference_only_s55_g0p0_r5,5,T1_preference_only,extension,560005,27,51,80.0,55.0,0.0,false,2106,0,94.073862,0.000000,1,0,0.000000,0,true,converged,94.253193,93.882979,0.631941,28.849236,27.992964
T1_preference_only_s55_g0p0_r6,6,T1_preference_only,extension,560006,32,51,80.0,55.0,0.0,false,2079,0,93.609242,0.000000,1,0,0.000000,0,true,converged,93.654712,93.563117,0.639315,26.193929,31.176498
T1_preference_only_s55_g0p0_r7,7,T1_preference_only,extension,560007,23,51,80.0,55.0,0.0,false,2089,0,93.988992,0.000000,2,0,0.000000,0,true,converged,94.137590,93.832665,0.668917,27.172478,29.556297
T1_preference_only_s55_g0p0_r8,8,T1_preference_only,extension,560008,26,51,80.0,55.0,0.0,false,2078,0,92.889807,0.000000,1,0,0.000000,0,true,converged,93.222722,92.522495,0.588829,27.965194,28.819150
T1_preference_only_s55_g0p0_r9,9,T1_preference_only,extension,560009,31,51,80.0,55.0,0.0,false,2048,0,94.537246,0.000000,1,0,0.000000,0,true,converged,94.438486,94.632560,0.675120,29.618999,27.808375
T1_preference_only_s55_g0p0_r10,10,T1_preference_only,extension,560010,32,51,80.0,55.0,0.0,false,2059,0,93.386085,0.000000,1,0,0.000000,0,true,converged,93.491994,93.276673,0.601860,29.011149,28.237272
T1_preference_only_s55_g0p0_r11,11,T1_preference_only,extension,560011,22,51,80.0,55.0,0.0,false,2086,0,93.603630,0.000000,2,0,0.000000,0,true,converged,93.570693,93.636231,0.632475,30.649789,26.201194
T1_preference_only_s55_g0p0_r12,12,T1_preference_only,extension,560012,33,51,80.0,55.0,0.0,false,2089,0,94.318182,0.000000,1,0,0.000000,0,true,converged,94.360902,94.274809,0.658248,28.201333,29.005350
T1_preference_only_s55_g0p0_r13,13,T1_preference_only,extension,560013,28,51,80.0,55.0,0.0,false,2082,0,94.579549,0.000000,1,0,0.000000,0,true,converged,94.484198,94.671659,0.633924,27.247380,29.885033
T1_preference_only_s55_g0p0_r14,14,T1_preference_only,extension,560014,31,51,80.0,55.0,0.0,false,2106,0,93.062752,0.000000,1,0,0.000000,0,true,converged,92.880355,93.236037,0.615077,28.879137,29.094658
T1_preference_only_s55_g0p0_r15,15,T1_preference_only,extension,560015,44,51,80.0,55.0,0.0,false,2120,0,92.808511,0.000000,1,0,0.000000,0,true,converged,92.844037,92.772630,0.579401,28.912159,28.875268
T1_preference_only_s55_g0p0_r16,16,T1_preference_only,extension,560016,43,51,80.0,55.0,0.0,false,2078,0,94.480850,0.000000,2,0,0.000000,0,true,converged,94.547547,94.412502,0.676913,28.664942,28.617614
T1_preference_only_s55_g0p0_r17,17,T1_preference_only,extension,560017,26,51,80.0,55.0,0.0,false,2066,0,93.534035,0.000000,1,0,0.000000,0,true,converged,93.437688,93.627594,0.622901,28.981025,27.575813
T1_preference_only_s55_g0p0_r18,18,T1_preference_only,extension,560018,33,51,80.0,55.0,0.0,false,2061,0,94.672800,0.000000,1,0,0.000000,0,true,converged,94.671219,94.674381,0.614271,27.703250,29.298843
T1_preference_only_s55_g0p0_r19,19,T1_preference_only,extension,560019,32,51,80.0,55.0,0.0,false,2063,0,94.146559,0.000000,2,0,0.000000,0,true,converged,94.336360,93.943597,0.606205,29.836568,26.694966
T1_preference_only_s55_g0p0_r20,20,T1_preference_only,extension,560020,42,51,80.0,55.0,0.0,false,2125,0,93.927867,0.000000,1,0,0.000000,0,true,converged,93.925300,93.930432,0.626183,29.069105,28.014882
T1_preference_only_s55_g0p0_r21,21,T1_preference_only,extension,560021,42,51,80.0,55.0,0.0,false,2090,0,93.479524,0.000000,1,0,0.000000,0,true,converged,93.362897,93.592122,0.625725,28.131971,29.207080
T1_preference_only_s55_g0p0_r22,22,T1_preference_only,extension,560022,28,51,80.0,55.0,0.0,false,2093,0,94.755799,0.000000,1,0,0.000000,0,true,converged,94.937413,94.560669,0.682351,28.250678,29.072293
T1_preference_only_s55_g0p0_r23,23,T1_preference_only,extension,560023,33,51,80.0,55.0,0.0,false,2104,0,93.589191,0.000000,3,0,0.000000,0,true,converged,93.601148,93.577189,0.617630,26.067397,31.100503
T1_preference_only_s55_g0p0_r24,24,T1_preference_only,extension,560024,31,51,80.0,55.0,0.0,false,2076,0,94.075934,0.000000,1,0,0.000000,0,true,converged,94.352908,93.770390,0.617893,26.659710,30.225356
T1_preference_only_s55_g0p0_r25,25,T1_preference_only,extension,560025,26,51,80.0,55.0,0.0,false,2063,0,94.919786,0.000000,1,1,0.000485,0,true,converged,94.943820,94.895522,0.705420,29.175574,28.025330
T1_preference_only_s55_g0p0_r26,26,T1_preference_only,extension,560026,27,51,80.0,55.0,0.0,false,2109,0,94.282463,0.000000,1,0,0.000000,0,true,converged,94.449047,94.105572,0.648671,26.944555,30.627595
T1_preference_only_s55_g0p0_r27,27,T1_preference_only,extension,560027,27,51,80.0,55.0,0.0,false,2062,0,93.750000,0.000000,1,0,0.000000,0,true,converged,93.757432,93.742551,0.620522,28.563718,28.136294
T1_preference_only_s55_g0p0_r28,28,T1_preference_only,extension,560028,30,51,80.0,55.0,0.0,false,2105,0,93.584798,0.000000,1,0,0.000000,0,true,converged,93.691162,93.474786,0.645809,30.127666,27.619276
T1_preference_only_s55_g0p0_r29,29,T1_preference_only,extension,560029,26,51,80.0,55.0,0.0,false,2103,0,93.527974,0.000000,1,0,0.000000,0,true,converged,93.495230,93.560389,0.645236,26.640349,30.225094
T1_preference_only_s60_g0p0_r0,0,T1_preference_only,extension,610000,56,51,80.0,60.0,0.0,false,2094,0,96.657986,0.000000,2,0,0.000000,0,true,converged,96.707995,96.606435,0.674185,30.938529,26.610922
T1_preference_only_s60_g0p0_r1,1,T1_preference_only,extension,610001,46,51,80.0,60.0,0.0,false,2073,0,96.620425,0.000000,1,0,0.000000,0,true,converged,96.643705,96.596820,0.649858,29.486499,27.096329
T1_preference_only_s60_g0p0_r2,2,T1_preference_only,extension,610002,43,51,80.0,60.0,0.0,false,2085,0,96.218732,0.000000,1,0,0.000000,0,true,converged,96.215429,96.222028,0.633663,29.071040,28.166175
T1_preference_only_s60_g0p0_r3,3,T1_preference_only,extension,610003,52,51,80.0,60.0,0.0,false,2070,0,96.728349,0.000000,1,0,0.000000,0,true,converged,96.669179,96.785455,0.679555,27.228341,30.086284
T1_preference_only_s60_g0p0_r4,4,T1_preference_only,extension,610004,41,51,80.0,60.0,0.0,false,2079,0,96.452653,0.000000,1,0,0.000000,0,true,converged,96.443269,96.461988,0.685542,27.595409,29.638654
T1_preference_only_s60_g0p0_r5,5,T1_preference_only,extension,610005,33,51,80.0,60.0,0.0,false,2090,0,96.847889,0.000000,1,0,0.000000,0,true,converged,96.828630,96.866916,0.721799,27.105328,29.916926
T1_preference_only_s60_g0p0_r6,6,T1_preference_only,extension,610006,33,51,80.0,60.0,0.0,false,2083,0,96.616872,0.000000,1,0,0.000000,0,true,converged,96.490962,96.734059,0.702884,28.213976,29.190170
T1_preference_only_s60_g0p0_r7,7,T1_preference_only,extension,610007,45,51,80.0,60.0,0.0,false,2060,0,96.804539,0.000000,1,0,0.000000,0,true,converged,96.820208,96.788715,0.716529,28.573439,28.913714
T1_preference_only_s60_g0p0_r8,8,T1_preference_only,extension,610008,43,51,80.0,60.0,0.0,false,2062,0,96.942713,0.000000,2,0,0.000000,0,true,converged,97.107554,96.757948,0.719188,29.174956,28.210184
T1_preference_only_s60_g0p0_r9,9,T1_preference_only,extension,610009,48,51,80.0,60.0,0.0,false,2120,0,97.048856,0.000000,1,0,0.000000,0,true,converged,97.028295,97.069135,0.721502,29.430259,28.131559
T1_preference_only_s60_g0p0_r10,10,T1_preference_only,extension,610010,45,51,80.0,60.0,0.0,false,2089,0,96.762955,0.000000,1,0,0.000000,0,true,converged,96.731643,96.793674,0.709851,28.019451,28.900731
T1_preference_only_s60_g0p0_r11,11,T1_preference_only,extension,610011,28,51,80.0,60.0,0.0,false,2050,0,96.969697,0.000000,1,0,0.000000,0,true,converged,97.062654,96.870664,0.688990,28.708264,28.444243
T1_preference_only_s60_g0p0_r12,12,T1_preference_only,extension,610012,38,51,80.0,60.0,0.0,false,2073,0,96.750849,0.000000,1,0,0.000000,0,true,converged,96.839080,96.657551,0.703561,27.200232,30.271680
T1_preference_only_s60_g0p0_r13,13,T1_preference_only,extension,610013,31,51,80.0,60.0,0.0,false,2079,0,96.578058,0.000000,2,0,0.000000,0,true,converged,96.496767,96.655662,0.667691,28.418941,28.064151
T1_preference_only_s60_g0p0_r14,14,T1_preference_only,extension,610014,43,51,80.0,60.0,0.0,false,2076,0,96.562867,0.000000,1,0,0.000000,0,true,converged,96.578947,96.546635,0.666344,29.718168,27.040290
T1_preference_only_s60_g0p0_r15,15,T1_preference_only,extension,610015,32,51,80.0,60.0,0.0,false,2090,0,96.909747,0.000000,1,0,0.000000,0,true,converged,96.936731,96.882284,0.699499,27.847011,29.209957
T1_preference_only_s60_g0p0_r16,16,T1_preference_only,extension,610016,41,51,80.0,60.0,0.0,false,2092,0,96.591073,0.000000,1,0,0.000000,0,true,converged,96.616972,96.564774,0.675094,27.542526,29.694323
T1_preference_only_s60_g0p0_r17,17,T1_preference_only,extension,610017,34,51,80.0,60.0,0.0,false,2083,0,96.856266,0.000000,1,0,0.000000,0,true,converged,96.863603,96.848893,0.731173,27.987678,29.076206
T1_preference_only_s60_g0p0_r18,18,T1_preference_only,extension,610018,41,51,80.0,60.0,0.0,false,2076,0,96.692636,0.000000,1,0,0.000000,0,true,converged,96.570645,96.806246,0.701638,29.397669,27.356998
T1_preference_only_s60_g0p0_r19,19,T1_preference_only,extension,610019,41,51,80.0,60.0,0.0,false,2089,0,96.746550,0.000000,1,0,0.000000,0,true,converged,96.748911,96.744186,0.689759,27.194302,30.043521
T1_preference_only_s60_g0p0_r20,20,T1_preference_only,extension,610020,35,51,80.0,60.0,0.0,false,2064,0,96.851329,0.000000,1,0,0.000000,0,true,converged,96.822542,96.879600,0.681207,28.476983,28.626058
T1_preference_only_s60_g0p0_r21,21,T1_preference_only,extension,610021,39,51,80.0,60.0,0.0,false,2082,0,96.815659,0.000000,1,0,0.000000,0,true,converged,96.828630,96.802581,0.683063,29.033534,27.615145
T1_preference_only_s60_g0p0_r22,22,T1_preference_only,extension,610022,32,51,80.0,60.0,0.0,false,2072,0,96.645485,0.000000,1,0,0.000000,0,true,converged,96.712527,96.575652,0.672413,29.276367,27.838420
T1_preference_only_s60_g0p0_r23,23,T1_preference_only,extension,610023,37,51,80.0,60.0,0.0,false,2064,0,96.634544,0.000000,1,0,0.000000,0,true,converged,96.771441,96.485524,0.670465,29.962824,27.491873
T1_preference_only_s60_g0p0_r24,24,T1_preference_only,extension,610024,40,51,80.0,60.0,0.0,false,2076,0,96.763754,0.000000,1,0,0.000000,0,true,converged,96.605986,96.907506,0.669612,28.301018,28.440282
T1_preference_only_s60_g0p0_r25,25,T1_preference_only,extension,610025,55,51,80.0,60.0,0.0,false,2106,0,96.879920,0.000000,2,0,0.000000,0,true,converged,96.790342,96.964634,0.700816,27.115506,30.358262
T1_preference_only_s60_g0p0_r26,26,T1_preference_only,extension,610026,42,51,80.0,60.0,0.0,false,2096,0,96.389370,0.000000,1,0,0.000000,0,true,converged,96.364165,96.414228,0.690824,27.573505,29.441802
T1_preference_only_s60_g0p0_r27,27,T1_preference_only,extension,610027,29,51,80.0,60.0,0.0,false,2072,0,96.952297,0.000000,3,0,0.000000,0,true,converged,96.872639,97.027997,0.729840,28.762809,28.646051
T1_preference_only_s60_g0p0_r28,28,T1_preference_only,extension,610028,39,51,80.0,60.0,0.0,false,2104,0,96.764958,0.000000,1,0,0.000000,0,true,converged,96.709377,96.818694,0.660426,28.981876,27.571355
T1_preference_only_s60_g0p0_r29,29,T1_preference_only,extension,610029,43,51,80.0,60.0,0.0,false,2072,0,96.676514,0.000000,1,0,0.000000,0,true,converged,96.670120,96.682884,0.672998,28.680961,28.252711
T1_preference_only_s65_g0p0_r0,0,T1_preference_only,extension,660000,42,51,80.0,65.0,0.0,false,2121,0,98.042754,0.000000,2,0,0.000000,0,true,converged,98.069287,98.015482,0.731786,26.450637,30.206317
T1_preference_only_s65_g0p0_r1,1,T1_preference_only,extension,660001,76,51,80.0,65.0,0.0,false,2090,0,98.163440,0.000000,1,0,0.000000,0,true,converged,98.192011,98.133951,0.720934,28.866059,28.555194
T1_preference_only_s65_g0p0_r2,2,T1_preference_only,extension,660002,57,51,80.0,65.0,0.0,false,2102,0,98.139797,0.000000,2,0,0.000000,0,true,converged,98.057109,98.215734,0.721259,27.242875,30.512575
T1_preference_only_s65_g0p0_r3,3,T1_preference_only,extension,660003,46,51,80.0,65.0,0.0,false,2073,0,98.356401,0.000000,1,0,0.000000,0,true,converged,98.384812,98.326974,0.743569,28.391532,28.358505
T1_preference_only_s65_g0p0_r4,4,T1_preference_only,extension,660004,38,51,80.0,65.0,0.0,false,2074,0,98.041775,0.000000,1,0,0.000000,0,true,converged,97.995546,98.085921,0.748483,26.691200,30.322405
T1_preference_only_s65_g0p0_r5,5,T1_preference_only,extension,660005,52,51,80.0,65.0,0.0,false,2063,0,98.219498,0.000000,1,0,0.000000,0,true,converged,98.222611,98.216374,0.773083,30.206261,27.113248
T1_preference_only_s65_g0p0_r6,6,T1_preference_only,extension,660006,46,51,80.0,65.0,0.0,false,2083,0,98.152392,0.000000,2,0,0.000000,0,true,converged,98.226317,98.072037,0.719620,28.452144,28.018441
T1_preference_only_s65_g0p0_r7,7,T1_preference_only,extension,660007,47,51,80.0,65.0,0.0,false,2073,0,98.250434,0.000000,1,0,0.000000,0,true,converged,98.228663,98.271675,0.727966,27.391602,29.277324
T1_preference_only_s65_g0p0_r8,8,T1_preference_only,extension,660008,69,51,80.0,65.0,0.0,false,2067,0,98.333575,0.000000,1,0,0.000000,0,true,converged,98.316498,98.350308,0.744591,30.400960,27.301778
T1_preference_only_s65_g0p0_r9,9,T1_preference_only,extension,660009,49,51,80.0,65.0,0.0,false,2102,0,98.187948,0.000000,1,0,0.000000,0,true,converged,98.183866,98.192011,0.746911,29.232896,27.413911
T1_preference_only_s65_g0p0_r10,10,T1_preference_only,extension,660010,50,51,80.0,65.0,0.0,false,2084,0,98.063961,0.000000,1,0,0.000000,0,true,converged,98.060623,98.067287,0.690038,28.917375,27.859298
T1_preference_only_s65_g0p0_r11,11,T1_preference_only,extension,660011,58,51,80.0,65.0,0.0,false,2077,0,98.387329,0.000000,1,0,0.000000,0,true,converged,98.406828,98.367347,0.770682,30.278275,26.258163
T1_preference_only_s65_g0p0_r12,12,T1_preference_only,extension,660012,54,51,80.0,65.0,0.0,false,2076,0,98.089355,0.000000,1,0,0.000000,0,true,converged,98.015222,98.158150,0.722069,26.390555,30.702230
T1_preference_only_s65_g0p0_r13,13,T1_preference_only,extension,660013,59,51,80.0,65.0,0.0,false,2072,0,98.222286,0.000000,2,0,0.000000,0,true,converged,98.180742,98.261975,0.713292,29.956296,27.466447
T1_preference_only_s65_g0p0_r14,14,T1_preference_only,extension,660014,49,51,80.0,65.0,0.0,false,2079,0,98.223496,0.000000,1,0,0.000000,0,true,converged,98.313843,98.122919,0.716995,30.257633,27.062593
T1_preference_only_s65_g0p0_r15,15,T1_preference_only,extension,660015,61,51,80.0,65.0,0.0,false,2064,0,98.301394,0.000000,2,0,0.000000,0,true,converged,98.334520,98.266923,0.712924,30.396639,27.304604
T1_preference_only_s65_g0p0_r16,16,T1_preference_only,extension,660016,42,51,80.0,65.0,0.0,false,2092,0,98.083747,0.000000,1,0,0.000000,0,true,converged,98.043762,98.122131,0.719844,27.969434,29.262032
T1_preference_only_s65_g0p0_r17,17,T1_preference_only,extension,660017,54,51,80.0,65.0,0.0,false,2050,0,98.228259,0.000000,1,0,0.000000,0,true,converged,98.255307,98.200360,0.719282,29.902467,27.038128
T1_preference_only_s65_g0p0_r18,18,T1_preference_only,extension,660018,54,51,80.0,65.0,0.0,false,2093,0,98.405013,0.000000,1,0,0.000000,0,true,converged,98.434442,98.374456,0.760755,26.739227,30.438837
T1_preference_only_s65_g0p0_r19,19,T1_preference_only,extension,660019,46,51,80.0,65.0,0.0,false,2095,0,98.153671,0.000000,1,0,0.000000,0,true,converged,98.180800,98.125721,0.727074,27.673548,30.227972
T1_preference_only_s65_g0p0_r20,20,T1_preference_only,extension,660020,50,51,80.0,65.0,0.0,false,2087,0,97.994557,0.000000,1,0,0.000000,0,true,converged,98.041958,97.944803,0.684673,27.458366,29.558598
T1_preference_only_s65_g0p0_r21,21,T1_preference_only,extension,660021,69,51,80.0,65.0,0.0,false,2082,0,98.379464,0.000000,2,0,0.000000,0,true,converged,98.342866,98.414480,0.739032,30.675199,26.485903
T1_preference_only_s65_g0p0_r22,22,T1_preference_only,extension,660022,59,51,80.0,65.0,0.0,false,2066,0,98.444767,0.000000,1,0,0.000000,0,true,converged,98.439551,98.449949,0.708706,27.610493,28.886735
T1_preference_only_s65_g0p0_r23,23,T1_preference_only,extension,660023,46,51,80.0,65.0,0.0,false,2064,0,98.089544,0.000000,1,0,0.000000,0,true,converged,98.113751,98.064707,0.721140,26.981041,30.522417
T1_preference_only_s65_g0p0_r24,24,T1_preference_only,extension,660024,63,51,80.0,65.0,0.0,false,2050,0,98.183429,0.000000,1,0,0.000000,0,true,converged,98.213508,98.152321,0.726109,27.964782,28.506384
T1_preference_only_s65_g0p0_r25,25,T1_preference_only,extension,660025,46,51,80.0,65.0,0.0,false,2061,0,98.195576,0.000000,3,0,0.000000,0,true,converged,98.250071,98.137579,0.745552,28.892903,28.654590
T1_preference_only_s65_g0p0_r26,26,T1_preference_only,extension,660026,57,51,80.0,65.0,0.0,false,2109,0,98.406931,0.000000,1,0,0.000000,0,true,converged,98.450666,98.360656,0.737657,27.067460,30.431191
T1_preference_only_s65_g0p0_r27,27,T1_preference_only,extension,660027,53,51,80.0,65.0,0.0,false,2072,0,98.227775,0.000000,1,0,0.000000,0,true,converged,98.180734,98.272444,0.729040,28.024927,28.674774
T1_preference_only_s65_g0p0_r28,28,T1_preference_only,extension,660028,46,51,80.0,65.0,0.0,false,2070,0,98.273861,0.000000,1,0,0.000000,0,true,converged,98.250257,98.296837,0.724054,29.109617,27.832994
T1_preference_only_s65_g0p0_r29,29,T1_preference_only,extension,660029,48,51,80.0,65.0,0.0,false,2099,0,97.832861,0.000000,1,0,0.000000,0,true,converged,97.861635,97.803302,0.674437,28.871951,28.006729
T1_preference_only_s70_g0p0_r0,0,T1_preference_only,extension,710000,79,51,80.0,70.0,0.0,false,2049,0,99.465472,0.000000,1,1,0.000488,0,true,converged,99.478065,99.452258,0.722521,26.638461,30.807411
T1_preference_only_s70_g0p0_r1,1,T1_preference_only,extension,710001,81,51,80.0,70.0,0.0,false,2066,0,99.448919,0.000000,1,0,0.000000,0,true,converged,99.451862,99.445944,0.787179,28.361102,29.510287
T1_preference_only_s70_g0p0_r2,2,T1_preference_only,extension,710002,90,51,80.0,70.0,0.0,false,2111,0,99.646066,0.000000,1,0,0.000000,0,true,converged,99.651661,99.640288,0.804301,27.671403,29.049049
T1_preference_only_s70_g0p0_r3,3,T1_preference_only,extension,710003,76,51,80.0,70.0,0.0,false,2110,0,99.604312,0.000000,3,0,0.000000,0,true,converged,99.605818,99.602794,0.808980,30.192213,26.978680
T1_preference_only_s70_g0p0_r4,4,T1_preference_only,extension,710004,87,51,80.0,70.0,0.0,false,2076,0,99.594972,0.000000,1,0,0.000000,0,true,converged,99.591837,99.598060,0.803576,25.654452,31.102228
T1_preference_only_s70_g0p0_r5,5,T1_preference_only,extension,710005,92,51,80.0,70.0,0.0,false,2078,0,99.476069,0.000000,2,0,0.000000,0,true,converged,99.478800,99.473310,0.806815,28.981332,28.041543
T1_preference_only_s70_g0p0_r6,6,T1_preference_only,extension,710006,80,51,80.0,70.0,0.0,false,2107,0,99.684845,0.000000,1,0,0.000000,0,true,converged,99.678905,99.690569,0.829732,32.490401,25.700170
T1_preference_only_s70_g0p0_r7,7,T1_preference_only,extension,710007,68,51,80.0,70.0,0.0,false,2055,0,99.660249,0.000000,1,0,0.000000,0,true,converged,99.655073,99.665272,0.818612,29.036441,27.025591
T1_preference_only_s70_g0p0_r8,8,T1_preference_only,extension,710008,62,51,80.0,70.0,0.0,false,2101,0,99.418202,0.000000,2,0,0.000000,0,true,converged,99.397763,99.437299,0.773584,29.974551,27.698447
T1_preference_only_s70_g0p0_r9,9,T1_preference_only,extension,710009,82,51,80.0,70.0,0.0,false,2053,0,99.514355,0.000000,2,0,0.000000,0,true,converged,99.525140,99.503069,0.827760,26.818437,29.438237
T1_preference_only_s70_g0p0_r10,10,T1_preference_only,extension,710010,92,51,80.0,70.0,0.0,false,2094,0,99.611650,0.000000,1,0,0.000000,0,true,converged,99.596076,99.626068,0.802194,27.993976,27.667437
T1_preference_only_s70_g0p0_r11,11,T1_preference_only,extension,710011,68,51,80.0,70.0,0.0,false,2067,0,99.489579,0.000000,2,0,0.000000,0,true,converged,99.466983,99.510337,0.760502,27.005682,30.506613
T1_preference_only_s70_g0p0_r12,12,T1_preference_only,extension,710012,83,51,80.0,70.0,0.0,false,2119,0,99.509470,0.000000,1,0,0.000000,0,true,converged,99.512195,99.506714,0.842361,30.473609,26.344754
T1_preference_only_s70_g0p0_r13,13,T1_preference_only,extension,710013,83,51,80.0,70.0,0.0,false,2075,0,99.608172,0.000000,3,0,0.000000,0,true,converged,99.613366,99.602837,0.784480,31.106242,26.733414
T1_preference_only_s70_g0p0_r14,14,T1_preference_only,extension,710014,72,51,80.0,70.0,0.0,false,2085,0,99.502144,0.000000,2,0,0.000000,0,true,converged,99.493956,99.510071,0.814342,29.441523,28.559753
T1_preference_only_s70_g0p0_r15,15,T1_preference_only,extension,710015,93,51,80.0,70.0,0.0,false,2091,0,99.580478,0.000000,1,0,0.000000,0,true,converged,99.575432,99.585406,0.824990,29.734918,27.120660
T1_preference_only_s70_g0p0_r16,16,T1_preference_only,extension,710016,90,51,80.0,70.0,0.0,false,2046,0,99.526882,0.000000,1,0,0.000000,0,true,converged,99.520279,99.533305,0.773093,27.095683,30.553711
T1_preference_only_s70_g0p0_r17,17,T1_preference_only,extension,710017,74,51,80.0,70.0,0.0,false,2083,0,99.552635,0.000000,1,0,0.000000,0,true,converged,99.560319,99.544678,0.777341,26.755696,31.715195
T1_preference_only_s70_g0p0_r18,18,T1_preference_only,extension,710018,77,51,80.0,70.0,0.0,false,2088,0,99.678097,0.000000,1,0,0.000000,0,true,converged,99.691151,99.663890,0.823171,27.392406,29.842956
T1_preference_only_s70_g0p0_r19,19,T1_preference_only,extension,710019,76,51,80.0,70.0,0.0,false,2086,0,99.459385,0.000000,1,0,0.000000,0,true,converged,99.440539,99.477001,0.799606,26.857014,29.931725
T1_preference_only_s70_g0p0_r20,20,T1_preference_only,extension,710020,84,51,80.0,70.0,0.0,false,2081,0,99.466142,0.000000,1,0,0.000000,0,true,converged,99.480306,99.451184,0.767236,28.850776,28.569709
T1_preference_only_s70_g0p0_r21,21,T1_preference_only,extension,710021,63,51,80.0,70.0,0.0,false,2077,0,99.580243,0.000000,1,0,0.000000,0,true,converged,99.590052,99.569954,0.839352,30.165311,27.396710
T1_preference_only_s70_g0p0_r22,22,T1_preference_only,extension,710022,62,51,80.0,70.0,0.0,false,2098,0,99.433154,0.000000,1,0,0.000000,0,true,converged,99.428093,99.438125,0.808368,29.087644,28.308698
T1_preference_only_s70_g0p0_r23,23,T1_preference_only,extension,710023,53,51,80.0,70.0,0.0,false,2061,0,99.447670,0.000000,2,0,0.000000,0,true,converged,99.440379,99.454774,0.788846,29.028330,27.518712
T1_preference_only_s70_g0p0_r24,24,T1_preference_only,extension,710024,72,51,80.0,70.0,0.0,false,2073,0,99.534227,0.000000,2,0,0.000000,0,true,converged,99.519441,99.548131,0.788091,30.542122,26.409558
T1_preference_only_s70_g0p0_r25,25,T1_preference_only,extension,710025,71,51,80.0,70.0,0.0,false,2072,0,99.620627,0.000000,3,0,0.000000,0,true,converged,99.617510,99.623693,0.824407,31.907288,25.896058
T1_preference_only_s70_g0p0_r26,26,T1_preference_only,extension,710026,61,51,80.0,70.0,0.0,false,2066,0,99.561404,0.000000,1,0,0.000000,0,true,converged,99.561217,99.561590,0.791643,29.890073,27.318974
T1_preference_only_s70_g0p0_r27,27,T1_preference_only,extension,710027,63,51,80.0,70.0,0.0,false,2046,0,99.582253,0.000000,1,0,0.000000,0,true,converged,99.597278,99.566063,0.795702,27.303224,29.342356
T1_preference_only_s70_g0p0_r28,28,T1_preference_only,extension,710028,85,51,80.0,70.0,0.0,false,2082,0,99.581240,0.000000,1,0,0.000000,0,true,converged,99.575552,99.586777,0.813126,26.349569,30.817012
T1_preference_only_s70_g0p0_r29,29,T1_preference_only,extension,710029,73,51,80.0,70.0,0.0,false,2078,0,99.523943,0.000000,1,0,0.000000,0,true,converged,99.520587,99.527253,0.823992,29.245841,27.722347
T2_income_only_s0_g0p0_r0,0,T2_income_only,extension,10000,1,51,80.0,0.0,0.0,true,2063,0,49.846199,0.000000,191,0,0.000000,0,true,converged,49.153549,50.520231,0.188529,25.578287,25.278490
T2_income_only_s0_g0p0_r1,1,T2_income_only,extension,10001,1,51,80.0,0.0,0.0,true,2070,0,50.401636,0.000000,199,0,0.000000,0,true,converged,51.023940,49.763314,0.199570,25.756892,25.904384
T2_income_only_s0_g0p0_r2,2,T2_income_only,extension,10002,1,51,80.0,0.0,0.0,true,2081,0,50.028944,0.000000,195,0,0.000000,0,true,converged,51.604765,48.347046,0.164926,26.189538,25.403882
T2_income_only_s0_g0p0_r3,3,T2_income_only,extension,10003,1,51,80.0,0.0,0.0,true,2101,0,49.823222,0.000000,206,0,0.000000,0,true,converged,50.667408,48.949640,0.175449,25.846989,25.539799
T2_income_only_s0_g0p0_r4,4,T2_income_only,extension,10004,1,51,80.0,0.0,0.0,true,2050,0,48.771878,0.000000,220,0,0.000000,0,true,converged,48.053691,49.470477,0.158988,25.428559,25.452585
T2_income_only_s0_g0p0_r5,5,T2_income_only,extension,10005,1,51,80.0,0.0,0.0,true,2074,0,50.704225,0.000000,205,0,0.000000,0,true,converged,50.846967,50.560652,0.200340,25.703218,25.805132
T2_income_only_s0_g0p0_r6,6,T2_income_only,extension,10006,1,51,80.0,0.0,0.0,true,2122,0,50.351967,0.000000,211,0,0.000000,0,true,converged,50.214533,50.488644,0.173539,25.387090,25.594442
T2_income_only_s0_g0p0_r7,7,T2_income_only,extension,10007,1,51,80.0,0.0,0.0,true,2101,0,50.231774,0.000000,229,0,0.000000,0,true,converged,49.680443,50.771155,0.169589,25.133006,25.885510
T2_income_only_s0_g0p0_r8,8,T2_income_only,extension,10008,1,51,80.0,0.0,0.0,true,2066,0,50.226641,0.000000,195,0,0.000000,0,true,converged,52.083333,48.220262,0.205315,25.314455,26.113240
T2_income_only_s0_g0p0_r9,9,T2_income_only,extension,10009,1,51,80.0,0.0,0.0,true,2108,0,50.492819,0.000000,198,0,0.000000,0,true,converged,49.073001,51.835616,0.178311,25.990404,25.853078
T2_income_only_s0_g0p0_r10,10,T2_income_only,extension,10010,1,51,80.0,0.0,0.0,true,2068,0,49.213516,0.000000,208,0,0.000000,0,true,converged,47.681920,50.657988,0.174642,25.363618,25.869479
T2_income_only_s0_g0p0_r11,11,T2_income_only,extension,10011,1,51,80.0,0.0,0.0,true,2089,0,49.205233,0.000000,210,0,0.000000,0,true,converged,49.205233,49.205233,0.187248,25.124580,25.123763
T2_income_only_s0_g0p0_r12,12,T2_income_only,extension,10012,1,51,80.0,0.0,0.0,true,2099,0,50.161995,0.000000,227,0,0.000000,0,true,converged,49.543639,50.765377,0.188490,25.685899,25.653041
T2_income_only_s0_g0p0_r13,13,T2_income_only,extension,10013,1,51,80.0,0.0,0.0,true,2079,0,49.415837,0.000000,209,0,0.000000,0,true,converged,50.902982,47.835788,0.180425,25.503760,25.598968
T2_income_only_s0_g0p0_r14,14,T2_income_only,extension,10014,1,51,80.0,0.0,0.0,true,2100,0,49.059539,0.000000,198,0,0.000000,0,true,converged,49.790912,48.306544,0.181440,25.786751,25.387084
T2_income_only_s0_g0p0_r15,15,T2_income_only,extension,10015,1,51,80.0,0.0,0.0,true,2078,0,49.756586,0.000000,224,0,0.000000,0,true,converged,51.553224,47.821561,0.183023,25.528044,25.206903
T2_income_only_s0_g0p0_r16,16,T2_income_only,extension,10016,1,51,80.0,0.0,0.0,true,2059,0,50.939822,0.000000,219,0,0.000000,0,true,converged,51.167513,50.709999,0.206574,24.636679,25.790178
T2_income_only_s0_g0p0_r17,17,T2_income_only,extension,10017,1,51,80.0,0.0,0.0,true,2083,0,49.754193,0.000000,212,0,0.000000,0,true,converged,49.557265,49.949590,0.194534,26.234071,25.608613
T2_income_only_s0_g0p0_r18,18,T2_income_only,extension,10018,1,51,80.0,0.0,0.0,true,2080,0,50.164356,0.000000,203,0,0.000000,0,true,converged,51.169304,49.117175,0.186164,25.072227,25.571600
T2_income_only_s0_g0p0_r19,19,T2_income_only,extension,10019,1,51,80.0,0.0,0.0,true,2068,0,49.079217,0.000000,199,0,0.000000,0,true,converged,49.212828,48.944900,0.168418,25.959727,26.114596
T2_income_only_s0_g0p0_r20,20,T2_income_only,extension,10020,1,51,80.0,0.0,0.0,true,2098,0,50.824989,0.000000,211,0,0.000000,0,true,converged,51.387146,50.249679,0.209924,25.484711,25.393724
T2_income_only_s0_g0p0_r21,21,T2_income_only,extension,10021,1,51,80.0,0.0,0.0,true,2081,0,49.174730,0.000000,217,0,0.000000,0,true,converged,49.929913,48.396417,0.172595,25.134643,25.232568
T2_income_only_s0_g0p0_r22,22,T2_income_only,extension,10022,1,51,80.0,0.0,0.0,true,2071,0,50.239027,0.000000,218,0,0.000000,0,true,converged,50.766805,49.699810,0.164575,25.903066,25.243814
T2_income_only_s0_g0p0_r23,23,T2_income_only,extension,10023,1,51,80.0,0.0,0.0,true,2126,0,49.567723,0.000000,226,0,0.000000,0,true,converged,49.856734,49.275362,0.184447,25.548646,25.267942
T2_income_only_s0_g0p0_r24,24,T2_income_only,extension,10024,1,51,80.0,0.0,0.0,true,2096,0,49.600228,0.000000,204,0,0.000000,0,true,converged,50.309685,48.870220,0.203615,25.874110,25.621189
T2_income_only_s0_g0p0_r25,25,T2_income_only,extension,10025,1,51,80.0,0.0,0.0,true,2069,0,49.956357,0.000000,193,0,0.000000,0,true,converged,50.475094,49.426639,0.152860,25.407761,26.027594
T2_income_only_s0_g0p0_r26,26,T2_income_only,extension,10026,1,51,80.0,0.0,0.0,true,2108,0,48.550525,0.000000,236,0,0.000000,0,true,converged,48.386650,48.713362,0.184362,25.158479,25.173041
T2_income_only_s0_g0p0_r27,27,T2_income_only,extension,10027,1,51,80.0,0.0,0.0,true,2097,0,49.718151,0.000000,220,0,0.000000,0,true,converged,48.003498,51.323329,0.192795,25.541841,25.260169
T2_income_only_s0_g0p0_r28,28,T2_income_only,extension,10028,1,51,80.0,0.0,0.0,true,2106,0,49.788016,0.000000,192,0,0.000000,0,true,converged,50.604755,48.943814,0.203467,26.286128,24.991208
T2_income_only_s0_g0p0_r29,29,T2_income_only,extension,10029,1,51,80.0,0.0,0.0,true,2079,0,50.248051,0.000000,231,0,0.000000,0,true,converged,50.549451,49.942955,0.183427,25.222825,25.262065
T2_income_only_s0_g0p25_r0,0,T2_income_only,extension,10250,1,51,80.0,0.0,0.25,true,2046,0,49.814237,0.000000,207,0,0.000000,0,true,converged,49.453675,50.169692,0.194812,25.829081,25.835385
T2_income_only_s0_g0p25_r1,1,T2_income_only,extension,10251,1,51,80.0,0.0,0.25,true,2033,0,50.280006,0.000000,217,0,0.000000,0,true,converged,49.219354,51.297257,0.198960,25.771111,25.715262
T2_income_only_s0_g0p25_r2,2,T2_income_only,extension,10252,1,51,80.0,0.0,0.25,true,2043,0,51.054915,0.000000,199,0,0.000000,0,true,converged,49.731059,52.310832,0.199860,26.145135,25.320492
T2_income_only_s0_g0p25_r3,3,T2_income_only,extension,10253,1,51,80.0,0.0,0.25,true,2039,0,50.142450,0.000000,204,0,0.000000,0,true,converged,50.498735,49.781000,0.171612,26.147239,24.822317
T2_income_only_s0_g0p25_r4,4,T2_income_only,extension,10254,1,51,80.0,0.0,0.25,true,2072,0,50.469585,0.000000,215,0,0.000000,0,true,converged,51.014576,49.912332,0.173969,26.041794,24.909622
T2_income_only_s0_g0p25_r5,5,T2_income_only,extension,10255,1,51,80.0,0.0,0.25,true,2095,0,50.098786,0.000000,199,0,0.000000,0,true,converged,48.574753,51.535088,0.210590,25.885429,25.164293
T2_income_only_s0_g0p25_r6,6,T2_income_only,extension,10256,1,51,80.0,0.0,0.25,true,2079,0,49.978550,0.000000,220,0,0.000000,0,true,converged,50.787845,49.142192,0.199552,25.756726,24.919597
T2_income_only_s0_g0p25_r7,7,T2_income_only,extension,10257,1,51,80.0,0.0,0.25,true,2075,0,49.753051,0.000000,217,0,0.000000,0,true,converged,48.411633,51.026476,0.198341,26.511296,24.994752
T2_income_only_s0_g0p25_r8,8,T2_income_only,extension,10258,1,51,80.0,0.0,0.25,true,2091,0,50.626959,0.000000,198,0,0.000000,0,true,converged,49.467697,51.734225,0.184915,26.340906,25.233943
T2_income_only_s0_g0p25_r9,9,T2_income_only,extension,10259,1,51,80.0,0.0,0.25,true,2086,0,51.675738,0.000000,206,0,0.000000,0,true,converged,50.844988,52.478873,0.228569,26.009791,25.120448
T2_income_only_s0_g0p25_r10,10,T2_income_only,extension,10260,1,51,80.0,0.0,0.25,true,2096,0,50.156028,0.000000,213,0,0.000000,0,true,converged,48.640748,51.584459,0.202160,26.353872,24.350280
T2_income_only_s0_g0p25_r11,11,T2_income_only,extension,10261,1,51,80.0,0.0,0.25,true,2091,0,49.295977,0.000000,192,0,0.000000,0,true,converged,49.186465,49.405018,0.187698,26.321834,25.694362
T2_income_only_s0_g0p25_r12,12,T2_income_only,extension,10262,1,51,80.0,0.0,0.25,true,2043,0,50.545183,0.000000,195,0,0.000000,0,true,converged,50.984456,50.097965,0.179955,26.544726,25.127346
T2_income_only_s0_g0p25_r13,13,T2_income_only,extension,10263,1,51,80.0,0.0,0.25,true,2092,0,48.879433,0.000000,224,0,0.000000,0,true,converged,50.138351,47.555297,0.192017,25.863731,25.095259
T2_income_only_s0_g0p25_r14,14,T2_income_only,extension,10264,1,51,80.0,0.0,0.25,true,2102,0,50.816901,0.000000,208,0,0.000000,0,true,converged,50.858429,50.775303,0.178211,24.994861,26.060999
T2_income_only_s0_g0p25_r15,15,T2_income_only,extension,10265,1,51,80.0,0.0,0.25,true,2062,0,49.948778,0.000000,227,0,0.000000,0,true,converged,49.809216,50.087566,0.185723,26.379723,24.535783
T2_income_only_s0_g0p25_r16,16,T2_income_only,extension,10266,1,51,80.0,0.0,0.25,true,2075,0,50.914327,0.000000,209,0,0.000000,0,true,converged,48.852213,52.816609,0.206760,25.590845,25.111220
T2_income_only_s0_g0p25_r17,17,T2_income_only,extension,10267,1,51,80.0,0.0,0.25,true,2078,0,49.705417,0.000000,217,0,0.000000,0,true,converged,49.098313,50.298211,0.170023,25.805595,25.370801
T2_income_only_s0_g0p25_r18,18,T2_income_only,extension,10268,1,51,80.0,0.0,0.25,true,2125,0,49.013889,0.000000,203,0,0.000000,0,true,converged,50.438774,47.504648,0.168019,26.362024,25.416298
T2_income_only_s0_g0p25_r19,19,T2_income_only,extension,10269,1,51,80.0,0.0,0.25,true,2088,0,49.785714,0.000000,207,0,0.000000,0,true,converged,48.723559,50.804759,0.171556,26.217326,24.933089
T2_income_only_s0_g0p25_r20,20,T2_income_only,extension,10270,1,51,80.0,0.0,0.25,true,2096,0,50.269274,0.000000,210,0,0.000000,0,true,converged,50.035597,50.500776,0.157627,26.076019,25.143295
T2_income_only_s0_g0p25_r21,21,T2_income_only,extension,10271,1,51,80.0,0.0,0.25,true,2082,0,50.107589,0.000000,212,0,0.000000,0,true,converged,50.638660,49.564965,0.212175,26.074076,24.894180
T2_income_only_s0_g0p25_r22,22,T2_income_only,extension,10272,1,51,80.0,0.0,0.25,true,2108,0,49.474993,0.000000,236,0,0.000000,0,true,converged,49.144764,49.800961,0.172609,26.400758,24.032688
T2_income_only_s0_g0p25_r23,23,T2_income_only,extension,10273,1,51,80.0,0.0,0.25,true,2073,0,50.372208,0.000000,186,0,0.000000,0,true,converged,49.086553,51.594533,0.217515,26.647373,24.936626
T2_income_only_s0_g0p25_r24,24,T2_income_only,extension,10274,1,51,80.0,0.0,0.25,true,2074,0,49.876436,0.000000,192,0,0.000000,0,true,converged,49.722951,50.028986,0.200682,26.198611,25.447496
T2_income_only_s0_g0p25_r25,25,T2_income_only,extension,10275,1,51,80.0,0.0,0.25,true,2092,0,50.702427,0.000000,222,0,0.000000,0,true,converged,50.667424,50.737379,0.203621,25.802248,25.245679
T2_income_only_s0_g0p25_r26,26,T2_income_only,extension,10276,1,51,80.0,0.0,0.25,true,2071,0,50.123242,0.000000,194,0,0.000000,0,true,converged,51.941883,48.161543,0.187584,26.115293,25.207137
T2_income_only_s0_g0p25_r27,27,T2_income_only,extension,10277,1,51,80.0,0.0,0.25,true,2043,0,50.771304,0.000000,168,0,0.000000,0,true,converged,50.489532,51.049888,0.200362,25.773372,25.880924
T2_income_only_s0_g0p25_r28,28,T2_income_only,extension,10278,1,51,80.0,0.0,0.25,true,2101,0,49.733371,0.000000,219,0,0.000000,0,true,converged,49.306538,50.153075,0.185277,25.677648,25.096244
T2_income_only_s0_g0p25_r29,29,T2_income_only,extension,10279,1,51,80.0,0.0,0.25,true,2035,0,49.082155,0.000000,191,0,0.000000,0,true,converged,47.809994,50.293772,0.187865,25.847609,25.174656
T2_income_only_s0_g0p5_r0,0,T2_income_only,extension,10500,1,51,80.0,0.0,0.5,true,2025,0,50.395017,0.000000,207,0,0.000000,0,true,converged,48.395764,52.245137,0.199149,26.000213,25.352925
T2_income_only_s0_g0p5_r1,1,T2_income_only,extension,10501,1,51,80.0,0.0,0.5,true,2059,0,49.638483,0.000000,186,0,0.000000,0,true,converged,49.233973,50.036598,0.187922,26.585489,25.383775
T2_income_only_s0_g0p5_r2,2,T2_income_only,extension,10502,1,51,80.0,0.0,0.5,true,2052,0,50.616197,0.000000,223,0,0.000000,0,true,converged,51.217391,50.000000,0.181002,26.424032,24.408085
T2_income_only_s0_g0p5_r3,3,T2_income_only,extension,10503,1,51,80.0,0.0,0.5,true,2085,0,49.836206,0.000000,228,0,0.000000,0,true,converged,49.469154,50.197964,0.210791,26.286766,24.396963
T2_income_only_s0_g0p5_r4,4,T2_income_only,extension,10504,1,51,80.0,0.0,0.5,true,2091,0,49.506791,0.000000,211,0,0.000000,0,true,converged,49.729576,49.282022,0.200976,27.264446,24.426588
T2_income_only_s0_g0p5_r5,5,T2_income_only,extension,10505,1,51,80.0,0.0,0.5,true,2087,0,49.899943,0.000000,198,0,0.000000,0,true,converged,49.921417,49.878450,0.191513,26.288046,24.556840
T2_income_only_s0_g0p5_r6,6,T2_income_only,extension,10506,1,51,80.0,0.0,0.5,true,2075,0,48.875345,0.000000,203,0,0.000000,0,true,converged,48.198794,49.534451,0.164565,26.143818,25.290249
T2_income_only_s0_g0p5_r7,7,T2_income_only,extension,10507,1,51,80.0,0.0,0.5,true,2095,0,49.379369,0.000000,195,0,0.000000,0,true,converged,50.140528,48.594610,0.180848,25.818012,25.798687
T2_income_only_s0_g0p5_r8,8,T2_income_only,extension,10508,1,51,80.0,0.0,0.5,true,2096,0,50.295525,0.000000,218,0,0.000000,0,true,converged,49.557269,51.012483,0.197187,25.956693,25.037132
T2_income_only_s0_g0p5_r9,9,T2_income_only,extension,10509,1,51,80.0,0.0,0.5,true,2064,0,50.895216,0.000000,196,0,0.000000,0,true,converged,48.900428,52.740113,0.182789,26.242431,25.055407
T2_income_only_s0_g0p5_r10,10,T2_income_only,extension,10510,1,51,80.0,0.0,0.5,true,2091,0,50.157683,0.000000,205,0,0.000000,0,true,converged,47.485274,52.571273,0.170827,26.930803,24.485499
T2_income_only_s0_g0p5_r11,11,T2_income_only,extension,10511,1,51,80.0,0.0,0.5,true,2105,0,51.126222,0.000000,199,0,0.000000,0,true,converged,49.767036,52.413793,0.212169,26.696979,25.107880
T2_income_only_s0_g0p5_r12,12,T2_income_only,extension,10512,1,51,80.0,0.0,0.5,true,2097,0,49.936503,0.000000,222,0,0.000000,0,true,converged,49.125323,50.722222,0.194756,26.611826,24.135924
T2_income_only_s0_g0p5_r13,13,T2_income_only,extension,10513,1,51,80.0,0.0,0.5,true,2093,0,49.548904,0.000000,212,0,0.000000,0,true,converged,49.476552,49.621050,0.190168,26.364764,25.231598
T2_income_only_s0_g0p5_r14,14,T2_income_only,extension,10514,1,51,80.0,0.0,0.5,true,2103,0,50.196464,0.000000,218,0,0.000000,0,true,converged,47.430010,52.686308,0.185789,26.311808,24.520515
T2_income_only_s0_g0p5_r15,15,T2_income_only,extension,10515,1,51,80.0,0.0,0.5,true,2041,0,49.714457,0.000000,196,0,0.000000,0,true,converged,50.370810,49.040512,0.197044,26.825881,24.765085
T2_income_only_s0_g0p5_r16,16,T2_income_only,extension,10516,1,51,80.0,0.0,0.5,true,2092,0,49.606974,0.000000,202,0,0.000000,0,true,converged,50.685315,48.480421,0.199492,26.511363,25.001632
T2_income_only_s0_g0p5_r17,17,T2_income_only,extension,10517,1,51,80.0,0.0,0.5,true,2053,0,49.477403,0.000000,216,0,0.000000,0,true,converged,49.275791,49.677419,0.215144,26.878557,24.122907
T2_income_only_s0_g0p5_r18,18,T2_income_only,extension,10518,1,51,80.0,0.0,0.5,true,2077,0,49.147399,0.000000,209,0,0.000000,0,true,converged,45.769764,52.128962,0.176490,26.473338,24.511099
T2_income_only_s0_g0p5_r19,19,T2_income_only,extension,10519,1,51,80.0,0.0,0.5,true,2057,0,49.823944,0.000000,203,0,0.000000,0,true,converged,47.107949,52.274630,0.197104,26.534489,24.382413
T2_income_only_s0_g0p5_r20,20,T2_income_only,extension,10520,1,51,80.0,0.0,0.5,true,2087,0,50.454675,0.000000,216,0,0.000000,0,true,converged,51.481842,49.383074,0.206525,26.438922,24.488331
T2_income_only_s0_g0p5_r21,21,T2_income_only,extension,10521,1,51,80.0,0.0,0.5,true,2100,0,49.557149,0.000000,232,0,0.000000,0,true,converged,50.822368,48.225108,0.203612,26.222128,24.580337
T2_income_only_s0_g0p5_r22,22,T2_income_only,extension,10522,1,51,80.0,0.0,0.5,true,2078,0,50.288101,0.000000,199,0,0.000000,0,true,converged,48.911917,51.592089,0.211521,27.079335,24.598638
T2_income_only_s0_g0p5_r23,23,T2_income_only,extension,10523,1,51,80.0,0.0,0.5,true,2058,0,51.235024,0.000000,190,0,0.000000,0,true,converged,51.061303,51.407517,0.188483,26.572915,25.184011
T2_income_only_s0_g0p5_r24,24,T2_income_only,extension,10524,1,51,80.0,0.0,0.5,true,2091,0,50.042931,0.000000,208,0,0.000000,0,true,converged,48.578583,51.426186,0.223586,26.926020,25.042265
T2_income_only_s0_g0p5_r25,25,T2_income_only,extension,10525,1,51,80.0,0.0,0.5,true,2067,0,49.409363,0.000000,218,0,0.000000,0,true,converged,48.107704,50.647318,0.163950,26.104434,24.923510
T2_income_only_s0_g0p5_r26,26,T2_income_only,extension,10526,1,51,80.0,0.0,0.5,true,2082,0,50.180193,0.000000,194,0,0.000000,0,true,converged,47.951807,52.225601,0.176193,26.844777,24.597053
T2_income_only_s0_g0p5_r27,27,T2_income_only,extension,10527,1,51,80.0,0.0,0.5,true,2064,0,49.421415,0.000000,188,0,0.000000,0,true,converged,50.180349,48.639000,0.183832,26.239545,24.933722
T2_income_only_s0_g0p5_r28,28,T2_income_only,extension,10528,1,51,80.0,0.0,0.5,true,2096,0,50.404083,0.000000,227,0,0.000000,0,true,converged,48.513394,52.160832,0.195342,26.311695,24.889368
T2_income_only_s0_g0p5_r29,29,T2_income_only,extension,10529,1,51,80.0,0.0,0.5,true,2052,0,50.155073,0.000000,216,0,0.000000,0,true,converged,48.762714,51.473760,0.182550,26.732537,24.438059
T2_income_only_s0_g0p75_r0,0,T2_income_only,extension,10750,1,51,80.0,0.0,0.75,true,2068,0,50.000000,0.000000,206,0,0.000000,0,true,converged,48.299729,51.591998,0.203672,27.364601,24.463465
T2_income_only_s0_g0p75_r1,1,T2_income_only,extension,10751,1,51,80.0,0.0,0.75,true,2077,0,49.899627,0.000000,224,0,0.000000,0,true,converged,47.678946,51.939477,0.197049,26.791885,24.188286
T2_income_only_s0_g0p75_r2,2,T2_income_only,extension,10752,1,51,80.0,0.0,0.75,true,2106,0,49.446701,0.000000,224,0,0.000000,0,true,converged,47.306176,51.420110,0.187817,26.673114,24.158104
T2_income_only_s0_g0p75_r3,3,T2_income_only,extension,10753,1,51,80.0,0.0,0.75,true,2040,0,50.795080,0.000000,207,0,0.000000,0,true,converged,49.476278,52.046784,0.213571,27.108239,24.323536
T2_income_only_s0_g0p75_r4,4,T2_income_only,extension,10754,1,51,80.0,0.0,0.75,true,2053,0,50.657021,0.000000,198,0,0.000000,0,true,converged,48.820827,52.366021,0.189335,26.753706,24.555284
T2_income_only_s0_g0p75_r5,5,T2_income_only,extension,10755,1,51,80.0,0.0,0.75,true,2081,0,50.165921,0.000000,197,0,0.000000,0,true,converged,48.814464,51.447849,0.208498,27.138857,24.328584
T2_income_only_s0_g0p75_r6,6,T2_income_only,extension,10756,1,51,80.0,0.0,0.75,true,2085,0,49.891415,0.000000,198,0,0.000000,0,true,converged,49.437546,50.337208,0.207646,26.846894,24.853557
T2_income_only_s0_g0p75_r7,7,T2_income_only,extension,10757,1,51,80.0,0.0,0.75,true,2104,0,51.098823,0.000000,206,0,0.000000,0,true,converged,49.745009,52.381610,0.195813,26.953316,24.587271
T2_income_only_s0_g0p75_r8,8,T2_income_only,extension,10758,1,51,80.0,0.0,0.75,true,2092,0,50.600000,0.000000,199,0,0.000000,0,true,converged,48.031259,52.926763,0.213632,26.944275,24.324571
T2_income_only_s0_g0p75_r9,9,T2_income_only,extension,10759,1,51,80.0,0.0,0.75,true,2100,0,49.383408,0.000000,235,0,0.000000,0,true,converged,48.281787,50.439078,0.179136,26.194919,24.540238
T2_income_only_s0_g0p75_r10,10,T2_income_only,extension,10760,1,51,80.0,0.0,0.75,true,2113,0,49.985951,0.000000,205,0,0.000000,0,true,converged,48.165405,51.682953,0.219773,27.250437,24.367970
T2_income_only_s0_g0p75_r11,11,T2_income_only,extension,10761,1,51,80.0,0.0,0.75,true,2117,0,51.029780,0.000000,212,0,0.000000,0,true,converged,49.649449,52.336449,0.221107,26.828723,24.663651
T2_income_only_s0_g0p75_r12,12,T2_income_only,extension,10762,1,51,80.0,0.0,0.75,true,2078,0,50.323322,0.000000,220,0,0.000000,0,true,converged,49.377654,51.234307,0.205357,26.676821,24.095016
T2_income_only_s0_g0p75_r13,13,T2_income_only,extension,10763,1,51,80.0,0.0,0.75,true,2091,0,48.863959,0.000000,210,0,0.000000,0,true,converged,48.725616,49.001558,0.182396,26.409509,24.543015
T2_income_only_s0_g0p75_r14,14,T2_income_only,extension,10764,1,51,80.0,0.0,0.75,true,2056,0,49.070522,0.000000,199,0,0.000000,0,true,converged,49.635249,48.492987,0.176884,26.763340,24.563979
T2_income_only_s0_g0p75_r15,15,T2_income_only,extension,10765,1,51,80.0,0.0,0.75,true,2105,0,50.611281,0.000000,207,0,0.000000,0,true,converged,48.560266,52.505010,0.178598,26.534895,24.235304
T2_income_only_s0_g0p75_r16,16,T2_income_only,extension,10766,1,51,80.0,0.0,0.75,true,2071,0,49.912765,0.000000,204,0,0.000000,0,true,converged,49.847139,49.978220,0.205890,26.491718,24.715600
T2_income_only_s0_g0p75_r17,17,T2_income_only,extension,10767,1,51,80.0,0.0,0.75,true,2099,0,49.350282,0.000000,200,0,0.000000,0,true,converged,49.916201,48.771429,0.181683,26.919786,24.295056
T2_income_only_s0_g0p75_r18,18,T2_income_only,extension,10768,1,51,80.0,0.0,0.75,true,2096,0,50.500917,0.000000,233,0,0.000000,0,true,converged,48.502642,52.349905,0.209992,26.296761,24.588261
T2_income_only_s0_g0p75_r19,19,T2_income_only,extension,10769,1,51,80.0,0.0,0.75,true,2067,0,50.882053,0.000000,212,0,0.000000,0,true,converged,51.223397,50.535898,0.208491,26.825422,24.345030
T2_income_only_s0_g0p75_r20,20,T2_income_only,extension,10770,1,51,80.0,0.0,0.75,true,2041,0,50.969570,0.000000,205,0,0.000000,0,true,converged,50.489532,51.440390,0.207825,26.823519,24.237853
T2_income_only_s0_g0p75_r21,21,T2_income_only,extension,10771,1,51,80.0,0.0,0.75,true,2101,0,50.919118,0.000000,202,0,0.000000,0,true,converged,50.236559,51.583205,0.215551,27.334463,24.180402
T2_income_only_s0_g0p75_r22,22,T2_income_only,extension,10772,1,51,80.0,0.0,0.75,true,2100,0,50.119938,0.000000,226,0,0.000000,0,true,converged,49.011972,51.180776,0.192653,27.024021,24.519616
T2_income_only_s0_g0p75_r23,23,T2_income_only,extension,10773,1,51,80.0,0.0,0.75,true,2107,0,49.512230,0.000000,201,0,0.000000,0,true,converged,48.905423,50.104793,0.203896,27.177773,24.447013
T2_income_only_s0_g0p75_r24,24,T2_income_only,extension,10774,1,51,80.0,0.0,0.75,true,2082,0,50.974167,0.000000,206,0,0.000000,0,true,converged,49.977912,51.931513,0.206714,27.348952,23.786383
T2_income_only_s0_g0p75_r25,25,T2_income_only,extension,10775,1,51,80.0,0.0,0.75,true,2089,0,51.192006,0.000000,214,0,0.000000,0,true,converged,50.968020,51.413955,0.216469,27.205554,23.929961
T2_income_only_s0_g0p75_r26,26,T2_income_only,extension,10776,1,51,80.0,0.0,0.75,true,2071,0,49.566599,0.000000,219,0,0.000000,0,true,converged,49.383790,49.748093,0.201436,26.873999,23.901385
T2_income_only_s0_g0p75_r27,27,T2_income_only,extension,10777,1,51,80.0,0.0,0.75,true,2096,0,50.063568,0.000000,224,0,0.000000,0,true,converged,47.838277,52.106761,0.220263,26.730603,23.945645
T2_income_only_s0_g0p75_r28,28,T2_income_only,extension,10778,1,51,80.0,0.0,0.75,true,2054,0,51.052864,0.000000,202,0,0.000000,0,true,converged,49.034039,52.917847,0.218583,26.913813,24.361509
T2_income_only_s0_g0p75_r29,29,T2_income_only,extension,10779,1,51,80.0,0.0,0.75,true,2075,0,49.667726,0.000000,219,0,0.000000,0,true,converged,49.536501,49.798271,0.181732,26.449953,24.570957
T2_income_only_s0_g1p0_r0,0,T2_income_only,extension,11000,1,51,80.0,0.0,1.0,true,2083,0,50.559701,0.000000,207,0,0.000000,0,true,converged,50.123064,50.988761,0.217143,27.090341,23.825805
T2_income_only_s0_g1p0_r1,1,T2_income_only,extension,11001,1,51,80.0,0.0,1.0,true,2078,0,50.338959,0.000000,214,0,0.000000,0,true,converged,49.876256,50.793197,0.217053,27.399477,23.990190
T2_income_only_s0_g1p0_r2,2,T2_income_only,extension,11002,1,51,80.0,0.0,1.0,true,2107,0,51.180770,0.000000,219,0,0.000000,0,true,converged,48.310761,53.748835,0.233475,27.634716,23.932647
T2_income_only_s0_g1p0_r3,3,T2_income_only,extension,11003,1,51,80.0,0.0,1.0,true,2101,0,50.007063,0.000000,221,0,0.000000,0,true,converged,49.319777,50.675958,0.191423,26.797728,24.127331
T2_income_only_s0_g1p0_r4,4,T2_income_only,extension,11004,1,51,80.0,0.0,1.0,true,2053,0,51.241636,0.000000,196,0,0.000000,0,true,converged,52.608758,49.793294,0.213592,26.998124,24.363196
T2_income_only_s0_g1p0_r5,5,T2_income_only,extension,11005,1,51,80.0,0.0,1.0,true,2066,0,50.937636,0.000000,227,0,0.000000,0,true,converged,50.389534,51.473760,0.214352,26.684465,24.180427
T2_income_only_s0_g1p0_r6,6,T2_income_only,extension,11006,1,51,80.0,0.0,1.0,true,2030,0,49.849624,0.000000,218,0,0.000000,0,true,converged,49.045073,50.629164,0.203272,27.185867,24.023050
T2_income_only_s0_g1p0_r7,7,T2_income_only,extension,11007,1,51,80.0,0.0,1.0,true,2090,0,50.406156,0.000000,214,0,0.000000,0,true,converged,48.943662,51.787199,0.218613,27.420097,23.804930
T2_income_only_s0_g1p0_r8,8,T2_income_only,extension,11008,1,51,80.0,0.0,1.0,true,2092,0,50.643225,0.000000,189,0,0.000000,0,true,converged,51.509619,49.745306,0.207599,27.694354,23.637897
T2_income_only_s0_g1p0_r9,9,T2_income_only,extension,11009,1,51,80.0,0.0,1.0,true,2067,0,50.272339,0.000000,206,0,0.000000,0,true,converged,47.934649,52.409129,0.216963,27.578468,24.316064
T2_income_only_s0_g1p0_r10,10,T2_income_only,extension,11010,1,51,80.0,0.0,1.0,true,2072,0,50.943944,0.000000,189,0,0.000000,0,true,converged,50.642899,51.241339,0.214148,27.422495,23.978551
T2_income_only_s0_g1p0_r11,11,T2_income_only,extension,11011,1,51,80.0,0.0,1.0,true,2074,0,49.992786,0.000000,229,0,0.000000,0,true,converged,47.753995,52.047593,0.208899,27.345011,23.404640
T2_income_only_s0_g1p0_r12,12,T2_income_only,extension,11012,1,51,80.0,0.0,1.0,true,2103,0,51.436178,0.000000,221,0,0.000000,0,true,converged,51.003675,51.861111,0.219902,27.066152,23.808293
T2_income_only_s0_g1p0_r13,13,T2_income_only,extension,11013,1,51,80.0,0.0,1.0,true,2064,0,50.452951,0.000000,214,0,0.000000,0,true,converged,51.564062,49.289667,0.227628,27.252187,23.815982
T2_income_only_s0_g1p0_r14,14,T2_income_only,extension,11014,1,51,80.0,0.0,1.0,true,2040,0,50.413347,0.000000,202,0,0.000000,0,true,converged,49.487062,51.306273,0.209984,27.031449,24.569842
T2_income_only_s0_g1p0_r15,15,T2_income_only,extension,11015,1,51,80.0,0.0,1.0,true,2094,0,51.213971,0.000000,215,0,0.000000,0,true,converged,50.745413,51.673699,0.211302,27.302507,23.909401
T2_income_only_s0_g1p0_r16,16,T2_income_only,extension,11016,1,51,80.0,0.0,1.0,true,2075,0,51.177326,0.000000,194,0,0.000000,0,true,converged,49.343990,52.882592,0.210725,27.742543,23.974897
T2_income_only_s0_g1p0_r17,17,T2_income_only,extension,11017,1,51,80.0,0.0,1.0,true,2076,0,49.869942,0.000000,216,0,0.000000,0,true,converged,47.763891,51.812752,0.199915,27.119987,24.365191
T2_income_only_s0_g1p0_r18,18,T2_income_only,extension,11018,1,51,80.0,0.0,1.0,true,2106,0,51.292921,0.000000,205,0,0.000000,0,true,converged,50.594812,51.971576,0.220043,27.367414,24.140464
T2_income_only_s0_g1p0_r19,19,T2_income_only,extension,11019,1,51,80.0,0.0,1.0,true,2074,0,51.213486,0.000000,203,0,0.000000,0,true,converged,48.771555,53.433208,0.226726,27.271142,24.372711
T2_income_only_s0_g1p0_r20,20,T2_income_only,extension,11020,1,51,80.0,0.0,1.0,true,2067,0,50.457649,0.000000,220,0,0.000000,0,true,converged,47.554599,53.056167,0.229940,27.591605,23.566301
T2_income_only_s0_g1p0_r21,21,T2_income_only,extension,11021,1,51,80.0,0.0,1.0,true,2107,0,49.929498,0.000000,216,0,0.000000,0,true,converged,49.104200,50.728458,0.176098,26.864139,24.573331
T2_income_only_s0_g1p0_r22,22,T2_income_only,extension,11022,1,51,80.0,0.0,1.0,true,2097,0,50.416961,0.000000,219,0,0.000000,0,true,converged,50.014249,50.813236,0.203914,26.965009,23.874685
T2_income_only_s0_g1p0_r23,23,T2_income_only,extension,11023,1,51,80.0,0.0,1.0,true,2077,0,51.208503,0.000000,180,0,0.000000,0,true,converged,49.080687,53.165618,0.216964,27.692851,24.062876
T2_income_only_s0_g1p0_r24,24,T2_income_only,extension,11024,1,51,80.0,0.0,1.0,true,2070,0,52.026432,0.000000,182,0,0.000000,0,true,converged,51.405622,52.631579,0.220464,27.445073,24.682892
T2_income_only_s0_g1p0_r25,25,T2_income_only,extension,11025,1,51,80.0,0.0,1.0,true,2084,0,50.128645,0.000000,210,0,0.000000,0,true,converged,49.339335,50.893737,0.193487,27.151104,24.169316
T2_income_only_s0_g1p0_r26,26,T2_income_only,extension,11026,1,51,80.0,0.0,1.0,true,2078,0,50.765453,0.000000,188,0,0.000000,0,true,converged,50.601362,50.928458,0.224171,27.655437,24.509141
T2_income_only_s0_g1p0_r27,27,T2_income_only,extension,11027,1,51,80.0,0.0,1.0,true,2109,0,51.180107,0.000000,205,0,0.000000,0,true,converged,50.449166,51.889796,0.211740,27.398071,23.945672
T2_income_only_s0_g1p0_r28,28,T2_income_only,extension,11028,1,51,80.0,0.0,1.0,true,2103,0,51.062333,0.000000,223,0,0.000000,0,true,converged,51.233875,50.889579,0.224720,27.044122,24.061977
T2_income_only_s0_g1p0_r29,29,T2_income_only,extension,11029,1,51,80.0,0.0,1.0,true,2105,0,50.515320,0.000000,213,0,0.000000,0,true,converged,48.274858,52.569750,0.227235,26.864510,23.693721
T3_combined_s30_g0p0_r0,0,T3_combined,extension,310000,17,51,80.0,30.0,0.0,true,2080,0,75.619353,0.000000,1,0,0.000000,0,true,converged,75.551659,75.686673,0.407116,26.684844,25.512637
T3_combined_s30_g0p0_r1,1,T3_combined,extension,310001,12,51,80.0,30.0,0.0,true,2068,0,73.050996,0.000000,4,0,0.000000,0,true,converged,73.141522,72.959859,0.421174,26.173579,25.969397
T3_combined_s30_g0p0_r2,2,T3_combined,extension,310002,21,51,80.0,30.0,0.0,true,2121,0,74.223472,0.000000,1,0,0.000000,0,true,converged,73.724928,74.703448,0.369015,26.000595,26.718182
T3_combined_s30_g0p0_r3,3,T3_combined,extension,310003,16,51,80.0,30.0,0.0,true,2065,0,73.593265,0.000000,1,0,0.000000,0,true,converged,73.581560,73.604960,0.372714,26.320561,25.706043
T3_combined_s30_g0p0_r4,4,T3_combined,extension,310004,11,51,80.0,30.0,0.0,true,2072,0,73.940647,0.000000,2,0,0.000000,0,true,converged,73.597607,74.274887,0.355449,26.251718,26.296777
T3_combined_s30_g0p0_r5,5,T3_combined,extension,310005,13,51,80.0,30.0,0.0,true,2082,0,73.976009,0.000000,1,0,0.000000,0,true,converged,74.826659,73.065859,0.414856,26.556184,26.668786
T3_combined_s30_g0p0_r6,6,T3_combined,extension,310006,14,51,80.0,30.0,0.0,true,2079,0,73.358790,0.000000,1,0,0.000000,0,true,converged,73.197400,73.518248,0.339606,27.240757,25.470448
T3_combined_s30_g0p0_r7,7,T3_combined,extension,310007,16,51,80.0,30.0,0.0,true,2065,0,73.810931,0.000000,1,0,0.000000,0,true,converged,73.525459,74.090311,0.414716,26.649995,25.186748
T3_combined_s30_g0p0_r8,8,T3_combined,extension,310008,11,51,80.0,30.0,0.0,true,2056,0,71.623855,0.000000,1,0,0.000000,0,true,converged,71.927478,71.313591,0.359427,26.413687,26.099024
T3_combined_s30_g0p0_r9,9,T3_combined,extension,310009,17,51,80.0,30.0,0.0,true,2069,0,75.409111,0.000000,1,0,0.000000,0,true,converged,75.230175,75.585480,0.432662,25.317729,26.920880
T3_combined_s30_g0p0_r10,10,T3_combined,extension,310010,15,51,80.0,30.0,0.0,true,2051,0,73.904591,0.000000,1,0,0.000000,0,true,converged,74.447210,73.338426,0.382390,26.970559,25.281904
T3_combined_s30_g0p0_r11,11,T3_combined,extension,310011,14,51,80.0,30.0,0.0,true,2100,0,73.699216,0.000000,1,0,0.000000,0,true,converged,74.653112,72.670715,0.407597,26.314285,25.576600
T3_combined_s30_g0p0_r12,12,T3_combined,extension,310012,12,51,80.0,30.0,0.0,true,2072,0,72.924989,0.000000,1,0,0.000000,0,true,converged,73.827231,71.958321,0.373372,25.638066,26.833440
T3_combined_s30_g0p0_r13,13,T3_combined,extension,310013,16,51,80.0,30.0,0.0,true,2089,0,76.209736,0.000000,1,0,0.000000,0,true,converged,76.481508,75.931609,0.441134,26.072382,26.028229
T3_combined_s30_g0p0_r14,14,T3_combined,extension,310014,18,51,80.0,30.0,0.0,true,2079,0,71.969369,0.000000,1,0,0.000000,0,true,converged,72.821519,71.062053,0.340083,25.242214,26.489612
T3_combined_s30_g0p0_r15,15,T3_combined,extension,310015,16,51,80.0,30.0,0.0,true,2080,0,74.459696,0.000000,1,0,0.000000,0,true,converged,74.245325,74.670529,0.365497,25.413301,26.909616
T3_combined_s30_g0p0_r16,16,T3_combined,extension,310016,12,51,80.0,30.0,0.0,true,2073,0,72.745992,0.000000,1,0,0.000000,0,true,converged,72.256326,73.218673,0.385002,26.306865,25.828810
T3_combined_s30_g0p0_r17,17,T3_combined,extension,310017,15,51,80.0,30.0,0.0,true,2063,0,73.262348,0.000000,1,0,0.000000,0,true,converged,73.551785,72.966507,0.348182,25.970481,26.152958
T3_combined_s30_g0p0_r18,18,T3_combined,extension,310018,14,51,80.0,30.0,0.0,true,2085,0,75.000000,0.000000,1,0,0.000000,0,true,converged,74.602239,75.385494,0.399871,26.393527,25.931704
T3_combined_s30_g0p0_r19,19,T3_combined,extension,310019,25,51,80.0,30.0,0.0,true,2120,0,74.694737,0.000000,1,0,0.000000,0,true,converged,75.168710,74.202318,0.419872,25.893395,26.555380
T3_combined_s30_g0p0_r20,20,T3_combined,extension,310020,12,51,80.0,30.0,0.0,true,2103,0,74.025050,0.000000,1,0,0.000000,0,true,converged,73.477692,74.550272,0.359841,26.318323,25.782224
T3_combined_s30_g0p0_r21,21,T3_combined,extension,310021,13,51,80.0,30.0,0.0,true,2110,0,73.644621,0.000000,1,0,0.000000,0,true,converged,73.168617,74.104030,0.403342,26.890577,25.613328
T3_combined_s30_g0p0_r22,22,T3_combined,extension,310022,13,51,80.0,30.0,0.0,true,2046,0,74.178051,0.000000,1,0,0.000000,0,true,converged,74.397142,73.955179,0.411663,26.244888,25.606513
T3_combined_s30_g0p0_r23,23,T3_combined,extension,310023,20,51,80.0,30.0,0.0,true,2080,0,73.379630,0.000000,1,0,0.000000,0,true,converged,73.020528,73.729298,0.363602,25.552343,26.029907
T3_combined_s30_g0p0_r24,24,T3_combined,extension,310024,10,51,80.0,30.0,0.0,true,2053,0,71.783800,0.000000,1,0,0.000000,0,true,converged,72.193690,71.361644,0.341596,25.790474,25.909937
T3_combined_s30_g0p0_r25,25,T3_combined,extension,310025,12,51,80.0,30.0,0.0,true,2118,0,72.911964,0.000000,1,0,0.000000,0,true,converged,73.266500,72.547898,0.345576,26.719603,25.718258
T3_combined_s30_g0p0_r26,26,T3_combined,extension,310026,14,51,80.0,30.0,0.0,true,2060,0,75.235955,0.000000,1,0,0.000000,0,true,converged,75.543719,74.920346,0.374663,25.850948,26.902800
T3_combined_s30_g0p0_r27,27,T3_combined,extension,310027,14,51,80.0,30.0,0.0,true,2063,0,70.829038,0.000000,1,0,0.000000,0,true,converged,70.393065,71.252358,0.320364,25.211303,26.345505
T3_combined_s30_g0p0_r28,28,T3_combined,extension,310028,14,51,80.0,30.0,0.0,true,2065,0,74.826003,0.000000,1,0,0.000000,0,true,converged,75.029377,74.619289,0.377657,25.311272,26.795669
T3_combined_s30_g0p0_r29,29,T3_combined,extension,310029,12,51,80.0,30.0,0.0,true,2052,0,75.872968,0.000000,2,0,0.000000,0,true,converged,76.006586,75.737854,0.403457,25.808799,27.038413
T3_combined_s30_g0p25_r0,0,T3_combined,extension,310250,14,51,80.0,30.0,0.25,true,2125,0,73.863476,0.000000,1,0,0.000000,0,true,converged,72.671082,74.956170,0.385194,26.800940,26.070255
T3_combined_s30_g0p25_r1,1,T3_combined,extension,310251,18,51,80.0,30.0,0.25,true,2103,0,72.664953,0.000000,1,0,0.000000,0,true,converged,72.563073,72.766079,0.363530,27.745542,24.346890
T3_combined_s30_g0p25_r2,2,T3_combined,extension,310252,12,51,80.0,30.0,0.25,true,2071,0,73.713779,0.000000,1,0,0.000000,0,true,converged,73.891336,73.533790,0.364702,27.390927,24.758544
T3_combined_s30_g0p25_r3,3,T3_combined,extension,310253,16,51,80.0,30.0,0.25,true,2081,0,74.206120,0.000000,1,0,0.000000,0,true,converged,74.438564,73.969410,0.389270,25.653568,25.629471
T3_combined_s30_g0p25_r4,4,T3_combined,extension,310254,14,51,80.0,30.0,0.25,true,2111,0,76.172875,0.000000,2,0,0.000000,0,true,converged,76.347728,75.995417,0.437378,26.948898,25.227258
T3_combined_s30_g0p25_r5,5,T3_combined,extension,310255,14,51,80.0,30.0,0.25,true,2065,0,72.264932,0.000000,1,0,0.000000,0,true,converged,71.584368,72.913659,0.368626,27.014391,24.943345
T3_combined_s30_g0p25_r6,6,T3_combined,extension,310256,13,51,80.0,30.0,0.25,true,2066,0,73.104881,0.000000,1,0,0.000000,0,true,converged,72.248584,73.909915,0.369364,26.448871,25.540451
T3_combined_s30_g0p25_r7,7,T3_combined,extension,310257,15,51,80.0,30.0,0.25,true,2059,0,74.104356,0.000000,1,0,0.000000,0,true,converged,74.291617,73.914346,0.399196,26.379197,25.786719
T3_combined_s30_g0p25_r8,8,T3_combined,extension,310258,13,51,80.0,30.0,0.25,true,2094,0,73.738680,0.000000,1,0,0.000000,0,true,converged,73.888809,73.586815,0.388713,27.263892,25.158647
T3_combined_s30_g0p25_r9,9,T3_combined,extension,310259,12,51,80.0,30.0,0.25,true,2081,0,73.401910,0.000000,1,0,0.000000,0,true,converged,73.684211,73.113488,0.372550,27.084214,25.894944
T3_combined_s30_g0p25_r10,10,T3_combined,extension,310260,13,51,80.0,30.0,0.25,true,2096,0,72.322829,0.000000,1,0,0.000000,0,true,converged,72.642706,71.995383,0.349659,26.190562,25.037683
T3_combined_s30_g0p25_r11,11,T3_combined,extension,310261,13,51,80.0,30.0,0.25,true,2082,0,73.490081,0.000000,1,0,0.000000,0,true,converged,73.892909,73.074627,0.366868,27.062532,25.617966
T3_combined_s30_g0p25_r12,12,T3_combined,extension,310262,13,51,80.0,30.0,0.25,true,2080,0,73.322730,0.000000,1,0,0.000000,0,true,converged,72.903510,73.729176,0.368298,26.335129,25.411111
T3_combined_s30_g0p25_r13,13,T3_combined,extension,310263,12,51,80.0,30.0,0.25,true,2085,0,73.705702,0.000000,3,0,0.000000,0,true,converged,73.903604,73.504776,0.352112,26.849319,25.376313
T3_combined_s30_g0p25_r14,14,T3_combined,extension,310264,16,51,80.0,30.0,0.25,true,2052,0,73.287064,0.000000,1,0,0.000000,0,true,converged,73.579670,72.987905,0.366634,25.788664,25.322451
T3_combined_s30_g0p25_r15,15,T3_combined,extension,310265,17,51,80.0,30.0,0.25,true,2092,0,74.826188,0.000000,2,0,0.000000,0,true,converged,74.343076,75.291442,0.416551,27.301394,25.293930
T3_combined_s30_g0p25_r16,16,T3_combined,extension,310266,14,51,80.0,30.0,0.25,true,2053,0,74.285714,0.000000,1,0,0.000000,0,true,converged,74.052830,74.514455,0.427445,26.890127,24.947780
T3_combined_s30_g0p25_r17,17,T3_combined,extension,310267,16,51,80.0,30.0,0.25,true,2044,0,75.646811,0.000000,1,0,0.000000,0,true,converged,75.694340,75.599096,0.428947,26.475388,25.175229
T3_combined_s30_g0p25_r18,18,T3_combined,extension,310268,14,51,80.0,30.0,0.25,true,2084,0,74.263746,0.000000,1,0,0.000000,0,true,converged,74.139942,74.386370,0.377844,26.710199,25.232554
T3_combined_s30_g0p25_r19,19,T3_combined,extension,310269,13,51,80.0,30.0,0.25,true,2085,0,73.073030,0.000000,1,0,0.000000,0,true,converged,73.208633,72.936047,0.397195,27.291245,24.549280
T3_combined_s30_g0p25_r20,20,T3_combined,extension,310270,27,51,80.0,30.0,0.25,true,2053,0,72.051551,0.000000,1,0,0.000000,0,true,converged,72.093371,72.009605,0.374065,27.031570,25.824822
T3_combined_s30_g0p25_r21,21,T3_combined,extension,310271,17,51,80.0,30.0,0.25,true,2078,0,74.101774,0.000000,1,0,0.000000,0,true,converged,73.704586,74.487142,0.349920,26.522025,25.828115
T3_combined_s30_g0p25_r22,22,T3_combined,extension,310272,12,51,80.0,30.0,0.25,true,2052,0,73.506960,0.000000,1,0,0.000000,0,true,converged,73.832052,73.173689,0.397243,26.560761,25.628026
T3_combined_s30_g0p25_r23,23,T3_combined,extension,310273,10,51,80.0,30.0,0.25,true,2095,0,73.375322,0.000000,4,0,0.000000,0,true,converged,73.268181,73.481608,0.369075,26.427363,25.574788
T3_combined_s30_g0p25_r24,24,T3_combined,extension,310274,15,51,80.0,30.0,0.25,true,2073,0,73.062839,0.000000,1,0,0.000000,0,true,converged,72.629856,73.482336,0.398938,26.984268,25.067111
T3_combined_s30_g0p25_r25,25,T3_combined,extension,310275,14,51,80.0,30.0,0.25,true,2060,0,73.174345,0.000000,1,0,0.000000,0,true,converged,72.581378,73.742207,0.347345,27.248146,24.775983
T3_combined_s30_g0p25_r26,26,T3_combined,extension,310276,12,51,80.0,30.0,0.25,true,2071,0,73.512167,0.000000,1,0,0.000000,0,true,converged,73.883509,73.130112,0.365786,26.940153,25.282620
T3_combined_s30_g0p25_r27,27,T3_combined,extension,310277,16,51,80.0,30.0,0.25,true,2093,0,73.392398,0.000000,3,0,0.000000,0,true,converged,73.767258,73.006669,0.394775,25.604827,25.946847
T3_combined_s30_g0p25_r28,28,T3_combined,extension,310278,12,51,80.0,30.0,0.25,true,2090,0,75.546547,0.000000,4,0,0.000000,0,true,converged,75.574837,75.518191,0.437353,27.125480,25.127766
T3_combined_s30_g0p25_r29,29,T3_combined,extension,310279,14,51,80.0,30.0,0.25,true,2083,0,73.980919,0.000000,1,0,0.000000,0,true,converged,74.093264,73.867596,0.364271,26.666314,25.576230
T3_combined_s30_g0p5_r0,0,T3_combined,extension,310500,11,51,80.0,30.0,0.5,true,2069,0,73.495744,0.000000,2,0,0.000000,0,true,converged,73.084948,73.894189,0.395050,27.570992,24.080392
T3_combined_s30_g0p5_r1,1,T3_combined,extension,310501,11,51,80.0,30.0,0.5,true,2089,0,73.992516,0.000000,1,0,0.000000,0,true,converged,73.624288,74.350603,0.388662,26.717516,25.358027
T3_combined_s30_g0p5_r2,2,T3_combined,extension,310502,11,51,80.0,30.0,0.5,true,2081,0,75.054865,0.000000,3,0,0.000000,0,true,converged,74.201846,75.853279,0.417328,27.453371,25.223571
T3_combined_s30_g0p5_r3,3,T3_combined,extension,310503,10,51,80.0,30.0,0.5,true,2072,0,75.339233,0.000000,1,0,0.000000,0,true,converged,74.849579,75.810185,0.451808,27.195698,25.274498
T3_combined_s30_g0p5_r4,4,T3_combined,extension,310504,12,51,80.0,30.0,0.5,true,2070,0,74.731578,0.000000,1,0,0.000000,0,true,converged,74.312201,75.137482,0.403353,26.932613,25.136907
T3_combined_s30_g0p5_r5,5,T3_combined,extension,310505,16,51,80.0,30.0,0.5,true,2103,0,73.766752,0.000000,1,0,0.000000,0,true,converged,73.107279,74.394656,0.409575,27.052625,25.176346
T3_combined_s30_g0p5_r6,6,T3_combined,extension,310506,14,51,80.0,30.0,0.5,true,2059,0,75.070653,0.000000,1,0,0.000000,0,true,converged,74.167694,75.912619,0.400542,27.357772,25.040303
T3_combined_s30_g0p5_r7,7,T3_combined,extension,310507,10,51,80.0,30.0,0.5,true,2073,0,72.047417,0.000000,1,0,0.000000,0,true,converged,72.446624,71.636472,0.356119,27.326041,25.163338
T3_combined_s30_g0p5_r8,8,T3_combined,extension,310508,14,51,80.0,30.0,0.5,true,2085,0,75.007223,0.000000,2,0,0.000000,0,true,converged,74.869262,75.143678,0.387479,26.880527,24.915638
T3_combined_s30_g0p5_r9,9,T3_combined,extension,310509,11,51,80.0,30.0,0.5,true,2067,0,72.467417,0.000000,1,0,0.000000,0,true,converged,72.625534,72.307463,0.332732,27.408879,24.617495
T3_combined_s30_g0p5_r10,10,T3_combined,extension,310510,12,51,80.0,30.0,0.5,true,2119,0,73.762376,0.000000,1,0,0.000000,0,true,converged,73.205258,74.296799,0.408616,28.181002,24.632581
T3_combined_s30_g0p5_r11,11,T3_combined,extension,310511,14,51,80.0,30.0,0.5,true,2083,0,73.896104,0.000000,1,0,0.000000,0,true,converged,74.086807,73.702573,0.389372,26.893524,24.517043
T3_combined_s30_g0p5_r12,12,T3_combined,extension,310512,14,51,80.0,30.0,0.5,true,2102,0,74.982099,0.000000,1,0,0.000000,0,true,converged,75.321373,74.633367,0.383468,27.710811,24.462880
T3_combined_s30_g0p5_r13,13,T3_combined,extension,310513,13,51,80.0,30.0,0.5,true,2077,0,73.222368,0.000000,1,0,0.000000,0,true,converged,72.965802,73.474111,0.375121,27.317561,24.839876
T3_combined_s30_g0p5_r14,14,T3_combined,extension,310514,11,51,80.0,30.0,0.5,true,2064,0,74.001184,0.000000,3,0,0.000000,0,true,converged,72.948422,74.975075,0.398319,27.358389,24.456689
T3_combined_s30_g0p5_r15,15,T3_combined,extension,310515,13,51,80.0,30.0,0.5,true,2087,0,76.495354,0.000000,1,0,0.000000,0,true,converged,76.450909,76.539632,0.429794,26.847589,25.509816
T3_combined_s30_g0p5_r16,16,T3_combined,extension,310516,11,51,80.0,30.0,0.5,true,2089,0,73.985027,0.000000,1,0,0.000000,0,true,converged,74.145085,73.822976,0.420128,27.474929,24.794989
T3_combined_s30_g0p5_r17,17,T3_combined,extension,310517,14,51,80.0,30.0,0.5,true,2080,0,75.640463,0.000000,2,0,0.000000,0,true,converged,73.926669,77.142857,0.443702,27.663976,24.675987
T3_combined_s30_g0p5_r18,18,T3_combined,extension,310518,31,51,80.0,30.0,0.5,true,2106,0,73.167966,0.000000,1,0,0.000000,0,true,converged,72.836849,73.491108,0.370265,26.830537,25.235495
T3_combined_s30_g0p5_r19,19,T3_combined,extension,310519,14,51,80.0,30.0,0.5,true,2082,0,73.755126,0.000000,1,0,0.000000,0,true,converged,73.189707,74.297189,0.417295,27.992402,24.472461
T3_combined_s30_g0p5_r20,20,T3_combined,extension,310520,14,51,80.0,30.0,0.5,true,2060,0,74.141022,0.000000,1,0,0.000000,0,true,converged,73.800515,74.472792,0.387880,28.273700,24.465360
T3_combined_s30_g0p5_r21,21,T3_combined,extension,310521,13,51,80.0,30.0,0.5,true,2073,0,74.916144,0.000000,2,0,0.000000,0,true,converged,73.947289,75.815523,0.390077,27.480679,25.017000
T3_combined_s30_g0p5_r22,22,T3_combined,extension,310522,13,51,80.0,30.0,0.5,true,2078,0,74.816446,0.000000,1,0,0.000000,0,true,converged,74.641431,74.989062,0.381843,27.825974,24.320436
T3_combined_s30_g0p5_r23,23,T3_combined,extension,310523,13,51,80.0,30.0,0.5,true,2097,0,75.983348,0.000000,2,0,0.000000,0,true,converged,76.007457,75.959190,0.423368,26.751539,25.754824
T3_combined_s30_g0p5_r24,24,T3_combined,extension,310524,14,51,80.0,30.0,0.5,true,2089,0,75.115407,0.000000,1,0,0.000000,0,true,converged,75.367700,74.857892,0.420828,27.685525,24.844399
T3_combined_s30_g0p5_r25,25,T3_combined,extension,310525,12,51,80.0,30.0,0.5,true,2103,0,73.605211,0.000000,3,0,0.000000,0,true,converged,73.694609,73.515203,0.426030,26.068093,25.664355
T3_combined_s30_g0p5_r26,26,T3_combined,extension,310526,14,51,80.0,30.0,0.5,true,2091,0,73.449024,0.000000,1,0,0.000000,0,true,converged,72.936321,73.942663,0.374397,26.285668,26.101309
T3_combined_s30_g0p5_r27,27,T3_combined,extension,310527,11,51,80.0,30.0,0.5,true,2082,0,74.027880,0.000000,1,0,0.000000,0,true,converged,73.847518,74.205771,0.392661,27.408667,25.259694
T3_combined_s30_g0p5_r28,28,T3_combined,extension,310528,16,51,80.0,30.0,0.5,true,2088,0,76.233055,0.000000,1,0,0.000000,0,true,converged,75.714707,76.729737,0.451545,26.979879,24.922565
T3_combined_s30_g0p5_r29,29,T3_combined,extension,310529,13,51,80.0,30.0,0.5,true,2060,0,75.473386,0.000000,1,0,0.000000,0,true,converged,75.451425,75.495308,0.415336,27.118072,25.112284
T3_combined_s30_g0p75_r0,0,T3_combined,extension,310750,12,51,80.0,30.0,0.75,true,2069,0,73.967126,0.000000,2,0,0.000000,0,true,converged,72.332389,75.419463,0.406258,28.277093,24.456393
T3_combined_s30_g0p75_r1,1,T3_combined,extension,310751,15,51,80.0,30.0,0.75,true,2074,0,73.906663,0.000000,1,0,0.000000,0,true,converged,72.157845,75.448771,0.385208,27.588752,24.910754
T3_combined_s30_g0p75_r2,2,T3_combined,extension,310752,14,51,80.0,30.0,0.75,true,2101,0,73.070866,0.000000,1,0,0.000000,0,true,converged,71.853958,74.186908,0.379768,27.741828,24.610740
T3_combined_s30_g0p75_r3,3,T3_combined,extension,310753,12,51,80.0,30.0,0.75,true,2073,0,71.420145,0.000000,2,0,0.000000,0,true,converged,70.760410,72.050764,0.356493,28.312783,24.189067
T3_combined_s30_g0p75_r4,4,T3_combined,extension,310754,13,51,80.0,30.0,0.75,true,2095,0,73.048728,0.000000,2,0,0.000000,0,true,converged,72.495233,73.580386,0.362143,27.472594,24.666100
T3_combined_s30_g0p75_r5,5,T3_combined,extension,310755,15,51,80.0,30.0,0.75,true,2092,0,75.251944,0.000000,2,0,0.000000,0,true,converged,74.169797,76.247064,0.390363,27.809258,24.461504
T3_combined_s30_g0p75_r6,6,T3_combined,extension,310756,9,51,80.0,30.0,0.75,true,2090,0,73.960139,0.000000,7,0,0.000000,0,true,converged,73.911156,74.008938,0.390589,28.019000,24.185572
T3_combined_s30_g0p75_r7,7,T3_combined,extension,310757,15,51,80.0,30.0,0.75,true,2074,0,76.420621,0.000000,1,0,0.000000,0,true,converged,75.207884,77.520246,0.418071,28.095615,24.097174
T3_combined_s30_g0p75_r8,8,T3_combined,extension,310758,14,51,80.0,30.0,0.75,true,2086,0,75.200116,0.000000,1,0,0.000000,0,true,converged,74.635308,75.740319,0.441035,28.980536,23.431510
T3_combined_s30_g0p75_r9,9,T3_combined,extension,310759,13,51,80.0,30.0,0.75,true,2078,0,73.489051,0.000000,1,0,0.000000,0,true,converged,73.696408,73.278399,0.416659,27.507473,24.318631
T3_combined_s30_g0p75_r10,10,T3_combined,extension,310760,14,51,80.0,30.0,0.75,true,2092,0,74.386569,0.000000,1,0,0.000000,0,true,converged,73.338312,75.355516,0.425815,27.636887,24.056160
T3_combined_s30_g0p75_r11,11,T3_combined,extension,310761,16,51,80.0,30.0,0.75,true,2101,0,72.972973,0.000000,2,0,0.000000,0,true,converged,72.779370,73.163842,0.366019,27.902986,24.419932
T3_combined_s30_g0p75_r12,12,T3_combined,extension,310762,12,51,80.0,30.0,0.75,true,2098,0,73.194107,0.000000,1,0,0.000000,0,true,converged,72.674249,73.694554,0.396959,28.121872,23.915346
T3_combined_s30_g0p75_r13,13,T3_combined,extension,310763,15,51,80.0,30.0,0.75,true,2099,0,73.698591,0.000000,1,0,0.000000,0,true,converged,72.615661,74.699129,0.386851,28.245114,24.377163
T3_combined_s30_g0p75_r14,14,T3_combined,extension,310764,17,51,80.0,30.0,0.75,true,2097,0,76.568978,0.000000,1,0,0.000000,0,true,converged,75.879323,77.220292,0.467794,28.096679,23.978822
T3_combined_s30_g0p75_r15,15,T3_combined,extension,310765,14,51,80.0,30.0,0.75,true,2081,0,73.890187,0.000000,1,0,0.000000,0,true,converged,73.096599,74.638298,0.366831,27.835335,24.454513
T3_combined_s30_g0p75_r16,16,T3_combined,extension,310766,22,51,80.0,30.0,0.75,true,2056,0,75.293593,0.000000,1,0,0.000000,0,true,converged,73.694207,76.709641,0.441267,28.546319,23.578664
T3_combined_s30_g0p75_r17,17,T3_combined,extension,310767,11,51,80.0,30.0,0.75,true,2062,0,75.122750,0.000000,2,0,0.000000,0,true,converged,74.543240,75.676462,0.404190,28.084445,24.411521
T3_combined_s30_g0p75_r18,18,T3_combined,extension,310768,16,51,80.0,30.0,0.75,true,2038,0,74.230537,0.000000,1,0,0.000000,0,true,converged,74.034661,74.423480,0.419203,26.811545,25.208629
T3_combined_s30_g0p75_r19,19,T3_combined,extension,310769,13,51,80.0,30.0,0.75,true,2081,0,73.882010,0.000000,3,0,0.000000,0,true,converged,72.006245,75.522184,0.414668,28.844791,23.870851
T3_combined_s30_g0p75_r20,20,T3_combined,extension,310770,12,51,80.0,30.0,0.75,true,2088,0,75.369244,0.000000,3,0,0.000000,0,true,converged,74.309017,76.345432,0.419962,28.605411,23.854639
T3_combined_s30_g0p75_r21,21,T3_combined,extension,310771,16,51,80.0,30.0,0.75,true,2124,0,74.719574,0.000000,3,0,0.000000,0,true,converged,75.127604,74.297933,0.397678,28.683484,23.842091
T3_combined_s30_g0p75_r22,22,T3_combined,extension,310772,12,51,80.0,30.0,0.75,true,2087,0,73.683451,0.000000,1,0,0.000000,0,true,converged,72.873290,74.446624,0.372873,26.980295,25.065115
T3_combined_s30_g0p75_r23,23,T3_combined,extension,310773,15,51,80.0,30.0,0.75,true,2083,0,73.949334,0.000000,1,0,0.000000,0,true,converged,73.593588,74.295622,0.383684,27.830506,24.571624
T3_combined_s30_g0p75_r24,24,T3_combined,extension,310774,15,51,80.0,30.0,0.75,true,2094,0,76.277530,0.000000,1,0,0.000000,0,true,converged,75.548961,76.963936,0.445451,28.913041,23.537666
T3_combined_s30_g0p75_r25,25,T3_combined,extension,310775,17,51,80.0,30.0,0.75,true,2069,0,72.945508,0.000000,1,0,0.000000,0,true,converged,72.035317,73.798317,0.387523,29.173846,23.300005
T3_combined_s30_g0p75_r26,26,T3_combined,extension,310776,13,51,80.0,30.0,0.75,true,2059,0,75.703439,0.000000,2,0,0.000000,0,true,converged,75.685340,75.721511,0.437275,27.413176,24.678695
T3_combined_s30_g0p75_r27,27,T3_combined,extension,310777,13,51,80.0,30.0,0.75,true,2073,0,73.684982,0.000000,2,0,0.000000,0,true,converged,72.829047,74.488636,0.407473,27.475176,24.424726
T3_combined_s30_g0p75_r28,28,T3_combined,extension,310778,14,51,80.0,30.0,0.75,true,2113,0,74.338143,0.000000,1,0,0.000000,0,true,converged,73.106283,75.462095,0.418479,27.312389,24.641688
T3_combined_s30_g0p75_r29,29,T3_combined,extension,310779,17,51,80.0,30.0,0.75,true,2047,0,73.574116,0.000000,1,0,0.000000,0,true,converged,72.926303,74.191652,0.418542,27.898380,24.188335
T3_combined_s30_g1p0_r0,0,T3_combined,extension,311000,12,51,80.0,30.0,1.0,true,2081,0,75.357091,0.000000,2,0,0.000000,0,true,converged,73.915699,76.647525,0.420200,28.323716,23.372407
T3_combined_s30_g1p0_r1,1,T3_combined,extension,311001,20,51,80.0,30.0,1.0,true,2087,0,73.743098,0.000000,1,0,0.000000,0,true,converged,73.082080,74.372429,0.388637,28.370565,24.111899
T3_combined_s30_g1p0_r2,2,T3_combined,extension,311002,12,51,80.0,30.0,1.0,true,2055,0,76.818521,0.000000,2,0,0.000000,0,true,converged,75.900621,77.669065,0.455357,28.750064,23.827830
T3_combined_s30_g1p0_r3,3,T3_combined,extension,311003,12,51,80.0,30.0,1.0,true,2056,0,74.848440,0.000000,2,0,0.000000,0,true,converged,75.127943,74.562584,0.429369,27.843253,23.639970
T3_combined_s30_g1p0_r4,4,T3_combined,extension,311004,16,51,80.0,30.0,1.0,true,2076,0,75.230297,0.000000,1,0,0.000000,0,true,converged,73.841878,76.478756,0.454636,28.859040,23.683823
T3_combined_s30_g1p0_r5,5,T3_combined,extension,311005,15,51,80.0,30.0,1.0,true,2066,0,73.563901,0.000000,1,0,0.000000,0,true,converged,72.953683,74.147191,0.400581,28.388779,24.113455
T3_combined_s30_g1p0_r6,6,T3_combined,extension,311006,13,51,80.0,30.0,1.0,true,2073,0,76.152833,0.000000,2,0,0.000000,0,true,converged,75.913056,76.387882,0.422178,28.926361,23.374201
T3_combined_s30_g1p0_r7,7,T3_combined,extension,311007,13,51,80.0,30.0,1.0,true,2088,0,75.645439,0.000000,2,0,0.000000,0,true,converged,74.679392,76.540481,0.431123,27.987748,23.968467
T3_combined_s30_g1p0_r8,8,T3_combined,extension,311008,12,51,80.0,30.0,1.0,true,2059,0,73.704471,0.000000,2,0,0.000000,0,true,converged,73.147868,74.238468,0.422046,28.609109,23.366524
T3_combined_s30_g1p0_r9,9,T3_combined,extension,311009,17,51,80.0,30.0,1.0,true,2094,0,75.678815,0.000000,1,0,0.000000,0,true,converged,74.091261,77.083048,0.440988,28.882548,24.110851
T3_combined_s30_g1p0_r10,10,T3_combined,extension,311010,13,51,80.0,30.0,1.0,true,2059,0,74.877214,0.000000,2,0,0.000000,0,true,converged,74.205379,75.514941,0.406496,28.796465,23.456977
T3_combined_s30_g1p0_r11,11,T3_combined,extension,311011,13,51,80.0,30.0,1.0,true,2042,0,72.805300,0.000000,1,0,0.000000,0,true,converged,72.536496,73.068894,0.350488,27.933230,23.654129
T3_combined_s30_g1p0_r12,12,T3_combined,extension,311012,10,51,80.0,30.0,1.0,true,2052,0,75.025999,0.000000,1,0,0.000000,0,true,converged,73.116904,76.681925,0.435758,28.531625,22.989973
T3_combined_s30_g1p0_r13,13,T3_combined,extension,311013,16,51,80.0,30.0,1.0,true,2077,0,75.791461,0.000000,1,0,0.000000,0,true,converged,75.941694,75.639339,0.430164,29.654456,22.552865
T3_combined_s30_g1p0_r14,14,T3_combined,extension,311014,14,51,80.0,30.0,1.0,true,2063,0,75.167286,0.000000,1,0,0.000000,0,true,converged,74.204510,76.060780,0.440442,28.748505,23.535319
T3_combined_s30_g1p0_r15,15,T3_combined,extension,311015,16,51,80.0,30.0,1.0,true,2078,0,74.955960,0.000000,1,0,0.000000,0,true,converged,74.088700,75.767045,0.380960,28.697687,23.538254
T3_combined_s30_g1p0_r16,16,T3_combined,extension,311016,13,51,80.0,30.0,1.0,true,2118,0,74.922818,0.000000,1,0,0.000000,0,true,converged,74.067624,75.723407,0.418529,28.036137,24.062243
T3_combined_s30_g1p0_r17,17,T3_combined,extension,311017,23,51,80.0,30.0,1.0,true,2098,0,75.710371,0.000000,1,0,0.000000,0,true,converged,75.322392,76.086339,0.478037,29.764147,23.663392
T3_combined_s30_g1p0_r18,18,T3_combined,extension,311018,13,51,80.0,30.0,1.0,true,2076,0,75.736264,0.000000,1,0,0.000000,0,true,converged,75.560803,75.909223,0.473444,28.358412,24.042934
T3_combined_s30_g1p0_r19,19,T3_combined,extension,311019,18,51,80.0,30.0,1.0,true,2071,0,73.787991,0.000000,1,0,0.000000,0,true,converged,73.884786,73.690476,0.399449,28.498162,24.464422
T3_combined_s30_g1p0_r20,20,T3_combined,extension,311020,14,51,80.0,30.0,1.0,true,2093,0,74.534884,0.000000,1,0,0.000000,0,true,converged,73.574661,75.427770,0.435616,29.618322,23.401685
T3_combined_s30_g1p0_r21,21,T3_combined,extension,311021,14,51,80.0,30.0,1.0,true,2059,0,75.913276,0.000000,1,0,0.000000,0,true,converged,75.528063,76.286550,0.451241,28.491692,23.489252
T3_combined_s30_g1p0_r22,22,T3_combined,extension,311022,15,51,80.0,30.0,1.0,true,2087,0,75.498988,0.000000,1,0,0.000000,0,true,converged,74.663476,76.281154,0.432843,27.563624,24.311549
T3_combined_s30_g1p0_r23,23,T3_combined,extension,311023,11,51,80.0,30.0,1.0,true,2106,0,73.568784,0.000000,3,0,0.000000,0,true,converged,72.315036,74.713896,0.416894,28.692838,23.479883
T3_combined_s30_g1p0_r24,24,T3_combined,extension,311024,11,51,80.0,30.0,1.0,true,2053,0,75.194030,0.000000,3,0,0.000000,0,true,converged,74.128269,76.175459,0.402807,28.298398,23.468814
T3_combined_s30_g1p0_r25,25,T3_combined,extension,311025,11,51,80.0,30.0,1.0,true,2073,0,73.117351,0.000000,2,0,0.000000,0,true,converged,71.094597,74.875521,0.416738,27.376461,23.534821
T3_combined_s30_g1p0_r26,26,T3_combined,extension,311026,15,51,80.0,30.0,1.0,true,2057,0,76.928817,0.000000,1,0,0.000000,0,true,converged,76.547330,77.298091,0.450763,28.314162,24.006216
T3_combined_s30_g1p0_r27,27,T3_combined,extension,311027,16,51,80.0,30.0,1.0,true,2072,0,73.522114,0.000000,1,0,0.000000,0,true,converged,73.005952,74.018906,0.423682,28.724178,22.854981
T3_combined_s30_g1p0_r28,28,T3_combined,extension,311028,15,51,80.0,30.0,1.0,true,2076,0,73.244147,0.000000,1,0,0.000000,0,true,converged,73.067916,73.418087,0.388264,28.294925,23.223683
T3_combined_s30_g1p0_r29,29,T3_combined,extension,311029,11,51,80.0,30.0,1.0,true,2070,0,74.432899,0.000000,1,0,0.000000,0,true,converged,73.324172,75.453140,0.381819,27.208975,24.518006
