run_id,repetition,treatment,mode,seed,tick,size,density,similar_wanted,income_gap,use_affordability,population,unhappy_count,percent_similar,percent_unhappy,moved_count,stuck_unhappy,stuck_unhappy_fraction,no_movement_ticks,converged,termination_reason,isolation_blue,isolation_orange,dissimilarity,mean_rent_blue,mean_rent_orange
rep_d70_s15_r0,0,replication,baseline,7025000,5,51,70.0,15.0,0.0,true,1852,0,55.232558,0.000000,1,0,0.000000,0,true,converged,55.274499,55.190539,0.251206,0.000000,0.000000
rep_d70_s15_r1,1,replication,baseline,7025001,6,51,70.0,15.0,0.0,true,1777,0,54.119812,0.000000,1,0,0.000000,0,true,converged,54.110429,54.129191,0.224177,0.000000,0.000000
rep_d70_s15_r2,2,replication,baseline,7025002,4,51,70.0,15.0,0.0,true,1791,0,52.771619,0.000000,1,0,0.000000,0,true,converged,53.777865,51.720585,0.206496,0.000000,0.000000
rep_d70_s15_r3,3,replication,baseline,7025003,4,51,70.0,15.0,0.0,true,1778,0,55.566947,0.000000,2,0,0.000000,0,true,converged,57.601252,53.327590,0.240468,0.000000,0.000000
rep_d70_s15_r4,4,replication,baseline,7025004,4,51,70.0,15.0,0.0,true,1797,0,54.407051,0.000000,2,0,0.000000,0,true,converged,54.461785,54.352186,0.235892,0.000000,0.000000
rep_d70_s15_r5,5,replication,baseline,7025005,4,51,70.0,15.0,0.0,true,1853,0,53.524355,0.000000,1,0,0.000000,0,true,converged,51.964462,54.986124,0.237318,0.000000,0.000000
rep_d70_s15_r6,6,replication,baseline,7025006,3,51,70.0,15.0,0.0,true,1801,0,53.159259,0.000000,1,0,0.000000,0,true,converged,52.981192,53.335981,0.210870,0.000000,0.000000
rep_d70_s15_r7,7,replication,baseline,7025007,5,51,70.0,15.0,0.0,true,1819,0,53.963893,0.000000,2,0,0.000000,0,true,converged,53.359841,54.552499,0.190947,0.000000,0.000000
rep_d70_s15_r8,8,replication,baseline,7025008,6,51,70.0,15.0,0.0,true,1813,0,53.551697,0.000000,1,0,0.000000,0,true,converged,53.987490,53.107570,0.207743,0.000000,0.000000
rep_d70_s15_r9,9,replication,baseline,7025009,4,51,70.0,15.0,0.0,true,1826,0,54.271160,0.000000,1,0,0.000000,0,true,converged,53.745541,54.784967,0.238070,0.000000,0.000000
rep_d70_s15_r10,10,replication,baseline,7025010,6,51,70.0,15.0,0.0,true,1822,0,54.195669,0.000000,1,0,0.000000,0,true,converged,55.073013,53.283376,0.207885,0.000000,0.000000
rep_d70_s15_r11,11,replication,baseline,7025011,4,51,70.0,15.0,0.0,true,1807,0,54.191380,0.000000,2,0,0.000000,0,true,converged,53.743262,54.630899,0.231821,0.000000,0.000000
rep_d70_s15_r12,12,replication,baseline,7025012,4,51,70.0,15.0,0.0,true,1794,0,54.040000,0.000000,1,0,0.000000,0,true,converged,54.021609,54.058377,0.237920,0.000000,0.000000
rep_d70_s15_r13,13,replication,baseline,7025013,4,51,70.0,15.0,0.0,true,1801,0,54.628526,0.000000,1,0,0.000000,0,true,converged,55.736434,53.463733,0.220805,0.000000,0.000000
rep_d70_s15_r14,14,replication,baseline,7025014,5,51,70.0,15.0,0.0,true,1825,0,54.187476,0.000000,1,0,0.000000,0,true,converged,54.649173,53.716282,0.228982,0.000000,0.000000
rep_d70_s15_r15,15,replication,baseline,7025015,4,51,70.0,15.0,0.0,true,1816,0,53.610073,0.000000,2,0,0.000000,0,true,converged,53.909304,53.306931,0.201454,0.000000,0.000000
rep_d70_s15_r16,16,replication,baseline,7025016,9,51,70.0,15.0,0.0,true,1814,0,54.684437,0.000000,1,0,0.000000,0,true,converged,55.071901,54.290233,0.242629,0.000000,0.000000
rep_d70_s15_r17,17,replication,baseline,7025017,7,51,70.0,15.0,0.0,true,1804,0,54.705295,0.000000,1,0,0.000000,0,true,converged,52.917965,56.361886,0.248653,0.000000,0.000000
rep_d70_s15_r18,18,replication,baseline,7025018,3,51,70.0,15.0,0.0,true,1823,0,53.324288,0.000000,6,0,0.000000,0,true,converged,52.222222,54.376658,0.227166,0.000000,0.000000
rep_d70_s15_r19,19,replication,baseline,7025019,4,51,70.0,15.0,0.0,true,1827,0,54.958114,0.000000,1,0,0.000000,0,true,converged,56.095708,53.760000,0.228333,0.000000,0.000000
rep_d70_s15_r20,20,replication,baseline,7025020,9,51,70.0,15.0,0.0,true,1805,0,53.334657,0.000000,1,0,0.000000,0,true,converged,52.819587,53.838602,0.226065,0.000000,0.000000
rep_d70_s15_r21,21,replication,baseline,7025021,4,51,70.0,15.0,0.0,true,1824,0,54.286265,0.000000,1,0,0.000000,0,true,converged,53.296595,55.234861,0.221938,0.000000,0.000000
rep_d70_s15_r22,22,replication,baseline,7025022,4,51,70.0,15.0,0.0,true,1791,0,54.350010,0.000000,5,0,0.000000,0,true,converged,53.173949,55.468444,0.237337,0.000000,0.000000
rep_d70_s15_r23,23,replication,baseline,7025023,4,51,70.0,15.0,0.0,true,1847,0,54.724858,0.000000,1,0,0.000000,0,true,converged,54.326187,55.116629,0.248072,0.000000,0.000000
rep_d70_s15_r24,24,replication,baseline,7025024,4,51,70.0,15.0,0.0,true,1824,0,54.028527,0.000000,1,0,0.000000,0,true,converged,54.125793,53.930848,0.216733,0.000000,0.000000
rep_d70_s15_r25,25,replication,baseline,7025025,3,51,70.0,15.0,0.0,true,1799,0,53.483689,0.000000,4,0,0.000000,0,true,converged,53.464948,53.502415,0.215607,0.000000,0.000000
rep_d70_s15_r26,26,replication,baseline,7025026,5,51,70.0,15.0,0.0,true,1841,0,53.471168,0.000000,1,0,0.000000,0,true,converged,52.322643,54.565660,0.242467,0.000000,0.000000
rep_d70_s15_r27,27,replication,baseline,7025027,4,51,70.0,15.0,0.0,true,1837,0,54.225217,0.000000,1,0,0.000000,0,true,converged,53.572823,54.859529,0.228150,0.000000,0.000000
rep_d70_s15_r28,28,replication,baseline,7025028,4,51,70.0,15.0,0.0,true,1849,0,54.155598,0.000000,1,0,0.000000,0,true,converged,53.627639,54.671670,0.224896,0.000000,0.000000
rep_d70_s15_r29,29,replication,baseline,7025029,5,51,70.0,15.0,0.0,true,1792,0,54.629444,0.000000,1,0,0.000000,0,true,converged,54.280510,54.973091,0.232570,0.000000,0.000000
rep_d70_s20_r0,0,replication,baseline,7030000,6,51,70.0,20.0,0.0,true,1855,0,58.127242,0.000000,1,0,0.000000,0,true,converged,58.119335,58.135145,0.254937,0.000000,0.000000
rep_d70_s20_r1,1,replication,baseline,7030001,10,51,70.0,20.0,0.0,true,1814,0,59.004739,0.000000,1,0,0.000000,0,true,converged,58.413462,59.579439,0.269592,0.000000,0.000000
rep_d70_s20_r2,2,replication,baseline,7030002,6,51,70.0,20.0,0.0,true,1875,0,57.132326,0.000000,1,0,0.000000,0,true,converged,56.941873,57.321101,0.260484,0.000000,0.000000
rep_d70_s20_r3,3,replication,baseline,7030003,5,51,70.0,20.0,0.0,true,1763,0,58.436128,0.000000,2,0,0.000000,0,true,converged,58.755187,58.112094,0.269922,0.000000,0.000000
rep_d70_s20_r4,4,replication,baseline,7030004,5,51,70.0,20.0,0.0,true,1873,0,58.404137,0.000000,3,0,0.000000,0,true,converged,57.700977,59.084302,0.260147,0.000000,0.000000
rep_d70_s20_r5,5,replication,baseline,7030005,5,51,70.0,20.0,0.0,true,1831,0,57.214121,0.000000,1,0,0.000000,0,true,converged,57.393963,57.032755,0.232812,0.000000,0.000000
rep_d70_s20_r6,6,replication,baseline,7030006,10,51,70.0,20.0,0.0,true,1810,0,56.906518,0.000000,1,0,0.000000,0,true,converged,56.932271,56.880734,0.245190,0.000000,0.000000
rep_d70_s20_r7,7,replication,baseline,7030007,9,51,70.0,20.0,0.0,true,1846,0,57.257756,0.000000,1,0,0.000000,0,true,converged,56.062992,58.389262,0.232016,0.000000,0.000000
rep_d70_s20_r8,8,replication,baseline,7030008,7,51,70.0,20.0,0.0,true,1797,0,58.617254,0.000000,1,0,0.000000,0,true,converged,58.116556,59.106123,0.278107,0.000000,0.000000
rep_d70_s20_r9,9,replication,baseline,7030009,9,51,70.0,20.0,0.0,true,1776,0,58.789625,0.000000,1,0,0.000000,0,true,converged,57.976490,59.571890,0.295616,0.000000,0.000000
rep_d70_s20_r10,10,replication,baseline,7030010,8,51,70.0,20.0,0.0,true,1793,0,57.690755,0.000000,1,0,0.000000,0,true,converged,58.805031,56.514523,0.259877,0.000000,0.000000
rep_d70_s20_r11,11,replication,baseline,7030011,7,51,70.0,20.0,0.0,true,1834,0,55.912744,0.000000,1,0,0.000000,0,true,converged,56.429652,55.383424,0.202158,0.000000,0.000000
rep_d70_s20_r12,12,replication,baseline,7030012,7,51,70.0,20.0,0.0,true,1820,0,59.945184,0.000000,2,0,0.000000,0,true,converged,59.866614,60.023447,0.264214,0.000000,0.000000
rep_d70_s20_r13,13,replication,baseline,7030013,7,51,70.0,20.0,0.0,true,1805,0,57.910389,0.000000,1,0,0.000000,0,true,converged,57.902042,57.918731,0.253449,0.000000,0.000000
rep_d70_s20_r14,14,replication,baseline,7030014,6,51,70.0,20.0,0.0,true,1826,0,58.636186,0.000000,1,0,0.000000,0,true,converged,58.334973,58.933075,0.268384,0.000000,0.000000
rep_d70_s20_r15,15,replication,baseline,7030015,6,51,70.0,20.0,0.0,true,1802,0,57.760000,0.000000,3,0,0.000000,0,true,converged,58.293839,57.212318,0.243301,0.000000,0.000000
rep_d70_s20_r16,16,replication,baseline,7030016,7,51,70.0,20.0,0.0,true,1817,0,59.528024,0.000000,3,0,0.000000,0,true,converged,60.254925,58.774038,0.254784,0.000000,0.000000
rep_d70_s20_r17,17,replication,baseline,7030017,7,51,70.0,20.0,0.0,true,1830,0,58.036929,0.000000,1,0,0.000000,0,true,converged,58.440808,57.625123,0.243070,0.000000,0.000000
rep_d70_s20_r18,18,replication,baseline,7030018,5,51,70.0,20.0,0.0,true,1808,0,57.742000,0.000000,1,0,0.000000,0,true,converged,57.666268,57.817460,0.252221,0.000000,0.000000
rep_d70_s20_r19,19,replication,baseline,7030019,8,51,70.0,20.0,0.0,true,1805,0,56.634692,0.000000,1,0,0.000000,0,true,converged,57.384132,55.858421,0.256296,0.000000,0.000000
rep_d70_s20_r20,20,replication,baseline,7030020,6,51,70.0,20.0,0.0,true,1843,0,57.924021,0.000000,3,0,0.000000,0,true,converged,58.909500,56.890112,0.240263,0.000000,0.000000
rep_d70_s20_r21,21,replication,baseline,7030021,7,51,70.0,20.0,0.0,true,1808,0,57.873781,0.000000,1,0,0.000000,0,true,converged,57.026807,58.688012,0.241575,0.000000,0.000000
rep_d70_s20_r22,22,replication,baseline,7030022,6,51,70.0,20.0,0.0,true,1862,0,58.856502,0.000000,1,0,0.000000,0,true,converged,59.372694,58.327025,0.258738,0.000000,0.000000
rep_d70_s20_r23,23,replication,baseline,7030023,8,51,70.0,20.0,0.0,true,1825,0,59.219302,0.000000,1,0,0.000000,0,true,converged,58.110014,60.271355,0.257815,0.000000,0.000000
rep_d70_s20_r24,24,replication,baseline,7030024,6,51,70.0,20.0,0.0,true,1833,0,57.300329,0.000000,3,0,0.000000,0,true,converged,57.878672,56.705882,0.278032,0.000000,0.000000
rep_d70_s20_r25,25,replication,baseline,7030025,6,51,70.0,20.0,0.0,true,1811,0,59.996010,0.000000,2,0,0.000000,0,true,converged,61.612100,58.237867,0.279109,0.000000,0.000000
rep_d70_s20_r26,26,replication,baseline,7030026,8,51,70.0,20.0,0.0,true,1836,0,57.964602,0.000000,1,0,0.000000,0,true,converged,59.013318,56.860809,0.261608,0.000000,0.000000
rep_d70_s20_r27,27,replication,baseline,7030027,7,51,70.0,20.0,0.0,true,1797,0,59.349100,0.000000,1,0,0.000000,0,true,converged,60.913508,57.654243,0.285754,0.000000,0.000000
rep_d70_s20_r28,28,replication,baseline,7030028,9,51,70.0,20.0,0.0,true,1841,0,56.858238,0.000000,1,0,0.000000,0,true,converged,57.859281,55.808477,0.244443,0.000000,0.000000
rep_d70_s20_r29,29,replication,baseline,7030029,6,51,70.0,20.0,0.0,true,1797,0,57.796300,0.000000,2,0,0.000000,0,true,converged,56.750000,58.793172,0.276149,0.000000,0.000000
rep_d70_s25_r0,0,replication,baseline,7035000,8,51,70.0,25.0,0.0,true,1823,0,62.022385,0.000000,1,0,0.000000,0,true,converged,60.671463,63.283582,0.304614,0.000000,0.000000
rep_d70_s25_r1,1,replication,baseline,7035001,8,51,70.0,25.0,0.0,true,1897,0,61.405694,0.000000,1,0,0.000000,0,true,converged,62.007357,60.784668,0.266613,0.000000,0.000000
rep_d70_s25_r2,2,replication,baseline,7035002,9,51,70.0,25.0,0.0,true,1798,0,62.527363,0.000000,1,0,0.000000,0,true,converged,62.557168,62.497510,0.266963,0.000000,0.000000
rep_d70_s25_r3,3,replication,baseline,7035003,8,51,70.0,25.0,0.0,true,1812,0,65.033190,0.000000,1,0,0.000000,0,true,converged,66.034515,63.971032,0.324682,0.000000,0.000000
rep_d70_s25_r4,4,replication,baseline,7035004,6,51,70.0,25.0,0.0,true,1852,0,62.359340,0.000000,3,0,0.000000,0,true,converged,62.895175,61.807802,0.274591,0.000000,0.000000
rep_d70_s25_r5,5,replication,baseline,7035005,7,51,70.0,25.0,0.0,true,1807,0,63.872374,0.000000,1,0,0.000000,0,true,converged,65.136737,62.512852,0.300814,0.000000,0.000000
rep_d70_s25_r6,6,replication,baseline,7035006,6,51,70.0,25.0,0.0,true,1808,0,61.132889,0.000000,3,0,0.000000,0,true,converged,62.120344,60.092574,0.279420,0.000000,0.000000
rep_d70_s25_r7,7,replication,baseline,7035007,8,51,70.0,25.0,0.0,true,1811,0,61.228482,0.000000,1,0,0.000000,0,true,converged,61.364522,61.091480,0.260325,0.000000,0.000000
rep_d70_s25_r8,8,replication,baseline,7035008,7,51,70.0,25.0,0.0,true,1824,0,60.724610,0.000000,3,0,0.000000,0,true,converged,61.092020,60.350195,0.255426,0.000000,0.000000
rep_d70_s25_r9,9,replication,baseline,7035009,14,51,70.0,25.0,0.0,true,1831,0,63.431975,0.000000,1,0,0.000000,0,true,converged,63.773082,63.084384,0.317987,0.000000,0.000000
rep_d70_s25_r10,10,replication,baseline,7035010,7,51,70.0,25.0,0.0,true,1828,0,63.181291,0.000000,2,0,0.000000,0,true,converged,62.930531,63.428681,0.273296,0.000000,0.000000
rep_d70_s25_r11,11,replication,baseline,7035011,6,51,70.0,25.0,0.0,true,1828,0,60.979342,0.000000,4,0,0.000000,0,true,converged,61.260919,60.693642,0.280121,0.000000,0.000000
rep_d70_s25_r12,12,replication,baseline,7035012,7,51,70.0,25.0,0.0,true,1827,0,63.008918,0.000000,2,0,0.000000,0,true,converged,61.329550,64.548495,0.291497,0.000000,0.000000
rep_d70_s25_r13,13,replication,baseline,7035013,10,51,70.0,25.0,0.0,true,1866,0,61.195411,0.000000,1,0,0.000000,0,true,converged,62.613657,59.665320,0.280595,0.000000,0.000000
rep_d70_s25_r14,14,replication,baseline,7035014,8,51,70.0,25.0,0.0,true,1840,0,62.238693,0.000000,1,0,0.000000,0,true,converged,63.534594,60.847291,0.316214,0.000000,0.000000
rep_d70_s25_r15,15,replication,baseline,7035015,9,51,70.0,25.0,0.0,true,1810,0,62.291216,0.000000,1,0,0.000000,0,true,converged,62.585299,61.992474,0.275150,0.000000,0.000000
rep_d70_s25_r16,16,replication,baseline,7035016,10,51,70.0,25.0,0.0,true,1874,0,62.651265,0.000000,1,0,0.000000,0,true,converged,62.326614,62.970369,0.287410,0.000000,0.000000
rep_d70_s25_r17,17,replication,baseline,7035017,6,51,70.0,25.0,0.0,true,1816,0,61.877583,0.000000,2,0,0.000000,0,true,converged,62.234354,61.514008,0.258706,0.000000,0.000000
rep_d70_s25_r18,18,replication,baseline,7035018,7,51,70.0,25.0,0.0,true,1786,0,61.989486,0.000000,1,0,0.000000,0,true,converged,63.006690,60.914761,0.288638,0.000000,0.000000
rep_d70_s25_r19,19,replication,baseline,7035019,8,51,70.0,25.0,0.0,true,1842,0,63.365019,0.000000,2,0,0.000000,0,true,converged,62.977906,63.744120,0.311729,0.000000,0.000000
rep_d70_s25_r20,20,replication,baseline,7035020,7,51,70.0,25.0,0.0,true,1844,0,61.793077,0.000000,3,0,0.000000,0,true,converged,63.084795,60.407683,0.295643,0.000000,0.000000
rep_d70_s25_r21,21,replication,baseline,7035021,9,51,70.0,25.0,0.0,true,1844,0,61.467371,0.000000,1,0,0.000000,0,true,converged,60.854570,62.061281,0.286439,0.000000,0.000000
rep_d70_s25_r22,22,replication,baseline,7035022,10,51,70.0,25.0,0.0,true,1776,0,61.364096,0.000000,1,0,0.000000,0,true,converged,61.842894,60.873130,0.287152,0.000000,0.000000
rep_d70_s25_r23,23,replication,baseline,7035023,7,51,70.0,25.0,0.0,true,1830,0,60.123767,0.000000,2,0,0.000000,0,true,converged,59.232898,60.976533,0.292259,0.000000,0.000000
rep_d70_s25_r24,24,replication,baseline,7035024,9,51,70.0,25.0,0.0,true,1809,0,61.017282,0.000000,1,0,0.000000,0,true,converged,60.004030,61.980464,0.278427,0.000000,0.000000
rep_d70_s25_r25,25,replication,baseline,7035025,10,51,70.0,25.0,0.0,true,1826,0,62.405724,0.000000,1,0,0.000000,0,true,converged,63.458647,61.290323,0.270052,0.000000,0.000000
rep_d70_s25_r26,26,replication,baseline,7035026,9,51,70.0,25.0,0.0,true,1852,0,61.405143,0.000000,1,0,0.000000,0,true,converged,62.597074,60.134745,0.273005,0.000000,0.000000
rep_d70_s25_r27,27,replication,baseline,7035027,8,51,70.0,25.0,0.0,true,1816,0,63.350274,0.000000,1,0,0.000000,0,true,converged,64.155993,62.507499,0.321166,0.000000,0.000000
rep_d70_s25_r28,28,replication,baseline,7035028,11,51,70.0,25.0,0.0,true,1835,0,63.063407,0.000000,1,0,0.000000,0,true,converged,65.065029,60.818476,0.285804,0.000000,0.000000
rep_d70_s25_r29,29,replication,baseline,7035029,7,51,70.0,25.0,0.0,true,1838,0,63.073087,0.000000,2,0,0.000000,0,true,converged,62.468317,63.658675,0.275913,0.000000,0.000000
rep_d70_s30_r0,0,replication,baseline,7040000,11,51,70.0,30.0,0.0,true,1787,0,72.563323,0.000000,2,0,0.000000,0,true,converged,72.105480,73.006380,0.378617,0.000000,0.000000
rep_d70_s30_r1,1,replication,baseline,7040001,13,51,70.0,30.0,0.0,true,1815,0,70.733621,0.000000,1,0,0.000000,0,true,converged,71.085271,70.373312,0.358345,0.000000,0.000000
rep_d70_s30_r2,2,replication,baseline,7040002,12,51,70.0,30.0,0.0,true,1819,0,73.742907,0.000000,2,0,0.000000,0,true,converged,73.992248,73.488740,0.414041,0.000000,0.000000
rep_d70_s30_r3,3,replication,baseline,7040003,11,51,70.0,30.0,0.0,true,1772,0,71.311810,0.000000,1,0,0.000000,0,true,converged,70.750000,71.852446,0.337888,0.000000,0.000000
rep_d70_s30_r4,4,replication,baseline,7040004,12,51,70.0,30.0,0.0,true,1861,0,72.376514,0.000000,1,0,0.000000,0,true,converged,71.995465,72.747334,0.357974,0.000000,0.000000
rep_d70_s30_r5,5,replication,baseline,7040005,9,51,70.0,30.0,0.0,true,1860,0,72.032156,0.000000,2,0,0.000000,0,true,converged,72.459499,71.591341,0.309783,0.000000,0.000000
rep_d70_s30_r6,6,replication,baseline,7040006,13,51,70.0,30.0,0.0,true,1824,0,71.241447,0.000000,1,0,0.000000,0,true,converged,70.656294,71.803719,0.387040,0.000000,0.000000
rep_d70_s30_r7,7,replication,baseline,7040007,12,51,70.0,30.0,0.0,true,1790,0,71.644194,0.000000,1,0,0.000000,0,true,converged,71.609913,71.678392,0.377093,0.000000,0.000000
rep_d70_s30_r8,8,replication,baseline,7040008,10,51,70.0,30.0,0.0,true,1809,0,71.732644,0.000000,1,0,0.000000,0,true,converged,72.098959,71.356581,0.365999,0.000000,0.000000
rep_d70_s30_r9,9,replication,baseline,7040009,12,51,70.0,30.0,0.0,true,1844,0,74.345848,0.000000,1,0,0.000000,0,true,converged,73.955727,74.724454,0.376216,0.000000,0.000000
rep_d70_s30_r10,10,replication,baseline,7040010,26,51,70.0,30.0,0.0,true,1818,0,71.797379,0.000000,1,0,0.000000,0,true,converged,72.054264,71.535728,0.368229,0.000000,0.000000
rep_d70_s30_r11,11,replication,baseline,7040011,14,51,70.0,30.0,0.0,true,1874,0,73.688114,0.000000,2,0,0.000000,0,true,converged,73.048433,74.298134,0.385045,0.000000,0.000000
rep_d70_s30_r12,12,replication,baseline,7040012,15,51,70.0,30.0,0.0,true,1846,0,70.914600,0.000000,2,0,0.000000,0,true,converged,71.235955,70.585982,0.351337,0.000000,0.000000
rep_d70_s30_r13,13,replication,baseline,7040013,13,51,70.0,30.0,0.0,true,1865,0,72.278151,0.000000,1,0,0.000000,0,true,converged,71.562440,72.958720,0.346733,0.000000,0.000000
rep_d70_s30_r14,14,replication,baseline,7040014,14,51,70.0,30.0,0.0,true,1807,0,73.858921,0.000000,1,0,0.000000,0,true,converged,74.012964,73.703041,0.400086,0.000000,0.000000
rep_d70_s30_r15,15,replication,baseline,7040015,9,51,70.0,30.0,0.0,true,1853,0,70.666667,0.000000,1,0,0.000000,0,true,converged,70.803738,70.528302,0.393272,0.000000,0.000000
rep_d70_s30_r16,16,replication,baseline,7040016,10,51,70.0,30.0,0.0,true,1787,0,73.822938,0.000000,1,0,0.000000,0,true,converged,74.078502,73.562284,0.434911,0.000000,0.000000
rep_d70_s30_r17,17,replication,baseline,7040017,18,51,70.0,30.0,0.0,true,1803,0,72.461171,0.000000,1,0,0.000000,0,true,converged,72.738025,72.178636,0.378640,0.000000,0.000000
rep_d70_s30_r18,18,replication,baseline,7040018,14,51,70.0,30.0,0.0,true,1833,0,72.680015,0.000000,1,0,0.000000,0,true,converged,73.746531,71.523179,0.383938,0.000000,0.000000
rep_d70_s30_r19,19,replication,baseline,7040019,12,51,70.0,30.0,0.0,true,1870,0,72.825887,0.000000,4,0,0.000000,0,true,converged,72.558485,73.088128,0.383425,0.000000,0.000000
rep_d70_s30_r20,20,replication,baseline,7040020,19,51,70.0,30.0,0.0,true,1849,0,72.508526,0.000000,1,0,0.000000,0,true,converged,71.808821,73.174339,0.399855,0.000000,0.000000
rep_d70_s30_r21,21,replication,baseline,7040021,11,51,70.0,30.0,0.0,true,1845,0,71.070746,0.000000,1,0,0.000000,0,true,converged,71.020877,71.120443,0.360746,0.000000,0.000000
rep_d70_s30_r22,22,replication,baseline,7040022,11,51,70.0,30.0,0.0,true,1788,0,72.280631,0.000000,1,0,0.000000,0,true,converged,71.573709,72.953245,0.381839,0.000000,0.000000
rep_d70_s30_r23,23,replication,baseline,7040023,12,51,70.0,30.0,0.0,true,1814,0,73.402384,0.000000,1,0,0.000000,0,true,converged,73.433535,73.371160,0.370889,0.000000,0.000000
rep_d70_s30_r24,24,replication,baseline,7040024,13,51,70.0,30.0,0.0,true,1832,0,73.459533,0.000000,1,0,0.000000,0,true,converged,73.079937,73.828571,0.344020,0.000000,0.000000
rep_d70_s30_r25,25,replication,baseline,7040025,13,51,70.0,30.0,0.0,true,1807,0,74.265290,0.000000,1,0,0.000000,0,true,converged,75.257732,73.189905,0.399524,0.000000,0.000000
rep_d70_s30_r26,26,replication,baseline,7040026,13,51,70.0,30.0,0.0,true,1799,0,70.339488,0.000000,1,0,0.000000,0,true,converged,70.877193,69.781553,0.345449,0.000000,0.000000
rep_d70_s30_r27,27,replication,baseline,7040027,17,51,70.0,30.0,0.0,true,1835,0,73.580247,0.000000,1,0,0.000000,0,true,converged,73.838631,73.316708,0.402401,0.000000,0.000000
rep_d70_s30_r28,28,replication,baseline,7040028,12,51,70.0,30.0,0.0,true,1838,0,73.174905,0.000000,2,0,0.000000,0,true,converged,72.670928,73.660631,0.366639,0.000000,0.000000
rep_d70_s30_r29,29,replication,baseline,7040029,23,51,70.0,30.0,0.0,true,1789,0,74.077096,0.000000,1,0,0.000000,0,true,converged,73.493222,74.635801,0.398809,0.000000,0.000000
rep_d70_s35_r0,0,replication,baseline,7045000,13,51,70.0,35.0,0.0,true,1818,0,79.206196,0.000000,1,0,0.000000,0,true,converged,78.791469,79.605013,0.421572,0.000000,0.000000
rep_d70_s35_r1,1,replication,baseline,7045001,11,51,70.0,35.0,0.0,true,1828,0,79.792547,0.000000,5,0,0.000000,0,true,converged,78.917836,80.597565,0.473466,0.000000,0.000000
rep_d70_s35_r2,2,replication,baseline,7045002,15,51,70.0,35.0,0.0,true,1795,0,78.845393,0.000000,1,0,0.000000,0,true,converged,78.710704,78.978389,0.434418,0.000000,0.000000
rep_d70_s35_r3,3,replication,baseline,7045003,11,51,70.0,35.0,0.0,true,1861,0,77.159238,0.000000,2,0,0.000000,0,true,converged,77.492254,76.816219,0.391986,0.000000,0.000000
rep_d70_s35_r4,4,replication,baseline,7045004,12,51,70.0,35.0,0.0,true,1823,0,76.870880,0.000000,1,0,0.000000,0,true,converged,77.009058,76.731032,0.426200,0.000000,0.000000
rep_d70_s35_r5,5,replication,baseline,7045005,11,51,70.0,35.0,0.0,true,1868,0,79.420927,0.000000,2,0,0.000000,0,true,converged,79.615175,79.222942,0.437231,0.000000,0.000000
rep_d70_s35_r6,6,replication,baseline,7045006,20,51,70.0,35.0,0.0,true,1833,0,78.555176,0.000000,1,0,0.000000,0,true,converged,78.295912,78.808319,0.421003,0.000000,0.000000
rep_d70_s35_r7,7,replication,baseline,7045007,12,51,70.0,35.0,0.0,true,1836,0,77.888294,0.000000,1,0,0.000000,0,true,converged,77.905199,77.871363,0.404961,0.000000,0.000000
rep_d70_s35_r8,8,replication,baseline,7045008,21,51,70.0,35.0,0.0,true,1812,0,79.968762,0.000000,1,0,0.000000,0,true,converged,80.597579,79.297821,0.426567,0.000000,0.000000
rep_d70_s35_r9,9,replication,baseline,7045009,16,51,70.0,35.0,0.0,true,1804,0,78.338221,0.000000,1,0,0.000000,0,true,converged,78.684109,77.980922,0.403423,0.000000,0.000000
rep_d70_s35_r10,10,replication,baseline,7045010,12,51,70.0,35.0,0.0,true,1814,0,78.627145,0.000000,1,0,0.000000,0,true,converged,78.374112,78.874325,0.414615,0.000000,0.000000
rep_d70_s35_r11,11,replication,baseline,7045011,14,51,70.0,35.0,0.0,true,1843,0,78.447299,0.000000,1,0,0.000000,0,true,converged,78.467635,78.426924,0.457595,0.000000,0.000000
rep_d70_s35_r12,12,replication,baseline,7045012,13,51,70.0,35.0,0.0,true,1812,0,80.019380,0.000000,1,0,0.000000,0,true,converged,80.491958,79.523337,0.437711,0.000000,0.000000
rep_d70_s35_r13,13,replication,baseline,7045013,13,51,70.0,35.0,0.0,true,1844,0,79.305164,0.000000,1,0,0.000000,0,true,converged,78.535255,80.021755,0.405033,0.000000,0.000000
rep_d70_s35_r14,14,replication,baseline,7045014,11,51,70.0,35.0,0.0,true,1770,0,79.114828,0.000000,2,0,0.000000,0,true,converged,78.825476,79.396378,0.415169,0.000000,0.000000
rep_d70_s35_r15,15,replication,baseline,7045015,18,51,70.0,35.0,0.0,true,1789,0,79.443893,0.000000,1,0,0.000000,0,true,converged,79.621973,79.262673,0.449767,0.000000,0.000000
rep_d70_s35_r16,16,replication,baseline,7045016,16,51,70.0,35.0,0.0,true,1825,0,79.583975,0.000000,1,0,0.000000,0,true,converged,79.207532,79.947030,0.423578,0.000000,0.000000
rep_d70_s35_r17,17,replication,baseline,7045017,11,51,70.0,35.0,0.0,true,1807,0,79.242692,0.000000,3,0,0.000000,0,true,converged,78.865362,79.606785,0.451987,0.000000,0.000000
rep_d70_s35_r18,18,replication,baseline,7045018,9,51,70.0,35.0,0.0,true,1834,0,77.800908,0.000000,3,0,0.000000,0,true,converged,77.289448,78.289839,0.360086,0.000000,0.000000
rep_d70_s35_r19,19,replication,baseline,7045019,12,51,70.0,35.0,0.0,true,1854,0,79.651594,0.000000,2,0,0.000000,0,true,converged,79.963504,79.329819,0.403261,0.000000,0.000000
rep_d70_s35_r20,20,replication,baseline,7045020,13,51,70.0,35.0,0.0,true,1815,0,80.453752,0.000000,1,0,0.000000,0,true,converged,80.227540,80.674847,0.478496,0.000000,0.000000
rep_d70_s35_r21,21,replication,baseline,7045021,12,51,70.0,35.0,0.0,true,1850,0,77.902412,0.000000,2,0,0.000000,0,true,converged,78.232044,77.562642,0.412974,0.000000,0.000000
rep_d70_s35_r22,22,replication,baseline,7045022,12,51,70.0,35.0,0.0,true,1848,0,79.737828,0.000000,1,0,0.000000,0,true,converged,79.638690,79.836004,0.451685,0.000000,0.000000
rep_d70_s35_r23,23,replication,baseline,7045023,12,51,70.0,35.0,0.0,true,1820,0,79.190863,0.000000,1,0,0.000000,0,true,converged,79.378477,78.999805,0.426981,0.000000,0.000000
rep_d70_s35_r24,24,replication,baseline,7045024,11,51,70.0,35.0,0.0,true,1772,0,78.763222,0.000000,1,0,0.000000,0,true,converged,79.078156,78.438662,0.405256,0.000000,0.000000
rep_d70_s35_r25,25,replication,baseline,7045025,13,51,70.0,35.0,0.0,true,1858,0,79.064176,0.000000,1,0,0.000000,0,true,converged,79.229358,78.896346,0.433606,0.000000,0.000000
rep_d70_s35_r26,26,replication,baseline,7045026,17,51,70.0,35.0,0.0,true,1825,0,80.782575,0.000000,1,0,0.000000,0,true,converged,80.284754,81.255875,0.467318,0.000000,0.000000
rep_d70_s35_r27,27,replication,baseline,7045027,10,51,70.0,35.0,0.0,true,1822,0,79.166667,0.000000,4,0,0.000000,0,true,converged,79.130602,79.202607,0.417080,0.000000,0.000000
rep_d70_s35_r28,28,replication,baseline,7045028,14,51,70.0,35.0,0.0,true,1806,0,78.385214,0.000000,1,0,0.000000,0,true,converged,77.560089,79.151811,0.421987,0.000000,0.000000
rep_d70_s35_r29,29,replication,baseline,7045029,18,51,70.0,35.0,0.0,true,1797,0,80.272781,0.000000,1,0,0.000000,0,true,converged,79.582651,80.917782,0.448271,0.000000,0.000000
rep_d70_s40_r0,0,replication,baseline,7050000,12,51,70.0,40.0,0.0,true,1841,0,80.186880,0.000000,1,0,0.000000,0,true,converged,79.551269,80.784169,0.427331,0.000000,0.000000
rep_d70_s40_r1,1,replication,baseline,7050001,13,51,70.0,40.0,0.0,true,1789,0,80.725076,0.000000,1,0,0.000000,0,true,converged,81.283004,80.132863,0.414422,0.000000,0.000000
rep_d70_s40_r2,2,replication,baseline,7050002,16,51,70.0,40.0,0.0,true,1834,0,80.396306,0.000000,1,0,0.000000,0,true,converged,80.542295,80.248110,0.421679,0.000000,0.000000
rep_d70_s40_r3,3,replication,baseline,7050003,19,51,70.0,40.0,0.0,true,1819,0,80.069998,0.000000,4,0,0.000000,0,true,converged,80.077745,80.062245,0.427483,0.000000,0.000000
rep_d70_s40_r4,4,replication,baseline,7050004,17,51,70.0,40.0,0.0,true,1845,0,80.513595,0.000000,1,0,0.000000,0,true,converged,80.350343,80.674157,0.485593,0.000000,0.000000
rep_d70_s40_r5,5,replication,baseline,7050005,15,51,70.0,40.0,0.0,true,1900,0,82.175552,0.000000,1,0,0.000000,0,true,converged,81.634918,82.685266,0.470104,0.000000,0.000000
rep_d70_s40_r6,6,replication,baseline,7050006,14,51,70.0,40.0,0.0,true,1854,0,81.000944,0.000000,3,0,0.000000,0,true,converged,81.615497,80.343884,0.456670,0.000000,0.000000
rep_d70_s40_r7,7,replication,baseline,7050007,14,51,70.0,40.0,0.0,true,1829,0,79.753893,0.000000,1,0,0.000000,0,true,converged,80.255016,79.226672,0.423825,0.000000,0.000000
rep_d70_s40_r8,8,replication,baseline,7050008,13,51,70.0,40.0,0.0,true,1807,0,81.066140,0.000000,1,0,0.000000,0,true,converged,80.746838,81.375024,0.443431,0.000000,0.000000
rep_d70_s40_r9,9,replication,baseline,7050009,12,51,70.0,40.0,0.0,true,1821,0,80.748246,0.000000,1,0,0.000000,0,true,converged,80.642633,80.852713,0.447647,0.000000,0.000000
rep_d70_s40_r10,10,replication,baseline,7050010,13,51,70.0,40.0,0.0,true,1775,0,79.769137,0.000000,1,0,0.000000,0,true,converged,79.087293,80.407923,0.432445,0.000000,0.000000
rep_d70_s40_r11,11,replication,baseline,7050011,12,51,70.0,40.0,0.0,true,1794,0,80.225307,0.000000,1,0,0.000000,0,true,converged,79.975555,80.468905,0.390302,0.000000,0.000000
rep_d70_s40_r12,12,replication,baseline,7050012,12,51,70.0,40.0,0.0,true,1824,0,79.330479,0.000000,1,0,0.000000,0,true,converged,78.810854,79.825228,0.397153,0.000000,0.000000
rep_d70_s40_r13,13,replication,baseline,7050013,11,51,70.0,40.0,0.0,true,1837,0,81.315539,0.000000,4,0,0.000000,0,true,converged,81.297710,81.333333,0.422441,0.000000,0.000000
rep_d70_s40_r14,14,replication,baseline,7050014,11,51,70.0,40.0,0.0,true,1829,0,79.587907,0.000000,1,0,0.000000,0,true,converged,79.051383,80.097634,0.447275,0.000000,0.000000
rep_d70_s40_r15,15,replication,baseline,7050015,18,51,70.0,40.0,0.0,true,1791,0,79.407616,0.000000,1,0,0.000000,0,true,converged,79.469667,79.345190,0.429728,0.000000,0.000000
rep_d70_s40_r16,16,replication,baseline,7050016,12,51,70.0,40.0,0.0,true,1759,0,82.898853,0.000000,2,0,0.000000,0,true,converged,82.780344,83.015742,0.450469,0.000000,0.000000
rep_d70_s40_r17,17,replication,baseline,7050017,11,51,70.0,40.0,0.0,true,1787,0,81.406218,0.000000,1,0,0.000000,0,true,converged,81.012658,81.783795,0.466055,0.000000,0.000000
rep_d70_s40_r18,18,replication,baseline,7050018,22,51,70.0,40.0,0.0,true,1829,0,80.099693,0.000000,1,0,0.000000,0,true,converged,79.781847,80.407701,0.425031,0.000000,0.000000
rep_d70_s40_r19,19,replication,baseline,7050019,12,51,70.0,40.0,0.0,true,1811,0,80.682261,0.000000,1,0,0.000000,0,true,converged,81.284230,80.040282,0.391525,0.000000,0.000000
rep_d70_s40_r20,20,replication,baseline,7050020,17,51,70.0,40.0,0.0,true,1855,0,79.434880,0.000000,1,0,0.000000,0,true,converged,79.492443,79.376994,0.429708,0.000000,0.000000
rep_d70_s40_r21,21,replication,baseline,7050021,15,51,70.0,40.0,0.0,true,1834,0,82.097822,0.000000,1,0,0.000000,0,true,converged,81.536946,82.625626,0.480285,0.000000,0.000000
rep_d70_s40_r22,22,replication,baseline,7050022,13,51,70.0,40.0,0.0,true,1807,0,80.348308,0.000000,1,0,0.000000,0,true,converged,80.517952,80.175684,0.425703,0.000000,0.000000
rep_d70_s40_r23,23,replication,baseline,7050023,13,51,70.0,40.0,0.0,true,1809,0,79.685658,0.000000,1,0,0.000000,0,true,converged,79.875438,79.492265,0.374570,0.000000,0.000000
rep_d70_s40_r24,24,replication,baseline,7050024,11,51,70.0,40.0,0.0,true,1824,0,81.709936,0.000000,1,0,0.000000,0,true,converged,81.659816,81.759782,0.443105,0.000000,0.000000
rep_d70_s40_r25,25,replication,baseline,7050025,15,51,70.0,40.0,0.0,true,1825,0,81.155539,0.000000,1,0,0.000000,0,true,converged,81.291548,81.017537,0.445637,0.000000,0.000000
rep_d70_s40_r26,26,replication,baseline,7050026,11,51,70.0,40.0,0.0,true,1796,0,80.915111,0.000000,2,0,0.000000,0,true,converged,80.516288,81.297935,0.474295,0.000000,0.000000
rep_d70_s40_r27,27,replication,baseline,7050027,15,51,70.0,40.0,0.0,true,1791,0,80.826842,0.000000,2,0,0.000000,0,true,converged,81.198590,80.440098,0.457293,0.000000,0.000000
rep_d70_s40_r28,28,replication,baseline,7050028,14,51,70.0,40.0,0.0,true,1842,0,81.046622,0.000000,2,0,0.000000,0,true,converged,80.919540,81.172023,0.456052,0.000000,0.000000
rep_d70_s40_r29,29,replication,baseline,7050029,16,51,70.0,40.0,0.0,true,1843,0,79.904943,0.000000,1,0,0.000000,0,true,converged,79.692603,80.112888,0.413977,0.000000,0.000000
rep_d70_s45_r0,0,replication,baseline,7055000,14,51,70.0,45.0,0.0,true,1853,0,87.146866,0.000000,2,0,0.000000,0,true,converged,87.098592,87.194781,0.481046,0.000000,0.000000
rep_d70_s45_r1,1,replication,baseline,7055001,24,51,70.0,45.0,0.0,true,1792,0,88.273424,0.000000,1,0,0.000000,0,true,converged,88.355764,88.189911,0.506588,0.000000,0.000000
rep_d70_s45_r2,2,replication,baseline,7055002,14,51,70.0,45.0,0.0,true,1820,0,87.579190,0.000000,1,0,0.000000,0,true,converged,87.453946,87.701958,0.493296,0.000000,0.000000
rep_d70_s45_r3,3,replication,baseline,7055003,21,51,70.0,45.0,0.0,true,1797,0,87.833300,0.000000,1,0,0.000000,0,true,converged,87.408013,88.230799,0.509684,0.000000,0.000000
rep_d70_s45_r4,4,replication,baseline,7055004,16,51,70.0,45.0,0.0,true,1811,0,87.821380,0.000000,1,0,0.000000,0,true,converged,88.104230,87.524752,0.492410,0.000000,0.000000
rep_d70_s45_r5,5,replication,baseline,7055005,16,51,70.0,45.0,0.0,true,1790,0,87.296223,0.000000,1,0,0.000000,0,true,converged,87.807670,86.739988,0.520790,0.000000,0.000000
rep_d70_s45_r6,6,replication,baseline,7055006,17,51,70.0,45.0,0.0,true,1816,0,87.529092,0.000000,1,0,0.000000,0,true,converged,87.796546,87.249653,0.488748,0.000000,0.000000
rep_d70_s45_r7,7,replication,baseline,7055007,17,51,70.0,45.0,0.0,true,1837,0,87.412056,0.000000,1,0,0.000000,0,true,converged,87.095517,87.713437,0.504643,0.000000,0.000000
rep_d70_s45_r8,8,replication,baseline,7055008,21,51,70.0,45.0,0.0,true,1816,0,87.841768,0.000000,1,0,0.000000,0,true,converged,87.746727,87.935347,0.517073,0.000000,0.000000
rep_d70_s45_r9,9,replication,baseline,7055009,15,51,70.0,45.0,0.0,true,1770,0,89.537713,0.000000,1,0,0.000000,0,true,converged,89.945440,89.095520,0.589285,0.000000,0.000000
rep_d70_s45_r10,10,replication,baseline,7055010,14,51,70.0,45.0,0.0,true,1847,0,86.790698,0.000000,3,0,0.000000,0,true,converged,87.072105,86.496767,0.521302,0.000000,0.000000
rep_d70_s45_r11,11,replication,baseline,7055011,16,51,70.0,45.0,0.0,true,1780,0,87.297078,0.000000,1,0,0.000000,0,true,converged,86.887306,87.682015,0.479667,0.000000,0.000000
rep_d70_s45_r12,12,replication,baseline,7055012,13,51,70.0,45.0,0.0,true,1813,0,87.272379,0.000000,2,0,0.000000,0,true,converged,87.409936,87.131783,0.496680,0.000000,0.000000
rep_d70_s45_r13,13,replication,baseline,7055013,23,51,70.0,45.0,0.0,true,1844,0,87.579977,0.000000,1,0,0.000000,0,true,converged,87.293030,87.854251,0.492889,0.000000,0.000000
rep_d70_s45_r14,14,replication,baseline,7055014,15,51,70.0,45.0,0.0,true,1804,0,87.153256,0.000000,1,0,0.000000,0,true,converged,86.659857,87.611459,0.503372,0.000000,0.000000
rep_d70_s45_r15,15,replication,baseline,7055015,15,51,70.0,45.0,0.0,true,1806,0,87.812562,0.000000,2,0,0.000000,0,true,converged,87.497475,88.112157,0.506178,0.000000,0.000000
rep_d70_s45_r16,16,replication,baseline,7055016,22,51,70.0,45.0,0.0,true,1877,0,87.199421,0.000000,1,0,0.000000,0,true,converged,87.013940,87.379679,0.543565,0.000000,0.000000
rep_d70_s45_r17,17,replication,baseline,7055017,18,51,70.0,45.0,0.0,true,1827,0,88.136242,0.000000,1,0,0.000000,0,true,converged,87.951807,88.315115,0.526697,0.000000,0.000000
rep_d70_s45_r18,18,replication,baseline,7055018,16,51,70.0,45.0,0.0,true,1846,0,89.006303,0.000000,1,0,0.000000,0,true,converged,88.593960,89.389873,0.563816,0.000000,0.000000
rep_d70_s45_r19,19,replication,baseline,7055019,24,51,70.0,45.0,0.0,true,1822,0,88.098443,0.000000,2,0,0.000000,0,true,converged,88.121282,88.075515,0.492451,0.000000,0.000000
rep_d70_s45_r20,20,replication,baseline,7055020,16,51,70.0,45.0,0.0,true,1793,0,88.439306,0.000000,1,0,0.000000,0,true,converged,88.358089,88.519398,0.532561,0.000000,0.000000
rep_d70_s45_r21,21,replication,baseline,7055021,19,51,70.0,45.0,0.0,true,1815,0,87.316885,0.000000,1,0,0.000000,0,true,converged,87.461890,87.168487,0.510328,0.000000,0.000000
rep_d70_s45_r22,22,replication,baseline,7055022,16,51,70.0,45.0,0.0,true,1821,0,87.756286,0.000000,2,0,0.000000,0,true,converged,87.639133,87.871240,0.557052,0.000000,0.000000
rep_d70_s45_r23,23,replication,baseline,7055023,15,51,70.0,45.0,0.0,true,1820,0,87.719298,0.000000,1,0,0.000000,0,true,converged,87.159847,88.232034,0.541075,0.000000,0.000000
rep_d70_s45_r24,24,replication,baseline,7055024,21,51,70.0,45.0,0.0,true,1843,0,88.515038,0.000000,2,0,0.000000,0,true,converged,88.819762,88.193237,0.502981,0.000000,0.000000
rep_d70_s45_r25,25,replication,baseline,7055025,14,51,70.0,45.0,0.0,true,1804,0,89.145907,0.000000,2,0,0.000000,0,true,converged,89.612110,88.635893,0.525182,0.000000,0.000000
rep_d70_s45_r26,26,replication,baseline,7055026,21,51,70.0,45.0,0.0,true,1808,0,87.230739,0.000000,1,0,0.000000,0,true,converged,86.876745,87.566138,0.498231,0.000000,0.000000
rep_d70_s45_r27,27,replication,baseline,7055027,16,51,70.0,45.0,0.0,true,1805,0,87.894840,0.000000,1,0,0.000000,0,true,converged,87.818361,87.970365,0.545764,0.000000,0.000000
rep_d70_s45_r28,28,replication,baseline,7055028,19,51,70.0,45.0,0.0,true,1845,0,86.570519,0.000000,1,0,0.000000,0,true,converged,86.282763,86.846450,0.455551,0.000000,0.000000
rep_d70_s45_r29,29,replication,baseline,7055029,19,51,70.0,45.0,0.0,true,1804,0,87.611305,0.000000,1,0,0.000000,0,true,converged,87.421384,87.795576,0.551031,0.000000,0.000000
rep_d70_s50_r0,0,replication,baseline,7060000,13,51,70.0,50.0,0.0,true,1834,0,87.137405,0.000000,1,0,0.000000,0,true,converged,87.013487,87.258979,0.523484,0.000000,0.000000
rep_d70_s50_r1,1,replication,baseline,7060001,20,51,70.0,50.0,0.0,true,1801,0,88.676298,0.000000,2,0,0.000000,0,true,converged,88.750970,88.600629,0.575772,0.000000,0.000000
rep_d70_s50_r2,2,replication,baseline,7060002,15,51,70.0,50.0,0.0,true,1813,0,88.136585,0.000000,2,0,0.000000,0,true,converged,87.781350,88.471748,0.502883,0.000000,0.000000
rep_d70_s50_r3,3,replication,baseline,7060003,16,51,70.0,50.0,0.0,true,1782,0,87.587588,0.000000,2,0,0.000000,0,true,converged,87.489911,87.683750,0.489292,0.000000,0.000000
rep_d70_s50_r4,4,replication,baseline,7060004,15,51,70.0,50.0,0.0,true,1800,0,87.943262,0.000000,1,0,0.000000,0,true,converged,87.871581,88.014101,0.532883,0.000000,0.000000
rep_d70_s50_r5,5,replication,baseline,7060005,14,51,70.0,50.0,0.0,true,1829,0,87.985598,0.000000,2,0,0.000000,0,true,converged,87.969639,88.001514,0.532018,0.000000,0.000000
rep_d70_s50_r6,6,replication,baseline,7060006,19,51,70.0,50.0,0.0,true,1818,0,86.679537,0.000000,1,0,0.000000,0,true,converged,87.436271,85.825801,0.477519,0.000000,0.000000
rep_d70_s50_r7,7,replication,baseline,7060007,18,51,70.0,50.0,0.0,true,1825,0,87.413925,0.000000,1,0,0.000000,0,true,converged,87.307099,87.518968,0.483470,0.000000,0.000000
rep_d70_s50_r8,8,replication,baseline,7060008,19,51,70.0,50.0,0.0,true,1831,0,86.963161,0.000000,1,0,0.000000,0,true,converged,87.012740,86.913202,0.499689,0.000000,0.000000
rep_d70_s50_r9,9,replication,baseline,7060009,18,51,70.0,50.0,0.0,true,1803,0,87.185535,0.000000,1,0,0.000000,0,true,converged,86.949560,87.413127,0.459614,0.000000,0.000000
rep_d70_s50_r10,10,replication,baseline,7060010,17,51,70.0,50.0,0.0,true,1803,0,87.429351,0.000000,1,0,0.000000,0,true,converged,87.873660,86.951244,0.502418,0.000000,0.000000
rep_d70_s50_r11,11,replication,baseline,7060011,16,51,70.0,50.0,0.0,true,1831,0,87.457175,0.000000,1,0,0.000000,0,true,converged,87.245984,87.661487,0.492172,0.000000,0.000000
rep_d70_s50_r12,12,replication,baseline,7060012,12,51,70.0,50.0,0.0,true,1842,0,86.459909,0.000000,1,0,0.000000,0,true,converged,86.241353,86.671631,0.504060,0.000000,0.000000
rep_d70_s50_r13,13,replication,baseline,7060013,17,51,70.0,50.0,0.0,true,1832,0,89.500762,0.000000,2,0,0.000000,0,true,converged,89.332043,89.664228,0.558944,0.000000,0.000000
rep_d70_s50_r14,14,replication,baseline,7060014,20,51,70.0,50.0,0.0,true,1816,0,87.229562,0.000000,1,0,0.000000,0,true,converged,87.422214,87.030916,0.490263,0.000000,0.000000
rep_d70_s50_r15,15,replication,baseline,7060015,25,51,70.0,50.0,0.0,true,1873,0,89.027702,0.000000,1,0,0.000000,0,true,converged,88.668661,89.364689,0.557733,0.000000,0.000000
rep_d70_s50_r16,16,replication,baseline,7060016,14,51,70.0,50.0,0.0,true,1781,0,87.661551,0.000000,1,0,0.000000,0,true,converged,87.538242,87.782444,0.526163,0.000000,0.000000
rep_d70_s50_r17,17,replication,baseline,7060017,18,51,70.0,50.0,0.0,true,1800,0,88.498909,0.000000,1,0,0.000000,0,true,converged,88.859009,88.114754,0.534161,0.000000,0.000000
rep_d70_s50_r18,18,replication,baseline,7060018,17,51,70.0,50.0,0.0,true,1830,0,87.447539,0.000000,2,0,0.000000,0,true,converged,87.566138,87.326656,0.546448,0.000000,0.000000
rep_d70_s50_r19,19,replication,baseline,7060019,20,51,70.0,50.0,0.0,true,1862,0,86.889176,0.000000,1,0,0.000000,0,true,converged,87.305838,86.444233,0.497812,0.000000,0.000000
rep_d70_s50_r20,20,replication,baseline,7060020,25,51,70.0,50.0,0.0,true,1832,0,88.622982,0.000000,1,0,0.000000,0,true,converged,88.557784,88.687441,0.579643,0.000000,0.000000
rep_d70_s50_r21,21,replication,baseline,7060021,22,51,70.0,50.0,0.0,true,1837,0,88.857305,0.000000,1,0,0.000000,0,true,converged,89.171271,88.524590,0.561547,0.000000,0.000000
rep_d70_s50_r22,22,replication,baseline,7060022,17,51,70.0,50.0,0.0,true,1815,0,86.651235,0.000000,1,0,0.000000,0,true,converged,86.329514,86.958161,0.449977,0.000000,0.000000
rep_d70_s50_r23,23,replication,baseline,7060023,17,51,70.0,50.0,0.0,true,1820,0,88.082403,0.000000,1,0,0.000000,0,true,converged,88.015489,88.148574,0.519988,0.000000,0.000000
rep_d70_s50_r24,24,replication,baseline,7060024,15,51,70.0,50.0,0.0,true,1810,0,87.402950,0.000000,3,0,0.000000,0,true,converged,86.784769,87.965882,0.477812,0.000000,0.000000
rep_d70_s50_r25,25,replication,baseline,7060025,21,51,70.0,50.0,0.0,true,1826,0,87.752381,0.000000,1,0,0.000000,0,true,converged,87.560457,87.938473,0.497519,0.000000,0.000000
rep_d70_s50_r26,26,replication,baseline,7060026,15,51,70.0,50.0,0.0,true,1811,0,88.115153,0.000000,2,0,0.000000,0,true,converged,88.105898,88.124393,0.538390,0.000000,0.000000
rep_d70_s50_r27,27,replication,baseline,7060027,17,51,70.0,50.0,0.0,true,1832,0,86.730402,0.000000,1,0,0.000000,0,true,converged,86.780952,86.679463,0.473834,0.000000,0.000000
rep_d70_s50_r28,28,replication,baseline,7060028,24,51,70.0,50.0,0.0,true,1841,0,87.927451,0.000000,1,0,0.000000,0,true,converged,87.821612,88.031467,0.545309,0.000000,0.000000
rep_d70_s50_r29,29,replication,baseline,7060029,21,51,70.0,50.0,0.0,true,1853,0,88.938217,0.000000,1,0,0.000000,0,true,converged,89.290831,88.561591,0.556714,0.000000,0.000000
rep_d70_s55_r0,0,replication,baseline,7065000,25,51,70.0,55.0,0.0,true,1823,0,94.430947,0.000000,1,0,0.000000,0,true,converged,94.465082,94.396390,0.652153,0.000000,0.000000
rep_d70_s55_r1,1,replication,baseline,7065001,20,51,70.0,55.0,0.0,true,1832,0,95.245962,0.000000,1,0,0.000000,0,true,converged,95.379126,95.104895,0.591753,0.000000,0.000000
rep_d70_s55_r2,2,replication,baseline,7065002,23,51,70.0,55.0,0.0,true,1820,0,94.439296,0.000000,1,0,0.000000,0,true,converged,94.747899,94.092162,0.637031,0.000000,0.000000
rep_d70_s55_r3,3,replication,baseline,7065003,21,51,70.0,55.0,0.0,true,1807,0,95.157019,0.000000,1,0,0.000000,0,true,converged,95.151515,95.162509,0.665638,0.000000,0.000000
rep_d70_s55_r4,4,replication,baseline,7065004,26,51,70.0,55.0,0.0,true,1854,0,94.202637,0.000000,1,0,0.000000,0,true,converged,93.967299,94.420302,0.600099,0.000000,0.000000
rep_d70_s55_r5,5,replication,baseline,7065005,30,51,70.0,55.0,0.0,true,1794,0,94.439136,0.000000,1,0,0.000000,0,true,converged,94.337420,94.537263,0.649542,0.000000,0.000000
rep_d70_s55_r6,6,replication,baseline,7065006,22,51,70.0,55.0,0.0,true,1812,0,94.920635,0.000000,1,0,0.000000,0,true,converged,94.871795,94.968553,0.640193,0.000000,0.000000
rep_d70_s55_r7,7,replication,baseline,7065007,24,51,70.0,55.0,0.0,true,1797,0,94.087256,0.000000,2,0,0.000000,0,true,converged,94.017425,94.155476,0.655584,0.000000,0.000000
rep_d70_s55_r8,8,replication,baseline,7065008,22,51,70.0,55.0,0.0,true,1819,0,95.584125,0.000000,1,0,0.000000,0,true,converged,95.595614,95.572576,0.686853,0.000000,0.000000
rep_d70_s55_r9,9,replication,baseline,7065009,21,51,70.0,55.0,0.0,true,1810,0,94.868446,0.000000,1,0,0.000000,0,true,converged,94.659157,95.061950,0.648348,0.000000,0.000000
rep_d70_s55_r10,10,replication,baseline,7065010,28,51,70.0,55.0,0.0,true,1832,0,93.712301,0.000000,1,0,0.000000,0,true,converged,93.841747,93.577296,0.598002,0.000000,0.000000
rep_d70_s55_r11,11,replication,baseline,7065011,20,51,70.0,55.0,0.0,true,1812,0,94.961977,0.000000,2,0,0.000000,0,true,converged,94.916555,95.006595,0.604565,0.000000,0.000000
rep_d70_s55_r12,12,replication,baseline,7065012,24,51,70.0,55.0,0.0,true,1823,0,95.181616,0.000000,1,0,0.000000,0,true,converged,95.317003,95.038168,0.637784,0.000000,0.000000
rep_d70_s55_r13,13,replication,baseline,7065013,36,51,70.0,55.0,0.0,true,1829,0,93.625720,0.000000,3,0,0.000000,0,true,converged,93.369418,93.862945,0.603460,0.000000,0.000000
rep_d70_s55_r14,14,replication,baseline,7065014,20,51,70.0,55.0,0.0,true,1845,0,94.302876,0.000000,2,0,0.000000,0,true,converged,94.126478,94.468987,0.644850,0.000000,0.000000
rep_d70_s55_r15,15,replication,baseline,7065015,25,51,70.0,55.0,0.0,true,1819,0,94.909502,0.000000,1,0,0.000000,0,true,converged,94.787645,95.025792,0.618611,0.000000,0.000000
rep_d70_s55_r16,16,replication,baseline,7065016,22,51,70.0,55.0,0.0,true,1854,0,94.597515,0.000000,1,0,0.000000,0,true,converged,94.507506,94.684621,0.635479,0.000000,0.000000
rep_d70_s55_r17,17,replication,baseline,7065017,42,51,70.0,55.0,0.0,true,1839,0,95.090439,0.000000,1,0,0.000000,0,true,converged,94.866847,95.295366,0.649735,0.000000,0.000000
rep_d70_s55_r18,18,replication,baseline,7065018,33,51,70.0,55.0,0.0,true,1814,0,95.075472,0.000000,1,0,0.000000,0,true,converged,94.938918,95.204850,0.668932,0.000000,0.000000
rep_d70_s55_r19,19,replication,baseline,7065019,27,51,70.0,55.0,0.0,true,1851,0,94.758948,0.000000,1,0,0.000000,0,true,converged,95.093178,94.375857,0.612070,0.000000,0.000000
rep_d70_s55_r20,20,replication,baseline,7065020,27,51,70.0,55.0,0.0,true,1793,0,94.677604,0.000000,1,0,0.000000,0,true,converged,94.357937,94.962990,0.629991,0.000000,0.000000
rep_d70_s55_r21,21,replication,baseline,7065021,31,51,70.0,55.0,0.0,true,1841,0,95.268542,0.000000,1,0,0.000000,0,true,converged,95.225806,95.310520,0.604998,0.000000,0.000000
rep_d70_s55_r22,22,replication,baseline,7065022,29,51,70.0,55.0,0.0,true,1798,0,94.250474,0.000000,1,0,0.000000,0,true,converged,94.366983,94.129045,0.580730,0.000000,0.000000
rep_d70_s55_r23,23,replication,baseline,7065023,21,51,70.0,55.0,0.0,true,1848,0,93.924376,0.000000,1,0,0.000000,0,true,converged,93.894115,93.954338,0.567130,0.000000,0.000000
rep_d70_s55_r24,24,replication,baseline,7065024,23,51,70.0,55.0,0.0,true,1808,0,95.784148,0.000000,2,0,0.000000,0,true,converged,95.566502,95.981425,0.676723,0.000000,0.000000
rep_d70_s55_r25,25,replication,baseline,7065025,29,51,70.0,55.0,0.0,true,1828,0,95.058301,0.000000,1,0,0.000000,0,true,converged,94.959411,95.153385,0.660756,0.000000,0.000000
rep_d70_s55_r26,26,replication,baseline,7065026,33,51,70.0,55.0,0.0,true,1798,0,95.111705,0.000000,1,0,0.000000,0,true,converged,95.080707,95.142315,0.613676,0.000000,0.000000
rep_d70_s55_r27,27,replication,baseline,7065027,24,51,70.0,55.0,0.0,true,1827,0,93.935484,0.000000,1,0,0.000000,0,true,converged,93.885895,93.984275,0.626586,0.000000,0.000000
rep_d70_s55_r28,28,replication,baseline,7065028,29,51,70.0,55.0,0.0,true,1823,0,93.669468,0.000000,1,0,0.000000,0,true,converged,93.704735,93.633803,0.605170,0.000000,0.000000
rep_d70_s55_r29,29,replication,baseline,7065029,31,51,70.0,55.0,0.0,true,1818,0,94.960163,0.000000,2,0,0.000000,0,true,converged,94.864048,95.052746,0.662177,0.000000,0.000000
rep_d70_s60_r0,0,replication,baseline,7070000,31,51,70.0,60.0,0.0,true,1823,0,96.528036,0.000000,1,0,0.000000,0,true,converged,96.578225,96.476352,0.638019,0.000000,0.000000
rep_d70_s60_r1,1,replication,baseline,7070001,27,51,70.0,60.0,0.0,true,1837,0,96.349294,0.000000,1,0,0.000000,0,true,converged,96.334500,96.363969,0.618723,0.000000,0.000000
rep_d70_s60_r2,2,replication,baseline,7070002,25,51,70.0,60.0,0.0,true,1814,0,95.760787,0.000000,1,0,0.000000,0,true,converged,95.680679,95.837978,0.584138,0.000000,0.000000
rep_d70_s60_r3,3,replication,baseline,7070003,25,51,70.0,60.0,0.0,true,1846,0,96.439600,0.000000,1,0,0.000000,0,true,converged,96.569828,96.299094,0.640037,0.000000,0.000000
rep_d70_s60_r4,4,replication,baseline,7070004,31,51,70.0,60.0,0.0,true,1812,0,96.516664,0.000000,3,0,0.000000,0,true,converged,96.531033,96.502174,0.652369,0.000000,0.000000
rep_d70_s60_r5,5,replication,baseline,7070005,26,51,70.0,60.0,0.0,true,1860,0,96.615001,0.000000,1,0,0.000000,0,true,converged,96.730902,96.490580,0.620006,0.000000,0.000000
rep_d70_s60_r6,6,replication,baseline,7070006,31,51,70.0,60.0,0.0,true,1799,0,96.659587,0.000000,1,0,0.000000,0,true,converged,96.640124,96.678825,0.624264,0.000000,0.000000
rep_d70_s60_r7,7,replication,baseline,7070007,30,51,70.0,60.0,0.0,true,1812,0,96.711145,0.000000,2,0,0.000000,0,true,converged,96.697490,96.724687,0.684322,0.000000,0.000000
rep_d70_s60_r8,8,replication,baseline,7070008,33,51,70.0,60.0,0.0,true,1826,0,95.806511,0.000000,1,0,0.000000,0,true,converged,95.821114,95.791805,0.634245,0.000000,0.000000
rep_d70_s60_r9,9,replication,baseline,7070009,29,51,70.0,60.0,0.0,true,1816,0,96.212973,0.000000,1,0,0.000000,0,true,converged,96.366906,96.045419,0.670152,0.000000,0.000000
rep_d70_s60_r10,10,replication,baseline,7070010,25,51,70.0,60.0,0.0,true,1817,0,96.274218,0.000000,1,0,0.000000,0,true,converged,96.263079,96.285290,0.697575,0.000000,0.000000
rep_d70_s60_r11,11,replication,baseline,7070011,30,51,70.0,60.0,0.0,true,1841,0,96.526009,0.000000,2,0,0.000000,0,true,converged,96.519045,96.532946,0.692848,0.000000,0.000000
rep_d70_s60_r12,12,replication,baseline,7070012,32,51,70.0,60.0,0.0,true,1814,0,96.356808,0.000000,2,0,0.000000,0,true,converged,96.096579,96.584507,0.642592,0.000000,0.000000
rep_d70_s60_r13,13,replication,baseline,7070013,29,51,70.0,60.0,0.0,true,1839,0,96.678290,0.000000,1,0,0.000000,0,true,converged,96.647527,96.708492,0.659528,0.000000,0.000000
rep_d70_s60_r14,14,replication,baseline,7070014,26,51,70.0,60.0,0.0,true,1809,0,96.543163,0.000000,1,0,0.000000,0,true,converged,96.535885,96.550410,0.601141,0.000000,0.000000
rep_d70_s60_r15,15,replication,baseline,7070015,25,51,70.0,60.0,0.0,true,1833,0,96.685083,0.000000,1,0,0.000000,0,true,converged,96.829870,96.526438,0.668344,0.000000,0.000000
rep_d70_s60_r16,16,replication,baseline,7070016,34,51,70.0,60.0,0.0,true,1873,0,96.253755,0.000000,2,0,0.000000,0,true,converged,96.180180,96.324549,0.633924,0.000000,0.000000
rep_d70_s60_r17,17,replication,baseline,7070017,26,51,70.0,60.0,0.0,true,1837,0,96.280611,0.000000,1,0,0.000000,0,true,converged,96.166983,96.387697,0.641492,0.000000,0.000000
rep_d70_s60_r18,18,replication,baseline,7070018,43,51,70.0,60.0,0.0,true,1850,0,96.096756,0.000000,1,0,0.000000,0,true,converged,95.986433,96.201177,0.642718,0.000000,0.000000
rep_d70_s60_r19,19,replication,baseline,7070019,26,51,70.0,60.0,0.0,true,1857,0,96.523149,0.000000,1,0,0.000000,0,true,converged,96.421287,96.619373,0.672328,0.000000,0.000000
rep_d70_s60_r20,20,replication,baseline,7070020,26,51,70.0,60.0,0.0,true,1820,0,95.993260,0.000000,1,0,0.000000,0,true,converged,95.704536,96.245614,0.614069,0.000000,0.000000
rep_d70_s60_r21,21,replication,baseline,7070021,29,51,70.0,60.0,0.0,true,1848,0,96.049784,0.000000,1,0,0.000000,0,true,converged,96.149112,95.945195,0.669952,0.000000,0.000000
rep_d70_s60_r22,22,replication,baseline,7070022,29,51,70.0,60.0,0.0,true,1800,0,96.164964,0.000000,2,0,0.000000,0,true,converged,96.210246,96.118588,0.629842,0.000000,0.000000
rep_d70_s60_r23,23,replication,baseline,7070023,29,51,70.0,60.0,0.0,true,1825,0,96.608599,0.000000,4,0,0.000000,0,true,converged,96.716311,96.493581,0.669822,0.000000,0.000000
rep_d70_s60_r24,24,replication,baseline,7070024,28,51,70.0,60.0,0.0,true,1838,0,95.682657,0.000000,1,0,0.000000,0,true,converged,95.726808,95.637584,0.595590,0.000000,0.000000
rep_d70_s60_r25,25,replication,baseline,7070025,25,51,70.0,60.0,0.0,true,1826,0,96.116323,0.000000,1,0,0.000000,0,true,converged,96.030681,96.198347,0.629817,0.000000,0.000000
rep_d70_s60_r26,26,replication,baseline,7070026,25,51,70.0,60.0,0.0,true,1809,0,96.259210,0.000000,1,0,0.000000,0,true,converged,96.305970,96.211251,0.603195,0.000000,0.000000
rep_d70_s60_r27,27,replication,baseline,7070027,30,51,70.0,60.0,0.0,true,1826,0,96.641306,0.000000,1,0,0.000000,0,true,converged,96.547778,96.729901,0.679697,0.000000,0.000000
rep_d70_s60_r28,28,replication,baseline,7070028,26,51,70.0,60.0,0.0,true,1801,0,96.795241,0.000000,2,0,0.000000,0,true,converged,96.848462,96.740191,0.674600,0.000000,0.000000
rep_d70_s60_r29,29,replication,baseline,7070029,26,51,70.0,60.0,0.0,true,1835,0,95.882570,0.000000,1,0,0.000000,0,true,converged,95.913506,95.851163,0.631569,0.000000,0.000000
rep_d70_s65_r0,0,replication,baseline,7075000,34,51,70.0,65.0,0.0,true,1842,0,98.366767,0.000000,1,0,0.000000,0,true,converged,98.424118,98.305085,0.688413,0.000000,0.000000
rep_d70_s65_r1,1,replication,baseline,7075001,32,51,70.0,65.0,0.0,true,1852,0,98.457223,0.000000,1,0,0.000000,0,true,converged,98.404641,98.506449,0.718479,0.000000,0.000000
rep_d70_s65_r2,2,replication,baseline,7075002,40,51,70.0,65.0,0.0,true,1814,0,98.095756,0.000000,1,0,0.000000,0,true,converged,98.082192,98.109130,0.662730,0.000000,0.000000
rep_d70_s65_r3,3,replication,baseline,7075003,40,51,70.0,65.0,0.0,true,1805,0,98.548861,0.000000,1,0,0.000000,0,true,converged,98.540551,98.557078,0.683106,0.000000,0.000000
rep_d70_s65_r4,4,replication,baseline,7075004,45,51,70.0,65.0,0.0,true,1845,0,98.578698,0.000000,1,0,0.000000,0,true,converged,98.464455,98.677119,0.737127,0.000000,0.000000
rep_d70_s65_r5,5,replication,baseline,7075005,30,51,70.0,65.0,0.0,true,1829,0,98.544213,0.000000,1,0,0.000000,0,true,converged,98.520548,98.567132,0.789066,0.000000,0.000000
rep_d70_s65_r6,6,replication,baseline,7075006,40,51,70.0,65.0,0.0,true,1820,0,98.523321,0.000000,1,0,0.000000,0,true,converged,98.541444,98.504741,0.714840,0.000000,0.000000
rep_d70_s65_r7,7,replication,baseline,7075007,40,51,70.0,65.0,0.0,true,1841,0,98.063599,0.000000,1,0,0.000000,0,true,converged,98.113208,98.011312,0.707827,0.000000,0.000000
rep_d70_s65_r8,8,replication,baseline,7075008,32,51,70.0,65.0,0.0,true,1828,0,98.354498,0.000000,2,0,0.000000,0,true,converged,98.310066,98.396654,0.718227,0.000000,0.000000
rep_d70_s65_r9,9,replication,baseline,7075009,46,51,70.0,65.0,0.0,true,1807,0,98.521257,0.000000,1,0,0.000000,0,true,converged,98.457980,98.579545,0.706577,0.000000,0.000000
rep_d70_s65_r10,10,replication,baseline,7075010,42,51,70.0,65.0,0.0,true,1820,0,98.090215,0.000000,1,0,0.000000,0,true,converged,98.053753,98.125335,0.689029,0.000000,0.000000
rep_d70_s65_r11,11,replication,baseline,7075011,33,51,70.0,65.0,0.0,true,1823,0,98.018182,0.000000,1,0,0.000000,0,true,converged,98.041330,97.994480,0.731540,0.000000,0.000000
rep_d70_s65_r12,12,replication,baseline,7075012,40,51,70.0,65.0,0.0,true,1804,0,98.526432,0.000000,1,0,0.000000,0,true,converged,98.453807,98.592540,0.688822,0.000000,0.000000
rep_d70_s65_r13,13,replication,baseline,7075013,46,51,70.0,65.0,0.0,true,1798,0,98.221973,0.000000,1,0,0.000000,0,true,converged,98.251426,98.191510,0.647976,0.000000,0.000000
rep_d70_s65_r14,14,replication,baseline,7075014,36,51,70.0,65.0,0.0,true,1810,0,98.508837,0.000000,1,0,0.000000,0,true,converged,98.591549,98.415803,0.694940,0.000000,0.000000
rep_d70_s65_r15,15,replication,baseline,7075015,29,51,70.0,65.0,0.0,true,1806,0,98.121201,0.000000,2,0,0.000000,0,true,converged,98.064516,98.174660,0.681063,0.000000,0.000000
rep_d70_s65_r16,16,replication,baseline,7075016,34,51,70.0,65.0,0.0,true,1819,0,98.290909,0.000000,2,0,0.000000,0,true,converged,98.349139,98.228421,0.721739,0.000000,0.000000
rep_d70_s65_r17,17,replication,baseline,7075017,29,51,70.0,65.0,0.0,true,1793,0,98.595713,0.000000,1,0,0.000000,0,true,converged,98.623188,98.567119,0.709233,0.000000,0.000000
rep_d70_s65_r18,18,replication,baseline,7075018,39,51,70.0,65.0,0.0,true,1829,0,98.527299,0.000000,2,0,0.000000,0,true,converged,98.529939,98.524649,0.705767,0.000000,0.000000
rep_d70_s65_r19,19,replication,baseline,7075019,34,51,70.0,65.0,0.0,true,1831,0,98.247810,0.000000,1,0,0.000000,0,true,converged,98.214286,98.280098,0.716036,0.000000,0.000000
rep_d70_s65_r20,20,replication,baseline,7075020,35,51,70.0,65.0,0.0,true,1829,0,98.744620,0.000000,1,0,0.000000,0,true,converged,98.776224,98.711340,0.717149,0.000000,0.000000
rep_d70_s65_r21,21,replication,baseline,7075021,30,51,70.0,65.0,0.0,true,1830,0,98.338450,0.000000,2,0,0.000000,0,true,converged,98.281659,98.391608,0.655500,0.000000,0.000000
rep_d70_s65_r22,22,replication,baseline,7075022,41,51,70.0,65.0,0.0,true,1790,0,98.586835,0.000000,1,0,0.000000,0,true,converged,98.586835,98.586835,0.723185,0.000000,0.000000
rep_d70_s65_r23,23,replication,baseline,7075023,31,51,70.0,65.0,0.0,true,1820,0,97.921983,0.000000,1,0,0.000000,0,true,converged,97.883401,97.959184,0.690764,0.000000,0.000000
rep_d70_s65_r24,24,replication,baseline,7075024,34,51,70.0,65.0,0.0,true,1786,0,97.977316,0.000000,5,0,0.000000,0,true,converged,97.982274,97.972333,0.686413,0.000000,0.000000
rep_d70_s65_r25,25,replication,baseline,7075025,42,51,70.0,65.0,0.0,true,1829,0,98.484028,0.000000,1,0,0.000000,0,true,converged,98.529412,98.435754,0.678502,0.000000,0.000000
rep_d70_s65_r26,26,replication,baseline,7075026,26,51,70.0,65.0,0.0,true,1829,0,98.221738,0.000000,1,0,0.000000,0,true,converged,98.208410,98.234870,0.664975,0.000000,0.000000
rep_d70_s65_r27,27,replication,baseline,7075027,29,51,70.0,65.0,0.0,true,1812,0,98.061803,0.000000,1,0,0.000000,0,true,converged,98.012003,98.109169,0.728553,0.000000,0.000000
rep_d70_s65_r28,28,replication,baseline,7075028,39,51,70.0,65.0,0.0,true,1823,0,98.583722,0.000000,1,0,0.000000,0,true,converged,98.574265,98.593054,0.717139,0.000000,0.000000
rep_d70_s65_r29,29,replication,baseline,7075029,34,51,70.0,65.0,0.0,true,1787,0,98.248258,0.000000,1,0,0.000000,0,true,converged,98.237635,98.258753,0.659755,0.000000,0.000000
rep_d70_s70_r0,0,replication,baseline,7080000,56,51,70.0,70.0,0.0,true,1838,0,99.574902,0.000000,3,0,0.000000,0,true,converged,99.573743,99.576056,0.748665,0.000000,0.000000
rep_d70_s70_r1,1,replication,baseline,7080001,52,51,70.0,70.0,0.0,true,1809,0,99.530924,0.000000,1,0,0.000000,0,true,converged,99.538698,99.522884,0.800204,0.000000,0.000000
rep_d70_s70_r2,2,replication,baseline,7080002,68,51,70.0,70.0,0.0,true,1841,0,99.541829,0.000000,1,0,0.000000,0,true,converged,99.550674,99.532629,0.828763,0.000000,0.000000
rep_d70_s70_r3,3,replication,baseline,7080003,48,51,70.0,70.0,0.0,true,1829,0,99.589252,0.000000,3,0,0.000000,0,true,converged,99.602649,99.574920,0.801836,0.000000,0.000000
rep_d70_s70_r4,4,replication,baseline,7080004,73,51,70.0,70.0,0.0,true,1839,0,99.799566,0.000000,1,0,0.000000,0,true,converged,99.801325,99.797776,0.820574,0.000000,0.000000
rep_d70_s70_r5,5,replication,baseline,7080005,52,51,70.0,70.0,0.0,true,1783,0,99.551730,0.000000,2,0,0.000000,0,true,converged,99.545867,99.557444,0.790309,0.000000,0.000000
rep_d70_s70_r6,6,replication,baseline,7080006,52,51,70.0,70.0,0.0,true,1835,0,99.551879,0.000000,1,0,0.000000,0,true,converged,99.539497,99.563612,0.759336,0.000000,0.000000
rep_d70_s70_r7,7,replication,baseline,7080007,51,51,70.0,70.0,0.0,true,1800,0,99.646143,0.000000,1,0,0.000000,0,true,converged,99.646643,99.645641,0.790040,0.000000,0.000000
rep_d70_s70_r8,8,replication,baseline,7080008,56,51,70.0,70.0,0.0,true,1826,0,99.689869,0.000000,1,0,0.000000,0,true,converged,99.698290,99.680964,0.808917,0.000000,0.000000
rep_d70_s70_r9,9,replication,baseline,7080009,55,51,70.0,70.0,0.0,true,1805,0,99.492475,0.000000,1,0,0.000000,0,true,converged,99.498183,99.486635,0.766253,0.000000,0.000000
rep_d70_s70_r10,10,replication,baseline,7080010,54,51,70.0,70.0,0.0,true,1837,0,99.592184,0.000000,1,0,0.000000,0,true,converged,99.585492,99.598662,0.768159,0.000000,0.000000
rep_d70_s70_r11,11,replication,baseline,7080011,57,51,70.0,70.0,0.0,true,1813,0,99.474422,0.000000,1,0,0.000000,0,true,converged,99.466951,99.481686,0.759622,0.000000,0.000000
rep_d70_s70_r12,12,replication,baseline,7080012,59,51,70.0,70.0,0.0,true,1836,0,99.539642,0.000000,2,0,0.000000,0,true,converged,99.537909,99.541362,0.750545,0.000000,0.000000
rep_d70_s70_r13,13,replication,baseline,7080013,54,51,70.0,70.0,0.0,true,1830,0,99.623481,0.000000,1,0,0.000000,0,true,converged,99.621212,99.625723,0.830660,0.000000,0.000000
rep_d70_s70_r14,14,replication,baseline,7080014,56,51,70.0,70.0,0.0,true,1857,0,99.482644,0.000000,1,0,0.000000,0,true,converged,99.495525,99.469087,0.769431,0.000000,0.000000
rep_d70_s70_r15,15,replication,baseline,7080015,56,51,70.0,70.0,0.0,true,1775,0,99.586777,0.000000,2,0,0.000000,0,true,converged,99.556755,99.612990,0.769361,0.000000,0.000000
rep_d70_s70_r16,16,replication,baseline,7080016,59,51,70.0,70.0,0.0,true,1802,0,99.494421,0.000000,1,0,0.000000,0,true,converged,99.518832,99.467401,0.790358,0.000000,0.000000
rep_d70_s70_r17,17,replication,baseline,7080017,53,51,70.0,70.0,0.0,true,1849,0,99.507222,0.000000,1,0,0.000000,0,true,converged,99.517712,99.496265,0.764779,0.000000,0.000000
rep_d70_s70_r18,18,replication,baseline,7080018,55,51,70.0,70.0,0.0,true,1846,0,99.581169,0.000000,1,0,0.000000,0,true,converged,99.595011,99.566349,0.776150,0.000000,0.000000
rep_d70_s70_r19,19,replication,baseline,7080019,61,51,70.0,70.0,0.0,true,1818,0,99.393939,0.000000,2,0,0.000000,0,true,converged,99.351732,99.430987,0.762785,0.000000,0.000000
rep_d70_s70_r20,20,replication,baseline,7080020,57,51,70.0,70.0,0.0,true,1810,0,99.634401,0.000000,1,0,0.000000,0,true,converged,99.632931,99.635859,0.736204,0.000000,0.000000
rep_d70_s70_r21,21,replication,baseline,7080021,62,51,70.0,70.0,0.0,true,1841,0,99.627182,0.000000,1,0,0.000000,0,true,converged,99.609375,99.643436,0.804248,0.000000,0.000000
rep_d70_s70_r22,22,replication,baseline,7080022,63,51,70.0,70.0,0.0,true,1768,0,99.570892,0.000000,1,0,0.000000,0,true,converged,99.561884,99.579537,0.813450,0.000000,0.000000
rep_d70_s70_r23,23,replication,baseline,7080023,51,51,70.0,70.0,0.0,true,1835,0,99.538777,0.000000,1,0,0.000000,0,true,converged,99.541518,99.536003,0.768975,0.000000,0.000000
rep_d70_s70_r24,24,replication,baseline,7080024,61,51,70.0,70.0,0.0,true,1842,0,99.607709,0.000000,1,0,0.000000,0,true,converged,99.613250,99.602007,0.776220,0.000000,0.000000
rep_d70_s70_r25,25,replication,baseline,7080025,52,51,70.0,70.0,0.0,true,1830,0,99.606164,0.000000,1,0,0.000000,0,true,converged,99.581894,99.627771,0.789306,0.000000,0.000000
rep_d70_s70_r26,26,replication,baseline,7080026,59,51,70.0,70.0,0.0,true,1819,0,99.537513,0.000000,1,0,0.000000,0,true,converged,99.528714,99.545990,0.770953,0.000000,0.000000
rep_d70_s70_r27,27,replication,baseline,7080027,59,51,70.0,70.0,0.0,true,1807,0,99.560787,0.000000,1,0,0.000000,0,true,converged,99.571991,99.548981,0.723544,0.000000,0.000000
rep_d70_s70_r28,28,replication,baseline,7080028,57,51,70.0,70.0,0.0,true,1775,0,99.695286,0.000000,3,0,0.000000,0,true,converged,99.701911,99.688359,0.801189,0.000000,0.000000
rep_d70_s70_r29,29,replication,baseline,7080029,54,51,70.0,70.0,0.0,true,1842,0,99.526547,0.000000,1,0,0.000000,0,true,converged,99.509975,99.542035,0.784354,0.000000,0.000000
rep_d80_s15_r0,0,replication,baseline,8025000,5,51,80.0,15.0,0.0,true,2082,0,54.904324,0.000000,2,0,0.000000,0,true,converged,56.056379,53.690237,0.241861,0.000000,0.000000
rep_d80_s15_r1,1,replication,baseline,8025001,4,51,80.0,15.0,0.0,true,2066,0,55.114155,0.000000,5,0,0.000000,0,true,converged,54.928932,55.297863,0.235560,0.000000,0.000000
rep_d80_s15_r2,2,replication,baseline,8025002,6,51,80.0,15.0,0.0,true,2056,0,54.184682,0.000000,1,0,0.000000,0,true,converged,54.486884,53.878439,0.230185,0.000000,0.000000
rep_d80_s15_r3,3,replication,baseline,8025003,7,51,80.0,15.0,0.0,true,2087,0,54.305721,0.000000,1,0,0.000000,0,true,converged,55.009535,53.579537,0.210987,0.000000,0.000000
rep_d80_s15_r4,4,replication,baseline,8025004,5,51,80.0,15.0,0.0,true,2115,0,53.147364,0.000000,1,0,0.000000,0,true,converged,53.748558,52.530334,0.217103,0.000000,0.000000
rep_d80_s15_r5,5,replication,baseline,8025005,5,51,80.0,15.0,0.0,true,2106,0,54.288228,0.000000,1,0,0.000000,0,true,converged,54.876990,53.683898,0.195227,0.000000,0.000000
rep_d80_s15_r6,6,replication,baseline,8025006,5,51,80.0,15.0,0.0,true,2097,0,53.946588,0.000000,1,0,0.000000,0,true,converged,53.630117,54.258768,0.195569,0.000000,0.000000
rep_d80_s15_r7,7,replication,baseline,8025007,5,51,80.0,15.0,0.0,true,2057,0,55.402902,0.000000,1,0,0.000000,0,true,converged,56.484410,54.266266,0.233849,0.000000,0.000000
rep_d80_s15_r8,8,replication,baseline,8025008,6,51,80.0,15.0,0.0,true,2077,0,55.935796,0.000000,2,0,0.000000,0,true,converged,57.016248,54.799627,0.239748,0.000000,0.000000
rep_d80_s15_r9,9,replication,baseline,8025009,5,51,80.0,15.0,0.0,true,2083,0,53.598798,0.000000,1,0,0.000000,0,true,converged,53.675368,53.521975,0.183802,0.000000,0.000000
rep_d80_s15_r10,10,replication,baseline,8025010,4,51,80.0,15.0,0.0,true,2082,0,53.523867,0.000000,2,0,0.000000,0,true,converged,54.121123,52.910855,0.219253,0.000000,0.000000
rep_d80_s15_r11,11,replication,baseline,8025011,5,51,80.0,15.0,0.0,true,2075,0,55.338778,0.000000,2,0,0.000000,0,true,converged,55.466747,55.210071,0.211133,0.000000,0.000000
rep_d80_s15_r12,12,replication,baseline,8025012,5,51,80.0,15.0,0.0,true,2067,0,53.511450,0.000000,1,0,0.000000,0,true,converged,55.566905,51.256603,0.225812,0.000000,0.000000
rep_d80_s15_r13,13,replication,baseline,8025013,5,51,80.0,15.0,0.0,true,2098,0,53.675163,0.000000,1,0,0.000000,0,true,converged,53.048964,54.284879,0.232990,0.000000,0.000000
rep_d80_s15_r14,14,replication,baseline,8025014,5,51,80.0,15.0,0.0,true,2076,0,53.791648,0.000000,1,0,0.000000,0,true,converged,53.369846,54.205887,0.227551,0.000000,0.000000
rep_d80_s15_r15,15,replication,baseline,8025015,7,51,80.0,15.0,0.0,true,2089,0,54.811151,0.000000,1,0,0.000000,0,true,converged,55.498155,54.102603,0.229453,0.000000,0.000000
rep_d80_s15_r16,16,replication,baseline,8025016,6,51,80.0,15.0,0.0,true,2077,0,53.793730,0.000000,1,0,0.000000,0,true,converged,54.030435,53.554575,0.188413,0.000000,0.000000
rep_d80_s15_r17,17,replication,baseline,8025017,5,51,80.0,15.0,0.0,true,2076,0,54.822104,0.000000,1,0,0.000000,0,true,converged,56.194950,53.360425,0.237628,0.000000,0.000000
rep_d80_s15_r18,18,replication,baseline,8025018,5,51,80.0,15.0,0.0,true,2135,0,54.844685,0.000000,2,0,0.000000,0,true,converged,54.670290,55.017743,0.216964,0.000000,0.000000
rep_d80_s15_r19,19,replication,baseline,8025019,5,51,80.0,15.0,0.0,true,2082,0,53.483483,0.000000,1,0,0.000000,0,true,converged,52.975106,53.980986,0.190181,0.000000,0.000000
rep_d80_s15_r20,20,replication,baseline,8025020,3,51,80.0,15.0,0.0,true,2099,0,53.488717,0.000000,2,0,0.000000,0,true,converged,52.116766,54.784240,0.215801,0.000000,0.000000
rep_d80_s15_r21,21,replication,baseline,8025021,6,51,80.0,15.0,0.0,true,2097,0,54.080426,0.000000,1,0,0.000000,0,true,converged,54.256259,53.903235,0.234322,0.000000,0.000000
rep_d80_s15_r22,22,replication,baseline,8025022,4,51,80.0,15.0,0.0,true,2077,0,54.273114,0.000000,3,0,0.000000,0,true,converged,54.307856,54.238320,0.221980,0.000000,0.000000
rep_d80_s15_r23,23,replication,baseline,8025023,3,51,80.0,15.0,0.0,true,2114,0,54.627870,0.000000,11,0,0.000000,0,true,converged,55.204273,54.036439,0.204678,0.000000,0.000000
rep_d80_s15_r24,24,replication,baseline,8025024,5,51,80.0,15.0,0.0,true,2106,0,53.494189,0.000000,1,0,0.000000,0,true,converged,54.459012,52.487600,0.204884,0.000000,0.000000
rep_d80_s15_r25,25,replication,baseline,8025025,6,51,80.0,15.0,0.0,true,2093,0,54.036806,0.000000,1,0,0.000000,0,true,converged,53.700105,54.368646,0.186863,0.000000,0.000000
rep_d80_s15_r26,26,replication,baseline,8025026,4,51,80.0,15.0,0.0,true,2097,0,53.714623,0.000000,1,0,0.000000,0,true,converged,54.066706,53.357100,0.207733,0.000000,0.000000
rep_d80_s15_r27,27,replication,baseline,8025027,4,51,80.0,15.0,0.0,true,2112,0,53.719736,0.000000,1,0,0.000000,0,true,converged,53.780774,53.658537,0.189050,0.000000,0.000000
rep_d80_s15_r28,28,replication,baseline,8025028,5,51,80.0,15.0,0.0,true,2079,0,54.355348,0.000000,1,0,0.000000,0,true,converged,55.237533,53.437692,0.233758,0.000000,0.000000
rep_d80_s15_r29,29,replication,baseline,8025029,4,51,80.0,15.0,0.0,true,2056,0,53.302540,0.000000,1,0,0.000000,0,true,converged,53.331282,53.273764,0.222143,0.000000,0.000000
rep_d80_s20_r0,0,replication,baseline,8030000,5,51,80.0,20.0,0.0,true,2083,0,57.174854,0.000000,4,0,0.000000,0,true,converged,58.253275,56.039240,0.243386,0.000000,0.000000
rep_d80_s20_r1,1,replication,baseline,8030001,9,51,80.0,20.0,0.0,true,2094,0,59.801892,0.000000,1,0,0.000000,0,true,converged,59.508563,60.091002,0.267857,0.000000,0.000000
rep_d80_s20_r2,2,replication,baseline,8030002,7,51,80.0,20.0,0.0,true,2108,0,59.167883,0.000000,3,0,0.000000,0,true,converged,59.149993,59.185758,0.277369,0.000000,0.000000
rep_d80_s20_r3,3,replication,baseline,8030003,6,51,80.0,20.0,0.0,true,2064,0,58.236906,0.000000,1,0,0.000000,0,true,converged,58.745676,57.715431,0.262462,0.000000,0.000000
rep_d80_s20_r4,4,replication,baseline,8030004,6,51,80.0,20.0,0.0,true,2091,0,58.722140,0.000000,1,0,0.000000,0,true,converged,58.288288,59.147059,0.261960,0.000000,0.000000
rep_d80_s20_r5,5,replication,baseline,8030005,13,51,80.0,20.0,0.0,true,2059,0,59.428747,0.000000,1,0,0.000000,0,true,converged,58.511307,60.306490,0.290798,0.000000,0.000000
rep_d80_s20_r6,6,replication,baseline,8030006,10,51,80.0,20.0,0.0,true,2070,0,58.419296,0.000000,1,0,0.000000,0,true,converged,58.887056,57.940770,0.269812,0.000000,0.000000
rep_d80_s20_r7,7,replication,baseline,8030007,6,51,80.0,20.0,0.0,true,2088,0,56.940510,0.000000,1,0,0.000000,0,true,converged,58.624642,55.113460,0.236293,0.000000,0.000000
rep_d80_s20_r8,8,replication,baseline,8030008,10,51,80.0,20.0,0.0,true,2069,0,57.402361,0.000000,1,0,0.000000,0,true,converged,56.560667,58.212058,0.253058,0.000000,0.000000
rep_d80_s20_r9,9,replication,baseline,8030009,6,51,80.0,20.0,0.0,true,2082,0,57.002237,0.000000,3,0,0.000000,0,true,converged,58.404271,55.502392,0.247502,0.000000,0.000000
rep_d80_s20_r10,10,replication,baseline,8030010,6,51,80.0,20.0,0.0,true,2091,0,56.822235,0.000000,1,0,0.000000,0,true,converged,56.751526,56.892714,0.214515,0.000000,0.000000
rep_d80_s20_r11,11,replication,baseline,8030011,5,51,80.0,20.0,0.0,true,2081,0,56.375337,0.000000,4,0,0.000000,0,true,converged,56.718634,56.026550,0.229032,0.000000,0.000000
rep_d80_s20_r12,12,replication,baseline,8030012,6,51,80.0,20.0,0.0,true,2103,0,59.451532,0.000000,1,0,0.000000,0,true,converged,59.522764,59.380050,0.264941,0.000000,0.000000
rep_d80_s20_r13,13,replication,baseline,8030013,6,51,80.0,20.0,0.0,true,2070,0,57.387224,0.000000,2,0,0.000000,0,true,converged,58.166147,56.578744,0.241006,0.000000,0.000000
rep_d80_s20_r14,14,replication,baseline,8030014,11,51,80.0,20.0,0.0,true,2070,0,59.397700,0.000000,1,0,0.000000,0,true,converged,60.008943,58.767481,0.301870,0.000000,0.000000
rep_d80_s20_r15,15,replication,baseline,8030015,6,51,80.0,20.0,0.0,true,2065,0,56.399695,0.000000,2,0,0.000000,0,true,converged,55.329791,57.419547,0.228316,0.000000,0.000000
rep_d80_s20_r16,16,replication,baseline,8030016,9,51,80.0,20.0,0.0,true,2066,0,57.520109,0.000000,1,0,0.000000,0,true,converged,57.195290,57.840036,0.239395,0.000000,0.000000
rep_d80_s20_r17,17,replication,baseline,8030017,8,51,80.0,20.0,0.0,true,2053,0,57.757958,0.000000,1,0,0.000000,0,true,converged,56.963810,58.523328,0.260822,0.000000,0.000000
rep_d80_s20_r18,18,replication,baseline,8030018,6,51,80.0,20.0,0.0,true,2096,0,57.707044,0.000000,2,0,0.000000,0,true,converged,56.156431,59.151722,0.242454,0.000000,0.000000
rep_d80_s20_r19,19,replication,baseline,8030019,8,51,80.0,20.0,0.0,true,2072,0,57.977596,0.000000,1,0,0.000000,0,true,converged,57.449418,58.492823,0.255533,0.000000,0.000000
rep_d80_s20_r20,20,replication,baseline,8030020,5,51,80.0,20.0,0.0,true,2079,0,57.721139,0.000000,1,0,0.000000,0,true,converged,58.796026,56.588670,0.245145,0.000000,0.000000
rep_d80_s20_r21,21,replication,baseline,8030021,7,51,80.0,20.0,0.0,true,2101,0,58.102941,0.000000,3,0,0.000000,0,true,converged,57.673451,58.523803,0.257519,0.000000,0.000000
rep_d80_s20_r22,22,replication,baseline,8030022,5,51,80.0,20.0,0.0,true,2084,0,57.539564,0.000000,3,0,0.000000,0,true,converged,57.129937,57.941437,0.236155,0.000000,0.000000
rep_d80_s20_r23,23,replication,baseline,8030023,9,51,80.0,20.0,0.0,true,2056,0,58.006461,0.000000,4,0,0.000000,0,true,converged,56.926475,59.033613,0.246867,0.000000,0.000000
rep_d80_s20_r24,24,replication,baseline,8030024,9,51,80.0,20.0,0.0,true,2050,0,58.034611,0.000000,1,0,0.000000,0,true,converged,56.861499,59.145608,0.247925,0.000000,0.000000
rep_d80_s20_r25,25,replication,baseline,8030025,6,51,80.0,20.0,0.0,true,2057,0,57.948797,0.000000,1,0,0.000000,0,true,converged,57.360485,58.521095,0.251512,0.000000,0.000000
rep_d80_s20_r26,26,replication,baseline,8030026,5,51,80.0,20.0,0.0,true,2049,0,57.346118,0.000000,3,0,0.000000,0,true,converged,57.107309,57.582282,0.235980,0.000000,0.000000
rep_d80_s20_r27,27,replication,baseline,8030027,10,51,80.0,20.0,0.0,true,2038,0,58.712594,0.000000,1,0,0.000000,0,true,converged,59.025522,58.394848,0.256439,0.000000,0.000000
rep_d80_s20_r28,28,replication,baseline,8030028,11,51,80.0,20.0,0.0,true,2067,0,59.160479,0.000000,1,0,0.000000,0,true,converged,57.831325,60.408403,0.251066,0.000000,0.000000
rep_d80_s20_r29,29,replication,baseline,8030029,8,51,80.0,20.0,0.0,true,2107,0,58.862144,0.000000,1,0,0.000000,0,true,converged,58.940012,58.783981,0.258757,0.000000,0.000000
rep_d80_s25_r0,0,replication,baseline,8035000,7,51,80.0,25.0,0.0,true,2064,0,60.560182,0.000000,2,0,0.000000,0,true,converged,60.572120,60.548236,0.233148,0.000000,0.000000
rep_d80_s25_r1,1,replication,baseline,8035001,8,51,80.0,25.0,0.0,true,2087,0,59.887591,0.000000,1,0,0.000000,0,true,converged,59.654865,60.117647,0.240000,0.000000,0.000000
rep_d80_s25_r2,2,replication,baseline,8035002,8,51,80.0,25.0,0.0,true,2098,0,59.685406,0.000000,1,0,0.000000,0,true,converged,59.041136,60.309722,0.270569,0.000000,0.000000
rep_d80_s25_r3,3,replication,baseline,8035003,7,51,80.0,25.0,0.0,true,2064,0,58.859131,0.000000,1,0,0.000000,0,true,converged,58.072475,59.616813,0.242712,0.000000,0.000000
rep_d80_s25_r4,4,replication,baseline,8035004,7,51,80.0,25.0,0.0,true,2090,0,60.769800,0.000000,4,0,0.000000,0,true,converged,61.098062,60.435951,0.267522,0.000000,0.000000
rep_d80_s25_r5,5,replication,baseline,8035005,6,51,80.0,25.0,0.0,true,2090,0,61.579180,0.000000,3,0,0.000000,0,true,converged,61.646852,61.511268,0.278308,0.000000,0.000000
rep_d80_s25_r6,6,replication,baseline,8035006,7,51,80.0,25.0,0.0,true,2075,0,59.470438,0.000000,1,0,0.000000,0,true,converged,58.515553,60.382353,0.251508,0.000000,0.000000
rep_d80_s25_r7,7,replication,baseline,8035007,7,51,80.0,25.0,0.0,true,2121,0,60.349270,0.000000,2,0,0.000000,0,true,converged,60.787089,59.901563,0.258294,0.000000,0.000000
rep_d80_s25_r8,8,replication,baseline,8035008,9,51,80.0,25.0,0.0,true,2113,0,58.658414,0.000000,1,0,0.000000,0,true,converged,58.971429,58.340586,0.266893,0.000000,0.000000
rep_d80_s25_r9,9,replication,baseline,8035009,6,51,80.0,25.0,0.0,true,2041,0,59.741459,0.000000,1,0,0.000000,0,true,converged,57.738288,61.563326,0.262385,0.000000,0.000000
rep_d80_s25_r10,10,replication,baseline,8035010,9,51,80.0,25.0,0.0,true,2078,0,62.210950,0.000000,1,0,0.000000,0,true,converged,61.696658,62.711615,0.303224,0.000000,0.000000
rep_d80_s25_r11,11,replication,baseline,8035011,11,51,80.0,25.0,0.0,true,2086,0,60.586754,0.000000,1,0,0.000000,0,true,converged,61.449275,59.684753,0.273621,0.000000,0.000000
rep_d80_s25_r12,12,replication,baseline,8035012,9,51,80.0,25.0,0.0,true,2091,0,59.494043,0.000000,1,0,0.000000,0,true,converged,59.535704,59.452297,0.257183,0.000000,0.000000
rep_d80_s25_r13,13,replication,baseline,8035013,9,51,80.0,25.0,0.0,true,2115,0,59.014509,0.000000,2,0,0.000000,0,true,converged,60.369496,57.563588,0.279222,0.000000,0.000000
rep_d80_s25_r14,14,replication,baseline,8035014,8,51,80.0,25.0,0.0,true,2098,0,60.296057,0.000000,1,0,0.000000,0,true,converged,58.303833,62.106588,0.256685,0.000000,0.000000
rep_d80_s25_r15,15,replication,baseline,8035015,7,51,80.0,25.0,0.0,true,2118,0,56.723471,0.000000,1,0,0.000000,0,true,converged,56.816233,56.630310,0.228243,0.000000,0.000000
rep_d80_s25_r16,16,replication,baseline,8035016,7,51,80.0,25.0,0.0,true,2079,0,59.823035,0.000000,1,0,0.000000,0,true,converged,59.328981,60.305230,0.281052,0.000000,0.000000
rep_d80_s25_r17,17,replication,baseline,8035017,9,51,80.0,25.0,0.0,true,2072,0,59.946156,0.000000,1,0,0.000000,0,true,converged,59.958134,59.934171,0.280416,0.000000,0.000000
rep_d80_s25_r18,18,replication,baseline,8035018,7,51,80.0,25.0,0.0,true,2074,0,57.741647,0.000000,2,0,0.000000,0,true,converged,58.551573,56.899437,0.252537,0.000000,0.000000
rep_d80_s25_r19,19,replication,baseline,8035019,7,51,80.0,25.0,0.0,true,2078,0,61.090477,0.000000,2,0,0.000000,0,true,converged,61.320337,60.857869,0.281188,0.000000,0.000000
rep_d80_s25_r20,20,replication,baseline,8035020,11,51,80.0,25.0,0.0,true,2069,0,58.645598,0.000000,1,0,0.000000,0,true,converged,59.385161,57.878602,0.283241,0.000000,0.000000
rep_d80_s25_r21,21,replication,baseline,8035021,7,51,80.0,25.0,0.0,true,2080,0,61.236288,0.000000,1,0,0.000000,0,true,converged,60.905965,61.561076,0.279900,0.000000,0.000000
rep_d80_s25_r22,22,replication,baseline,8035022,6,51,80.0,25.0,0.0,true,2067,0,60.048316,0.000000,3,0,0.000000,0,true,converged,61.202346,58.823529,0.267863,0.000000,0.000000
rep_d80_s25_r23,23,replication,baseline,8035023,9,51,80.0,25.0,0.0,true,2091,0,59.052802,0.000000,1,0,0.000000,0,true,converged,57.457213,60.533031,0.245973,0.000000,0.000000
rep_d80_s25_r24,24,replication,baseline,8035024,9,51,80.0,25.0,0.0,true,2095,0,60.255095,0.000000,2,0,0.000000,0,true,converged,59.807265,60.693055,0.258961,0.000000,0.000000
rep_d80_s25_r25,25,replication,baseline,8035025,7,51,80.0,25.0,0.0,true,2097,0,60.204678,0.000000,1,0,0.000000,0,true,converged,60.111372,60.297550,0.259985,0.000000,0.000000
rep_d80_s25_r26,26,replication,baseline,8035026,7,51,80.0,25.0,0.0,true,2081,0,58.510165,0.000000,2,0,0.000000,0,true,converged,58.429973,58.590047,0.236650,0.000000,0.000000
rep_d80_s25_r27,27,replication,baseline,8035027,8,51,80.0,25.0,0.0,true,2092,0,60.644402,0.000000,1,0,0.000000,0,true,converged,60.977389,60.305683,0.255277,0.000000,0.000000
rep_d80_s25_r28,28,replication,baseline,8035028,7,51,80.0,25.0,0.0,true,2079,0,59.001334,0.000000,1,0,0.000000,0,true,converged,58.879477,59.122470,0.272148,0.000000,0.000000
rep_d80_s25_r29,29,replication,baseline,8035029,8,51,80.0,25.0,0.0,true,2103,0,59.629684,0.000000,2,0,0.000000,0,true,converged,60.025985,59.225445,0.254814,0.000000,0.000000
rep_d80_s30_r0,0,replication,baseline,8040000,15,51,80.0,30.0,0.0,true,2061,0,72.338808,0.000000,1,0,0.000000,0,true,converged,72.903322,71.750272,0.405875,0.000000,0.000000
rep_d80_s30_r1,1,replication,baseline,8040001,16,51,80.0,30.0,0.0,true,2100,0,73.467885,0.000000,1,0,0.000000,0,true,converged,74.000289,72.913220,0.368672,0.000000,0.000000
rep_d80_s30_r2,2,replication,baseline,8040002,13,51,80.0,30.0,0.0,true,2093,0,72.099242,0.000000,1,0,0.000000,0,true,converged,71.835633,72.357963,0.378248,0.000000,0.000000
rep_d80_s30_r3,3,replication,baseline,8040003,14,51,80.0,30.0,0.0,true,2088,0,72.037915,0.000000,1,0,0.000000,0,true,converged,72.740398,71.298267,0.352229,0.000000,0.000000
rep_d80_s30_r4,4,replication,baseline,8040004,14,51,80.0,30.0,0.0,true,2100,0,72.662827,0.000000,1,0,0.000000,0,true,converged,73.673731,71.571187,0.356451,0.000000,0.000000
rep_d80_s30_r5,5,replication,baseline,8040005,14,51,80.0,30.0,0.0,true,2124,0,72.859195,0.000000,1,0,0.000000,0,true,converged,73.025846,72.690473,0.354028,0.000000,0.000000
rep_d80_s30_r6,6,replication,baseline,8040006,10,51,80.0,30.0,0.0,true,2096,0,72.133570,0.000000,3,0,0.000000,0,true,converged,72.650812,71.596386,0.390298,0.000000,0.000000
rep_d80_s30_r7,7,replication,baseline,8040007,11,51,80.0,30.0,0.0,true,2101,0,74.723981,0.000000,1,0,0.000000,0,true,converged,74.059526,75.355246,0.435158,0.000000,0.000000
rep_d80_s30_r8,8,replication,baseline,8040008,9,51,80.0,30.0,0.0,true,2070,0,71.045821,0.000000,3,0,0.000000,0,true,converged,71.797153,70.253363,0.338925,0.000000,0.000000
rep_d80_s30_r9,9,replication,baseline,8040009,13,51,80.0,30.0,0.0,true,2075,0,72.651641,0.000000,2,0,0.000000,0,true,converged,72.614359,72.688822,0.371241,0.000000,0.000000
rep_d80_s30_r10,10,replication,baseline,8040010,13,51,80.0,30.0,0.0,true,2068,0,72.557646,0.000000,1,0,0.000000,0,true,converged,72.250345,72.858215,0.379821,0.000000,0.000000
rep_d80_s30_r11,11,replication,baseline,8040011,11,51,80.0,30.0,0.0,true,2047,0,71.408669,0.000000,1,0,0.000000,0,true,converged,70.499920,72.263103,0.356893,0.000000,0.000000
rep_d80_s30_r12,12,replication,baseline,8040012,13,51,80.0,30.0,0.0,true,2064,0,73.760710,0.000000,1,0,0.000000,0,true,converged,73.232402,74.268567,0.406041,0.000000,0.000000
rep_d80_s30_r13,13,replication,baseline,8040013,13,51,80.0,30.0,0.0,true,2091,0,70.612731,0.000000,1,0,0.000000,0,true,converged,71.161705,70.042450,0.345309,0.000000,0.000000
rep_d80_s30_r14,14,replication,baseline,8040014,17,51,80.0,30.0,0.0,true,2063,0,73.293541,0.000000,1,0,0.000000,0,true,converged,73.387220,73.199201,0.359372,0.000000,0.000000
rep_d80_s30_r15,15,replication,baseline,8040015,10,51,80.0,30.0,0.0,true,2077,0,72.322232,0.000000,1,0,0.000000,0,true,converged,71.364271,73.218174,0.383970,0.000000,0.000000
rep_d80_s30_r16,16,replication,baseline,8040016,13,51,80.0,30.0,0.0,true,2094,0,70.865442,0.000000,1,0,0.000000,0,true,converged,71.457607,70.248184,0.323707,0.000000,0.000000
rep_d80_s30_r17,17,replication,baseline,8040017,14,51,80.0,30.0,0.0,true,2068,0,73.121212,0.000000,1,0,0.000000,0,true,converged,72.315855,73.881037,0.373570,0.000000,0.000000
rep_d80_s30_r18,18,replication,baseline,8040018,14,51,80.0,30.0,0.0,true,2103,0,71.266902,0.000000,2,0,0.000000,0,true,converged,72.297010,70.157228,0.364602,0.000000,0.000000
rep_d80_s30_r19,19,replication,baseline,8040019,11,51,80.0,30.0,0.0,true,2083,0,72.931655,0.000000,1,0,0.000000,0,true,converged,73.204748,72.652938,0.353907,0.000000,0.000000
rep_d80_s30_r20,20,replication,baseline,8040020,13,51,80.0,30.0,0.0,true,2057,0,72.077723,0.000000,1,0,0.000000,0,true,converged,72.748992,71.372549,0.387734,0.000000,0.000000
rep_d80_s30_r21,21,replication,baseline,8040021,18,51,80.0,30.0,0.0,true,2088,0,72.295789,0.000000,1,0,0.000000,0,true,converged,72.641787,71.940928,0.339343,0.000000,0.000000
rep_d80_s30_r22,22,replication,baseline,8040022,12,51,80.0,30.0,0.0,true,2101,0,70.548449,0.000000,1,0,0.000000,0,true,converged,70.108939,70.975221,0.290179,0.000000,0.000000
rep_d80_s30_r23,23,replication,baseline,8040023,10,51,80.0,30.0,0.0,true,2054,0,71.711739,0.000000,1,0,0.000000,0,true,converged,71.611411,71.811361,0.323711,0.000000,0.000000
rep_d80_s30_r24,24,replication,baseline,8040024,10,51,80.0,30.0,0.0,true,2074,0,72.174308,0.000000,2,0,0.000000,0,true,converged,72.646140,71.685912,0.363135,0.000000,0.000000
rep_d80_s30_r25,25,replication,baseline,8040025,13,51,80.0,30.0,0.0,true,2146,0,73.058458,0.000000,2,0,0.000000,0,true,converged,73.172103,72.943846,0.391426,0.000000,0.000000
rep_d80_s30_r26,26,replication,baseline,8040026,14,51,80.0,30.0,0.0,true,2093,0,72.447615,0.000000,1,0,0.000000,0,true,converged,72.815249,72.069901,0.349825,0.000000,0.000000
rep_d80_s30_r27,27,replication,baseline,8040027,13,51,80.0,30.0,0.0,true,2101,0,75.301915,0.000000,1,0,0.000000,0,true,converged,76.100898,74.447661,0.466279,0.000000,0.000000
rep_d80_s30_r28,28,replication,baseline,8040028,23,51,80.0,30.0,0.0,true,2082,0,72.674332,0.000000,2,0,0.000000,0,true,converged,72.702864,72.645740,0.373679,0.000000,0.000000
rep_d80_s30_r29,29,replication,baseline,8040029,13,51,80.0,30.0,0.0,true,2131,0,72.213501,0.000000,1,0,0.000000,0,true,converged,71.778519,72.635278,0.369691,0.000000,0.000000
rep_d80_s35_r0,0,replication,baseline,8045000,15,51,80.0,35.0,0.0,true,2082,0,76.661240,0.000000,1,0,0.000000,0,true,converged,77.187907,76.109680,0.432517,0.000000,0.000000
rep_d80_s35_r1,1,replication,baseline,8045001,17,51,80.0,35.0,0.0,true,2101,0,77.876235,0.000000,1,0,0.000000,0,true,converged,77.639113,78.108380,0.431263,0.000000,0.000000
rep_d80_s35_r2,2,replication,baseline,8045002,13,51,80.0,35.0,0.0,true,2087,0,76.426360,0.000000,4,0,0.000000,0,true,converged,76.037764,76.802553,0.380744,0.000000,0.000000
rep_d80_s35_r3,3,replication,baseline,8045003,15,51,80.0,35.0,0.0,true,2067,0,77.342342,0.000000,1,0,0.000000,0,true,converged,77.713779,76.958314,0.415793,0.000000,0.000000
rep_d80_s35_r4,4,replication,baseline,8045004,13,51,80.0,35.0,0.0,true,2063,0,78.177677,0.000000,1,0,0.000000,0,true,converged,78.322522,78.030882,0.454243,0.000000,0.000000
rep_d80_s35_r5,5,replication,baseline,8045005,15,51,80.0,35.0,0.0,true,2068,0,76.957763,0.000000,1,0,0.000000,0,true,converged,76.684411,77.224781,0.420053,0.000000,0.000000
rep_d80_s35_r6,6,replication,baseline,8045006,13,51,80.0,35.0,0.0,true,2086,0,77.037803,0.000000,1,0,0.000000,0,true,converged,77.915069,76.087959,0.436979,0.000000,0.000000
rep_d80_s35_r7,7,replication,baseline,8045007,16,51,80.0,35.0,0.0,true,2072,0,76.657147,0.000000,1,0,0.000000,0,true,converged,77.185250,76.104016,0.379519,0.000000,0.000000
rep_d80_s35_r8,8,replication,baseline,8045008,11,51,80.0,35.0,0.0,true,2034,0,75.817196,0.000000,1,0,0.000000,0,true,converged,75.390194,76.229633,0.428288,0.000000,0.000000
rep_d80_s35_r9,9,replication,baseline,8045009,17,51,80.0,35.0,0.0,true,2110,0,77.078231,0.000000,1,0,0.000000,0,true,converged,77.663906,76.461015,0.390021,0.000000,0.000000
rep_d80_s35_r10,10,replication,baseline,8045010,16,51,80.0,35.0,0.0,true,2093,0,77.051583,0.000000,1,0,0.000000,0,true,converged,77.172012,76.929876,0.436377,0.000000,0.000000
rep_d80_s35_r11,11,replication,baseline,8045011,12,51,80.0,35.0,0.0,true,2112,0,77.903109,0.000000,1,0,0.000000,0,true,converged,77.912692,77.893519,0.414946,0.000000,0.000000
rep_d80_s35_r12,12,replication,baseline,8045012,9,51,80.0,35.0,0.0,true,2063,0,75.758495,0.000000,2,0,0.000000,0,true,converged,76.206075,75.293754,0.367720,0.000000,0.000000
rep_d80_s35_r13,13,replication,baseline,8045013,14,51,80.0,35.0,0.0,true,2059,0,77.506446,0.000000,1,0,0.000000,0,true,converged,76.989915,78.000297,0.422042,0.000000,0.000000
rep_d80_s35_r14,14,replication,baseline,8045014,17,51,80.0,35.0,0.0,true,2059,0,77.214036,0.000000,1,0,0.000000,0,true,converged,77.665277,76.744186,0.401545,0.000000,0.000000
rep_d80_s35_r15,15,replication,baseline,8045015,13,51,80.0,35.0,0.0,true,2086,0,76.196102,0.000000,1,0,0.000000,0,true,converged,76.356703,76.033304,0.389673,0.000000,0.000000
rep_d80_s35_r16,16,replication,baseline,8045016,13,51,80.0,35.0,0.0,true,2113,0,76.107595,0.000000,1,0,0.000000,0,true,converged,76.536234,75.663004,0.401789,0.000000,0.000000
rep_d80_s35_r17,17,replication,baseline,8045017,15,51,80.0,35.0,0.0,true,2075,0,77.477208,0.000000,1,0,0.000000,0,true,converged,77.769583,77.177041,0.457502,0.000000,0.000000
rep_d80_s35_r18,18,replication,baseline,8045018,14,51,80.0,35.0,0.0,true,2115,0,76.300330,0.000000,1,0,0.000000,0,true,converged,76.371429,76.228801,0.402476,0.000000,0.000000
rep_d80_s35_r19,19,replication,baseline,8045019,13,51,80.0,35.0,0.0,true,2095,0,78.331130,0.000000,1,0,0.000000,0,true,converged,78.280077,78.381943,0.460568,0.000000,0.000000
rep_d80_s35_r20,20,replication,baseline,8045020,14,51,80.0,35.0,0.0,true,2038,0,78.581363,0.000000,1,0,0.000000,0,true,converged,78.716216,78.444790,0.438665,0.000000,0.000000
rep_d80_s35_r21,21,replication,baseline,8045021,17,51,80.0,35.0,0.0,true,2059,0,77.513268,0.000000,1,0,0.000000,0,true,converged,77.313752,77.709304,0.388599,0.000000,0.000000
rep_d80_s35_r22,22,replication,baseline,8045022,17,51,80.0,35.0,0.0,true,2069,0,78.624339,0.000000,1,0,0.000000,0,true,converged,78.431971,78.813305,0.490591,0.000000,0.000000
rep_d80_s35_r23,23,replication,baseline,8045023,11,51,80.0,35.0,0.0,true,2091,0,75.452539,0.000000,1,0,0.000000,0,true,converged,75.354610,75.549692,0.392724,0.000000,0.000000
rep_d80_s35_r24,24,replication,baseline,8045024,16,51,80.0,35.0,0.0,true,2101,0,78.406282,0.000000,1,0,0.000000,0,true,converged,78.562148,78.248132,0.382297,0.000000,0.000000
rep_d80_s35_r25,25,replication,baseline,8045025,16,51,80.0,35.0,0.0,true,2078,0,78.536147,0.000000,1,0,0.000000,0,true,converged,77.992634,79.053462,0.418881,0.000000,0.000000
rep_d80_s35_r26,26,replication,baseline,8045026,11,51,80.0,35.0,0.0,true,2088,0,76.780415,0.000000,1,0,0.000000,0,true,converged,77.354941,76.175978,0.388654,0.000000,0.000000
rep_d80_s35_r27,27,replication,baseline,8045027,14,51,80.0,35.0,0.0,true,2108,0,77.508301,0.000000,1,0,0.000000,0,true,converged,77.659880,77.354651,0.428649,0.000000,0.000000
rep_d80_s35_r28,28,replication,baseline,8045028,13,51,80.0,35.0,0.0,true,2053,0,77.641166,0.000000,1,0,0.000000,0,true,converged,77.562833,77.718953,0.432988,0.000000,0.000000
rep_d80_s35_r29,29,replication,baseline,8045029,14,51,80.0,35.0,0.0,true,2070,0,78.226897,0.000000,1,0,0.000000,0,true,converged,78.035471,78.415016,0.416092,0.000000,0.000000
rep_d80_s40_r0,0,replication,baseline,8050000,17,51,80.0,40.0,0.0,true,2089,0,80.855789,0.000000,1,0,0.000000,0,true,converged,80.738865,80.971302,0.460859,0.000000,0.000000
rep_d80_s40_r1,1,replication,baseline,8050001,15,51,80.0,40.0,0.0,true,2031,0,81.161917,0.000000,3,0,0.000000,0,true,converged,81.563218,80.742757,0.449155,0.000000,0.000000
rep_d80_s40_r2,2,replication,baseline,8050002,16,51,80.0,40.0,0.0,true,2109,0,81.612200,0.000000,1,0,0.000000,0,true,converged,82.017045,81.188707,0.425603,0.000000,0.000000
rep_d80_s40_r3,3,replication,baseline,8050003,21,51,80.0,40.0,0.0,true,2090,0,79.860906,0.000000,1,0,0.000000,0,true,converged,79.555355,80.157457,0.406669,0.000000,0.000000
rep_d80_s40_r4,4,replication,baseline,8050004,15,51,80.0,40.0,0.0,true,2087,0,80.139943,0.000000,1,0,0.000000,0,true,converged,80.399647,79.873265,0.408019,0.000000,0.000000
rep_d80_s40_r5,5,replication,baseline,8050005,12,51,80.0,40.0,0.0,true,2106,0,81.620755,0.000000,1,0,0.000000,0,true,converged,81.674175,81.567022,0.449315,0.000000,0.000000
rep_d80_s40_r6,6,replication,baseline,8050006,22,51,80.0,40.0,0.0,true,2021,0,81.115538,0.000000,1,0,0.000000,0,true,converged,81.121555,81.109517,0.445809,0.000000,0.000000
rep_d80_s40_r7,7,replication,baseline,8050007,12,51,80.0,40.0,0.0,true,2098,0,80.578086,0.000000,1,0,0.000000,0,true,converged,80.849208,80.299177,0.441008,0.000000,0.000000
rep_d80_s40_r8,8,replication,baseline,8050008,21,51,80.0,40.0,0.0,true,2090,0,81.405325,0.000000,1,0,0.000000,0,true,converged,81.705720,81.094901,0.498770,0.000000,0.000000
rep_d80_s40_r9,9,replication,baseline,8050009,16,51,80.0,40.0,0.0,true,2083,0,80.355808,0.000000,2,0,0.000000,0,true,converged,80.602303,80.102968,0.436304,0.000000,0.000000
rep_d80_s40_r10,10,replication,baseline,8050010,16,51,80.0,40.0,0.0,true,2072,0,79.016841,0.000000,1,0,0.000000,0,true,converged,78.719803,79.305701,0.405902,0.000000,0.000000
rep_d80_s40_r11,11,replication,baseline,8050011,20,51,80.0,40.0,0.0,true,2095,0,79.953107,0.000000,1,0,0.000000,0,true,converged,79.846788,80.058309,0.422555,0.000000,0.000000
rep_d80_s40_r12,12,replication,baseline,8050012,16,51,80.0,40.0,0.0,true,2103,0,79.938498,0.000000,1,0,0.000000,0,true,converged,79.959040,79.917913,0.477982,0.000000,0.000000
rep_d80_s40_r13,13,replication,baseline,8050013,11,51,80.0,40.0,0.0,true,2076,0,81.294100,0.000000,4,0,0.000000,0,true,converged,81.058072,81.524318,0.472481,0.000000,0.000000
rep_d80_s40_r14,14,replication,baseline,8050014,14,51,80.0,40.0,0.0,true,2095,0,80.656176,0.000000,1,0,0.000000,0,true,converged,80.438373,80.869182,0.420201,0.000000,0.000000
rep_d80_s40_r15,15,replication,baseline,8050015,14,51,80.0,40.0,0.0,true,2084,0,81.079875,0.000000,1,0,0.000000,0,true,converged,80.703883,81.441494,0.493467,0.000000,0.000000
rep_d80_s40_r16,16,replication,baseline,8050016,14,51,80.0,40.0,0.0,true,2081,0,79.717548,0.000000,1,0,0.000000,0,true,converged,80.286215,79.115099,0.407301,0.000000,0.000000
rep_d80_s40_r17,17,replication,baseline,8050017,16,51,80.0,40.0,0.0,true,2099,0,82.392611,0.000000,1,0,0.000000,0,true,converged,82.093335,82.682048,0.498140,0.000000,0.000000
rep_d80_s40_r18,18,replication,baseline,8050018,13,51,80.0,40.0,0.0,true,2106,0,80.793929,0.000000,1,0,0.000000,0,true,converged,81.258901,80.305298,0.430725,0.000000,0.000000
rep_d80_s40_r19,19,replication,baseline,8050019,14,51,80.0,40.0,0.0,true,2065,0,79.364355,0.000000,1,0,0.000000,0,true,converged,79.151943,79.572482,0.466384,0.000000,0.000000
rep_d80_s40_r20,20,replication,baseline,8050020,14,51,80.0,40.0,0.0,true,2078,0,80.395683,0.000000,1,0,0.000000,0,true,converged,80.301205,80.489260,0.435148,0.000000,0.000000
rep_d80_s40_r21,21,replication,baseline,8050021,15,51,80.0,40.0,0.0,true,2098,0,79.785830,0.000000,1,0,0.000000,0,true,converged,79.765051,79.806565,0.480677,0.000000,0.000000
rep_d80_s40_r22,22,replication,baseline,8050022,14,51,80.0,40.0,0.0,true,2104,0,80.455741,0.000000,1,0,0.000000,0,true,converged,80.574913,80.335097,0.423132,0.000000,0.000000
rep_d80_s40_r23,23,replication,baseline,8050023,17,51,80.0,40.0,0.0,true,2075,0,81.108768,0.000000,1,0,0.000000,0,true,converged,81.165515,81.051677,0.487186,0.000000,0.000000
rep_d80_s40_r24,24,replication,baseline,8050024,12,51,80.0,40.0,0.0,true,2088,0,79.727327,0.000000,2,0,0.000000,0,true,converged,79.964851,79.484103,0.421014,0.000000,0.000000
rep_d80_s40_r25,25,replication,baseline,8050025,14,51,80.0,40.0,0.0,true,2083,0,79.958309,0.000000,2,0,0.000000,0,true,converged,79.728916,80.182568,0.459041,0.000000,0.000000
rep_d80_s40_r26,26,replication,baseline,8050026,19,51,80.0,40.0,0.0,true,2095,0,80.440568,0.000000,1,0,0.000000,0,true,converged,80.839971,80.024158,0.461989,0.000000,0.000000
rep_d80_s40_r27,27,replication,baseline,8050027,15,51,80.0,40.0,0.0,true,2083,0,79.991027,0.000000,1,0,0.000000,0,true,converged,79.794624,80.183649,0.400157,0.000000,0.000000
rep_d80_s40_r28,28,replication,baseline,8050028,12,51,80.0,40.0,0.0,true,2117,0,80.370049,0.000000,1,0,0.000000,0,true,converged,80.392723,80.347323,0.436747,0.000000,0.000000
rep_d80_s40_r29,29,replication,baseline,8050029,11,51,80.0,40.0,0.0,true,2063,0,80.273764,0.000000,1,0,0.000000,0,true,converged,79.882116,80.650455,0.408421,0.000000,0.000000
rep_d80_s45_r0,0,replication,baseline,8055000,19,51,80.0,45.0,0.0,true,2095,0,87.158232,0.000000,2,0,0.000000,0,true,converged,86.799223,87.498230,0.543993,0.000000,0.000000
rep_d80_s45_r1,1,replication,baseline,8055001,19,51,80.0,45.0,0.0,true,2073,0,85.846660,0.000000,1,0,0.000000,0,true,converged,85.499923,86.177200,0.481145,0.000000,0.000000
rep_d80_s45_r2,2,replication,baseline,8055002,17,51,80.0,45.0,0.0,true,2044,0,87.164869,0.000000,1,0,0.000000,0,true,converged,87.284384,87.043086,0.545045,0.000000,0.000000
rep_d80_s45_r3,3,replication,baseline,8055003,18,51,80.0,45.0,0.0,true,2092,0,87.318788,0.000000,1,0,0.000000,0,true,converged,87.492779,87.139887,0.517379,0.000000,0.000000
rep_d80_s45_r4,4,replication,baseline,8055004,20,51,80.0,45.0,0.0,true,2069,0,86.759162,0.000000,1,0,0.000000,0,true,converged,86.229611,87.249492,0.512188,0.000000,0.000000
rep_d80_s45_r5,5,replication,baseline,8055005,22,51,80.0,45.0,0.0,true,2044,0,87.526882,0.000000,2,0,0.000000,0,true,converged,88.058824,86.945338,0.501526,0.000000,0.000000
rep_d80_s45_r6,6,replication,baseline,8055006,20,51,80.0,45.0,0.0,true,2110,0,86.326266,0.000000,1,0,0.000000,0,true,converged,85.976331,86.659161,0.486359,0.000000,0.000000
rep_d80_s45_r7,7,replication,baseline,8055007,12,51,80.0,45.0,0.0,true,2035,0,87.552253,0.000000,3,0,0.000000,0,true,converged,87.814489,87.278481,0.521725,0.000000,0.000000
rep_d80_s45_r8,8,replication,baseline,8055008,21,51,80.0,45.0,0.0,true,2028,0,86.440150,0.000000,1,0,0.000000,0,true,converged,85.826002,87.003287,0.517831,0.000000,0.000000
rep_d80_s45_r9,9,replication,baseline,8055009,21,51,80.0,45.0,0.0,true,2043,0,87.838253,0.000000,1,0,0.000000,0,true,converged,88.386434,87.235759,0.531462,0.000000,0.000000
rep_d80_s45_r10,10,replication,baseline,8055010,19,51,80.0,45.0,0.0,true,2054,0,87.719566,0.000000,1,0,0.000000,0,true,converged,87.717690,87.721442,0.521289,0.000000,0.000000
rep_d80_s45_r11,11,replication,baseline,8055011,17,51,80.0,45.0,0.0,true,2068,0,86.904225,0.000000,1,0,0.000000,0,true,converged,86.768950,87.036761,0.557498,0.000000,0.000000
rep_d80_s45_r12,12,replication,baseline,8055012,21,51,80.0,45.0,0.0,true,2089,0,88.275051,0.000000,1,0,0.000000,0,true,converged,88.093107,88.451520,0.598611,0.000000,0.000000
rep_d80_s45_r13,13,replication,baseline,8055013,20,51,80.0,45.0,0.0,true,2095,0,88.310168,0.000000,1,0,0.000000,0,true,converged,87.910425,88.684322,0.584026,0.000000,0.000000
rep_d80_s45_r14,14,replication,baseline,8055014,15,51,80.0,45.0,0.0,true,2063,0,85.725041,0.000000,2,0,0.000000,0,true,converged,86.103782,85.325077,0.484899,0.000000,0.000000
rep_d80_s45_r15,15,replication,baseline,8055015,22,51,80.0,45.0,0.0,true,2109,0,87.219569,0.000000,1,0,0.000000,0,true,converged,86.982161,87.448472,0.495779,0.000000,0.000000
rep_d80_s45_r16,16,replication,baseline,8055016,17,51,80.0,45.0,0.0,true,2051,0,86.636156,0.000000,1,0,0.000000,0,true,converged,86.050955,87.174231,0.518238,0.000000,0.000000
rep_d80_s45_r17,17,replication,baseline,8055017,15,51,80.0,45.0,0.0,true,2099,0,86.663745,0.000000,2,0,0.000000,0,true,converged,87.146276,86.143573,0.508592,0.000000,0.000000
rep_d80_s45_r18,18,replication,baseline,8055018,17,51,80.0,45.0,0.0,true,2049,0,86.400490,0.000000,1,0,0.000000,0,true,converged,85.841695,86.916851,0.534444,0.000000,0.000000
rep_d80_s45_r19,19,replication,baseline,8055019,17,51,80.0,45.0,0.0,true,2123,0,87.875766,0.000000,2,0,0.000000,0,true,converged,88.066190,87.679166,0.532800,0.000000,0.000000
rep_d80_s45_r20,20,replication,baseline,8055020,15,51,80.0,45.0,0.0,true,2070,0,86.629735,0.000000,2,0,0.000000,0,true,converged,86.854115,86.397563,0.501599,0.000000,0.000000
rep_d80_s45_r21,21,replication,baseline,8055021,24,51,80.0,45.0,0.0,true,2108,0,87.404083,0.000000,1,0,0.000000,0,true,converged,87.983425,86.766048,0.547730,0.000000,0.000000
rep_d80_s45_r22,22,replication,baseline,8055022,19,51,80.0,45.0,0.0,true,2109,0,87.000288,0.000000,2,0,0.000000,0,true,converged,87.033850,86.966551,0.524938,0.000000,0.000000
rep_d80_s45_r23,23,replication,baseline,8055023,15,51,80.0,45.0,0.0,true,2057,0,87.941535,0.000000,1,0,0.000000,0,true,converged,88.039867,87.841572,0.552547,0.000000,0.000000
rep_d80_s45_r24,24,replication,baseline,8055024,20,51,80.0,45.0,0.0,true,2069,0,86.993699,0.000000,1,0,0.000000,0,true,converged,87.251875,86.724851,0.519215,0.000000,0.000000
rep_d80_s45_r25,25,replication,baseline,8055025,17,51,80.0,45.0,0.0,true,2068,0,86.854389,0.000000,1,0,0.000000,0,true,converged,86.929181,86.778737,0.549219,0.000000,0.000000
rep_d80_s45_r26,26,replication,baseline,8055026,20,51,80.0,45.0,0.0,true,2065,0,87.625770,0.000000,1,0,0.000000,0,true,converged,87.564141,87.686790,0.544657,0.000000,0.000000
rep_d80_s45_r27,27,replication,baseline,8055027,19,51,80.0,45.0,0.0,true,2081,0,87.488843,0.000000,1,0,0.000000,0,true,converged,87.641440,87.332430,0.552802,0.000000,0.000000
rep_d80_s45_r28,28,replication,baseline,8055028,17,51,80.0,45.0,0.0,true,2080,0,87.271911,0.000000,1,0,0.000000,0,true,converged,87.154717,87.386987,0.544211,0.000000,0.000000
rep_d80_s45_r29,29,replication,baseline,8055029,18,51,80.0,45.0,0.0,true,2076,0,87.072697,0.000000,1,0,0.000000,0,true,converged,86.750306,87.379773,0.543889,0.000000,0.000000
rep_d80_s50_r0,0,replication,baseline,8060000,18,51,80.0,50.0,0.0,true,2035,0,88.434219,0.000000,1,0,0.000000,0,true,converged,88.439574,88.428858,0.548055,0.000000,0.000000
rep_d80_s50_r1,1,replication,baseline,8060001,20,51,80.0,50.0,0.0,true,2071,0,87.233403,0.000000,1,0,0.000000,0,true,converged,87.034777,87.426036,0.505814,0.000000,0.000000
rep_d80_s50_r2,2,replication,baseline,8060002,15,51,80.0,50.0,0.0,true,2088,0,87.011070,0.000000,1,0,0.000000,0,true,converged,86.896962,87.123207,0.482625,0.000000,0.000000
rep_d80_s50_r3,3,replication,baseline,8060003,14,51,80.0,50.0,0.0,true,2106,0,86.175917,0.000000,1,0,0.000000,0,true,converged,86.297041,86.052632,0.523295,0.000000,0.000000
rep_d80_s50_r4,4,replication,baseline,8060004,19,51,80.0,50.0,0.0,true,2065,0,86.336246,0.000000,1,0,0.000000,0,true,converged,86.116639,86.549014,0.513700,0.000000,0.000000
rep_d80_s50_r5,5,replication,baseline,8060005,22,51,80.0,50.0,0.0,true,2095,0,86.249817,0.000000,1,0,0.000000,0,true,converged,85.696877,86.761596,0.454265,0.000000,0.000000
rep_d80_s50_r6,6,replication,baseline,8060006,18,51,80.0,50.0,0.0,true,2071,0,86.234697,0.000000,1,0,0.000000,0,true,converged,85.634154,86.787045,0.495000,0.000000,0.000000
rep_d80_s50_r7,7,replication,baseline,8060007,26,51,80.0,50.0,0.0,true,2094,0,88.171104,0.000000,1,0,0.000000,0,true,converged,88.390690,87.943052,0.565768,0.000000,0.000000
rep_d80_s50_r8,8,replication,baseline,8060008,20,51,80.0,50.0,0.0,true,2063,0,86.147121,0.000000,1,0,0.000000,0,true,converged,86.010047,86.281535,0.485404,0.000000,0.000000
rep_d80_s50_r9,9,replication,baseline,8060009,15,51,80.0,50.0,0.0,true,2065,0,88.132530,0.000000,1,0,0.000000,0,true,converged,88.332840,87.925222,0.558827,0.000000,0.000000
rep_d80_s50_r10,10,replication,baseline,8060010,18,51,80.0,50.0,0.0,true,2080,0,86.585547,0.000000,1,0,0.000000,0,true,converged,86.434574,86.733196,0.506179,0.000000,0.000000
rep_d80_s50_r11,11,replication,baseline,8060011,21,51,80.0,50.0,0.0,true,2082,0,88.042673,0.000000,1,0,0.000000,0,true,converged,87.884702,88.196577,0.552362,0.000000,0.000000
rep_d80_s50_r12,12,replication,baseline,8060012,14,51,80.0,50.0,0.0,true,2093,0,87.679461,0.000000,3,0,0.000000,0,true,converged,87.806293,87.549963,0.527016,0.000000,0.000000
rep_d80_s50_r13,13,replication,baseline,8060013,17,51,80.0,50.0,0.0,true,2078,0,87.676527,0.000000,1,0,0.000000,0,true,converged,87.814200,87.535709,0.601512,0.000000,0.000000
rep_d80_s50_r14,14,replication,baseline,8060014,15,51,80.0,50.0,0.0,true,2041,0,87.588434,0.000000,4,0,0.000000,0,true,converged,87.628392,87.548218,0.574797,0.000000,0.000000
rep_d80_s50_r15,15,replication,baseline,8060015,18,51,80.0,50.0,0.0,true,2078,0,87.912252,0.000000,1,0,0.000000,0,true,converged,87.928465,87.895995,0.546613,0.000000,0.000000
rep_d80_s50_r16,16,replication,baseline,8060016,20,51,80.0,50.0,0.0,true,2092,0,85.951995,0.000000,1,0,0.000000,0,true,converged,86.093294,85.807795,0.512428,0.000000,0.000000
rep_d80_s50_r17,17,replication,baseline,8060017,16,51,80.0,50.0,0.0,true,2092,0,86.043102,0.000000,1,0,0.000000,0,true,converged,86.492622,85.562633,0.524972,0.000000,0.000000
rep_d80_s50_r18,18,replication,baseline,8060018,21,51,80.0,50.0,0.0,true,2094,0,87.646028,0.000000,1,0,0.000000,0,true,converged,87.699913,87.591669,0.512053,0.000000,0.000000
rep_d80_s50_r19,19,replication,baseline,8060019,20,51,80.0,50.0,0.0,true,2050,0,86.929905,0.000000,3,0,0.000000,0,true,converged,86.538462,87.299227,0.500511,0.000000,0.000000
rep_d80_s50_r20,20,replication,baseline,8060020,26,51,80.0,50.0,0.0,true,2095,0,87.792398,0.000000,1,0,0.000000,0,true,converged,86.971446,88.516023,0.565080,0.000000,0.000000
rep_d80_s50_r21,21,replication,baseline,8060021,22,51,80.0,50.0,0.0,true,2069,0,86.475904,0.000000,2,0,0.000000,0,true,converged,86.731678,86.210074,0.556198,0.000000,0.000000
rep_d80_s50_r22,22,replication,baseline,8060022,17,51,80.0,50.0,0.0,true,2066,0,87.691384,0.000000,1,0,0.000000,0,true,converged,87.969484,87.400123,0.540834,0.000000,0.000000
rep_d80_s50_r23,23,replication,baseline,8060023,17,51,80.0,50.0,0.0,true,2077,0,86.516687,0.000000,2,0,0.000000,0,true,converged,86.874547,86.138766,0.524489,0.000000,0.000000
rep_d80_s50_r24,24,replication,baseline,8060024,19,51,80.0,50.0,0.0,true,2091,0,87.564234,0.000000,1,0,0.000000,0,true,converged,87.218953,87.891351,0.537559,0.000000,0.000000
rep_d80_s50_r25,25,replication,baseline,8060025,14,51,80.0,50.0,0.0,true,2078,0,85.895902,0.000000,1,0,0.000000,0,true,converged,85.696951,86.089394,0.518593,0.000000,0.000000
rep_d80_s50_r26,26,replication,baseline,8060026,22,51,80.0,50.0,0.0,true,2124,0,88.377068,0.000000,1,0,0.000000,0,true,converged,88.467525,88.285180,0.562236,0.000000,0.000000
rep_d80_s50_r27,27,replication,baseline,8060027,16,51,80.0,50.0,0.0,true,2070,0,86.825898,0.000000,1,0,0.000000,0,true,converged,86.825898,86.825898,0.502707,0.000000,0.000000
rep_d80_s50_r28,28,replication,baseline,8060028,18,51,80.0,50.0,0.0,true,2129,0,86.904762,0.000000,1,0,0.000000,0,true,converged,86.952838,86.856330,0.521337,0.000000,0.000000
rep_d80_s50_r29,29,replication,baseline,8060029,19,51,80.0,50.0,0.0,true,2072,0,88.487921,0.000000,1,0,0.000000,0,true,converged,88.630339,88.341891,0.583012,0.000000,0.000000
rep_d80_s55_r0,0,replication,baseline,8065000,40,51,80.0,55.0,0.0,true,2077,0,93.876950,0.000000,1,0,0.000000,0,true,converged,93.833383,93.919906,0.644786,0.000000,0.000000
rep_d80_s55_r1,1,replication,baseline,8065001,36,51,80.0,55.0,0.0,true,2088,0,93.758146,0.000000,2,0,0.000000,0,true,converged,93.790520,93.725433,0.631659,0.000000,0.000000
rep_d80_s55_r2,2,replication,baseline,8065002,24,51,80.0,55.0,0.0,true,2108,0,94.061248,0.000000,1,0,0.000000,0,true,converged,94.214415,93.899750,0.672485,0.000000,0.000000
rep_d80_s55_r3,3,replication,baseline,8065003,33,51,80.0,55.0,0.0,true,2067,0,93.403812,0.000000,1,0,0.000000,0,true,converged,93.379166,93.428275,0.622613,0.000000,0.000000
rep_d80_s55_r4,4,replication,baseline,8065004,24,51,80.0,55.0,0.0,true,2073,0,94.130692,0.000000,1,0,0.000000,0,true,converged,94.041723,94.217043,0.650628,0.000000,0.000000
rep_d80_s55_r5,5,replication,baseline,8065005,31,51,80.0,55.0,0.0,true,2082,0,93.681278,0.000000,1,0,0.000000,0,true,converged,93.384497,93.952575,0.654532,0.000000,0.000000
rep_d80_s55_r6,6,replication,baseline,8065006,44,51,80.0,55.0,0.0,true,2079,0,93.624210,0.000000,1,0,0.000000,0,true,converged,93.502994,93.740986,0.631839,0.000000,0.000000
rep_d80_s55_r7,7,replication,baseline,8065007,30,51,80.0,55.0,0.0,true,2127,0,94.031325,0.000000,1,0,0.000000,0,true,converged,94.143708,93.914545,0.617833,0.000000,0.000000
rep_d80_s55_r8,8,replication,baseline,8065008,37,51,80.0,55.0,0.0,true,2078,0,94.121948,0.000000,1,0,0.000000,0,true,converged,93.976626,94.260423,0.658881,0.000000,0.000000
rep_d80_s55_r9,9,replication,baseline,8065009,31,51,80.0,55.0,0.0,true,2060,0,93.521001,0.000000,3,0,0.000000,0,true,converged,93.602000,93.437924,0.604852,0.000000,0.000000
rep_d80_s55_r10,10,replication,baseline,8065010,34,51,80.0,55.0,0.0,true,2075,0,93.336302,0.000000,1,0,0.000000,0,true,converged,93.255220,93.415457,0.598699,0.000000,0.000000
rep_d80_s55_r11,11,replication,baseline,8065011,28,51,80.0,55.0,0.0,true,2095,0,93.937644,0.000000,1,0,0.000000,0,true,converged,94.112700,93.751860,0.630463,0.000000,0.000000
rep_d80_s55_r12,12,replication,baseline,8065012,29,51,80.0,55.0,0.0,true,2098,0,93.832344,0.000000,1,0,0.000000,0,true,converged,93.938532,93.722370,0.626421,0.000000,0.000000
rep_d80_s55_r13,13,replication,baseline,8065013,25,51,80.0,55.0,0.0,true,2089,0,93.450735,0.000000,1,0,0.000000,0,true,converged,93.697479,93.183884,0.630344,0.000000,0.000000
rep_d80_s55_r14,14,replication,baseline,8065014,49,51,80.0,55.0,0.0,true,2100,0,93.565142,0.000000,1,0,0.000000,0,true,converged,93.635845,93.492851,0.614302,0.000000,0.000000
rep_d80_s55_r15,15,replication,baseline,8065015,28,51,80.0,55.0,0.0,true,2060,0,94.040329,0.000000,1,0,0.000000,0,true,converged,93.980993,94.098506,0.657196,0.000000,0.000000
rep_d80_s55_r16,16,replication,baseline,8065016,29,51,80.0,55.0,0.0,true,2102,0,94.621343,0.000000,1,0,0.000000,0,true,converged,94.711606,94.527944,0.674409,0.000000,0.000000
rep_d80_s55_r17,17,replication,baseline,8065017,26,51,80.0,55.0,0.0,true,2070,0,94.154210,0.000000,1,0,0.000000,0,true,converged,94.336918,93.959321,0.609331,0.000000,0.000000
rep_d80_s55_r18,18,replication,baseline,8065018,33,51,80.0,55.0,0.0,true,2081,0,94.119368,0.000000,1,0,0.000000,0,true,converged,94.112478,94.126242,0.667541,0.000000,0.000000
rep_d80_s55_r19,19,replication,baseline,8065019,28,51,80.0,55.0,0.0,true,2069,0,93.629630,0.000000,2,0,0.000000,0,true,converged,93.683901,93.574417,0.625830,0.000000,0.000000
rep_d80_s55_r20,20,replication,baseline,8065020,33,51,80.0,55.0,0.0,true,2084,0,94.389391,0.000000,1,0,0.000000,0,true,converged,94.424330,94.354011,0.636199,0.000000,0.000000
rep_d80_s55_r21,21,replication,baseline,8065021,34,51,80.0,55.0,0.0,true,2104,0,93.528483,0.000000,1,0,0.000000,0,true,converged,93.393877,93.657713,0.636185,0.000000,0.000000
rep_d80_s55_r22,22,replication,baseline,8065022,41,51,80.0,55.0,0.0,true,2030,0,93.688575,0.000000,1,0,0.000000,0,true,converged,93.422948,93.933579,0.571633,0.000000,0.000000
rep_d80_s55_r23,23,replication,baseline,8065023,30,51,80.0,55.0,0.0,true,2094,0,94.061275,0.000000,1,0,0.000000,0,true,converged,94.033552,94.088741,0.646485,0.000000,0.000000
rep_d80_s55_r24,24,replication,baseline,8065024,32,51,80.0,55.0,0.0,true,2084,0,93.911520,0.000000,1,0,0.000000,0,true,converged,93.632616,94.167016,0.627195,0.000000,0.000000
rep_d80_s55_r25,25,replication,baseline,8065025,31,51,80.0,55.0,0.0,true,2073,0,93.888397,0.000000,1,0,0.000000,0,true,converged,93.956204,93.819050,0.661629,0.000000,0.000000
rep_d80_s55_r26,26,replication,baseline,8065026,27,51,80.0,55.0,0.0,true,2087,0,94.265755,0.000000,3,0,0.000000,0,true,converged,94.161233,94.366600,0.645603,0.000000,0.000000
rep_d80_s55_r27,27,replication,baseline,8065027,28,51,80.0,55.0,0.0,true,2095,0,93.801593,0.000000,1,0,0.000000,0,true,converged,93.822171,93.780878,0.651951,0.000000,0.000000
rep_d80_s55_r28,28,replication,baseline,8065028,35,51,80.0,55.0,0.0,true,2050,0,93.908858,0.000000,1,0,0.000000,0,true,converged,93.961533,93.855257,0.647882,0.000000,0.000000
rep_d80_s55_r29,29,replication,baseline,8065029,41,51,80.0,55.0,0.0,true,2093,0,94.303889,0.000000,2,0,0.000000,0,true,converged,94.222874,94.382663,0.631427,0.000000,0.000000
rep_d80_s60_r0,0,replication,baseline,8070000,42,51,80.0,60.0,0.0,true,2075,0,96.743775,0.000000,1,0,0.000000,0,true,converged,96.783583,96.702969,0.693180,0.000000,0.000000
rep_d80_s60_r1,1,replication,baseline,8070001,41,51,80.0,60.0,0.0,true,2038,0,96.400793,0.000000,1,0,0.000000,0,true,converged,96.481813,96.315954,0.666226,0.000000,0.000000
rep_d80_s60_r2,2,replication,baseline,8070002,35,51,80.0,60.0,0.0,true,2065,0,96.425912,0.000000,1,0,0.000000,0,true,converged,96.508583,96.339231,0.638312,0.000000,0.000000
rep_d80_s60_r3,3,replication,baseline,8070003,42,51,80.0,60.0,0.0,true,2078,0,97.033031,0.000000,1,0,0.000000,0,true,converged,96.942311,97.118524,0.718957,0.000000,0.000000
rep_d80_s60_r4,4,replication,baseline,8070004,43,51,80.0,60.0,0.0,true,2090,0,96.794779,0.000000,1,0,0.000000,0,true,converged,96.865693,96.720582,0.683886,0.000000,0.000000
rep_d80_s60_r5,5,replication,baseline,8070005,36,51,80.0,60.0,0.0,true,2086,0,96.838578,0.000000,1,0,0.000000,0,true,converged,96.783756,96.891563,0.667107,0.000000,0.000000
rep_d80_s60_r6,6,replication,baseline,8070006,57,51,80.0,60.0,0.0,true,2125,0,97.031931,0.000000,1,0,0.000000,0,true,converged,97.088450,96.973175,0.705729,0.000000,0.000000
rep_d80_s60_r7,7,replication,baseline,8070007,30,51,80.0,60.0,0.0,true,2077,0,96.287566,0.000000,1,0,0.000000,0,true,converged,96.334012,96.239928,0.669386,0.000000,0.000000
rep_d80_s60_r8,8,replication,baseline,8070008,45,51,80.0,60.0,0.0,true,2060,0,96.978267,0.000000,2,0,0.000000,0,true,converged,96.920977,97.033465,0.698312,0.000000,0.000000
rep_d80_s60_r9,9,replication,baseline,8070009,34,51,80.0,60.0,0.0,true,2061,0,97.046163,0.000000,2,0,0.000000,0,true,converged,96.889167,97.188074,0.652743,0.000000,0.000000
rep_d80_s60_r10,10,replication,baseline,8070010,46,51,80.0,60.0,0.0,true,2062,0,96.402448,0.000000,1,0,0.000000,0,true,converged,96.408881,96.395992,0.608147,0.000000,0.000000
rep_d80_s60_r11,11,replication,baseline,8070011,29,51,80.0,60.0,0.0,true,2075,0,97.122725,0.000000,1,0,0.000000,0,true,converged,97.138686,97.106584,0.714670,0.000000,0.000000
rep_d80_s60_r12,12,replication,baseline,8070012,41,51,80.0,60.0,0.0,true,2123,0,97.026494,0.000000,1,0,0.000000,0,true,converged,97.098061,96.951308,0.713807,0.000000,0.000000
rep_d80_s60_r13,13,replication,baseline,8070013,29,51,80.0,60.0,0.0,true,2055,0,96.452627,0.000000,1,0,0.000000,0,true,converged,96.476884,96.428033,0.674118,0.000000,0.000000
rep_d80_s60_r14,14,replication,baseline,8070014,62,51,80.0,60.0,0.0,true,2082,0,96.443208,0.000000,1,0,0.000000,0,true,converged,96.435382,96.451000,0.690781,0.000000,0.000000
rep_d80_s60_r15,15,replication,baseline,8070015,45,51,80.0,60.0,0.0,true,2087,0,96.636706,0.000000,1,0,0.000000,0,true,converged,96.612150,96.660910,0.652958,0.000000,0.000000
rep_d80_s60_r16,16,replication,baseline,8070016,38,51,80.0,60.0,0.0,true,2093,0,96.412491,0.000000,1,0,0.000000,0,true,converged,96.362833,96.460811,0.654910,0.000000,0.000000
rep_d80_s60_r17,17,replication,baseline,8070017,41,51,80.0,60.0,0.0,true,2095,0,96.772326,0.000000,1,0,0.000000,0,true,converged,96.785354,96.759192,0.677395,0.000000,0.000000
rep_d80_s60_r18,18,replication,baseline,8070018,37,51,80.0,60.0,0.0,true,2074,0,96.364974,0.000000,1,0,0.000000,0,true,converged,96.198245,96.517694,0.674238,0.000000,0.000000
rep_d80_s60_r19,19,replication,baseline,8070019,42,51,80.0,60.0,0.0,true,2076,0,96.903434,0.000000,1,0,0.000000,0,true,converged,96.894776,96.912044,0.678182,0.000000,0.000000
rep_d80_s60_r20,20,replication,baseline,8070020,43,51,80.0,60.0,0.0,true,2049,0,96.301887,0.000000,1,0,0.000000,0,true,converged,96.355794,96.246361,0.667104,0.000000,0.000000
rep_d80_s60_r21,21,replication,baseline,8070021,46,51,80.0,60.0,0.0,true,2062,0,97.329377,0.000000,1,0,0.000000,0,true,converged,97.282609,97.374562,0.694788,0.000000,0.000000
rep_d80_s60_r22,22,replication,baseline,8070022,38,51,80.0,60.0,0.0,true,2087,0,97.197619,0.000000,1,0,0.000000,0,true,converged,97.232975,97.161347,0.735109,0.000000,0.000000
rep_d80_s60_r23,23,replication,baseline,8070023,44,51,80.0,60.0,0.0,true,2097,0,96.552719,0.000000,2,0,0.000000,0,true,converged,96.472325,96.629530,0.660255,0.000000,0.000000
rep_d80_s60_r24,24,replication,baseline,8070024,33,51,80.0,60.0,0.0,true,2062,0,96.952579,0.000000,1,0,0.000000,0,true,converged,96.990163,96.914045,0.689866,0.000000,0.000000
rep_d80_s60_r25,25,replication,baseline,8070025,42,51,80.0,60.0,0.0,true,2082,0,96.484032,0.000000,1,0,0.000000,0,true,converged,96.585088,96.376812,0.717277,0.000000,0.000000
rep_d80_s60_r26,26,replication,baseline,8070026,40,51,80.0,60.0,0.0,true,2085,0,97.057545,0.000000,2,0,0.000000,0,true,converged,97.129931,96.981413,0.728231,0.000000,0.000000
rep_d80_s60_r27,27,replication,baseline,8070027,49,51,80.0,60.0,0.0,true,2070,0,96.791286,0.000000,1,0,0.000000,0,true,converged,96.715878,96.863309,0.655173,0.000000,0.000000
rep_d80_s60_r28,28,replication,baseline,8070028,43,51,80.0,60.0,0.0,true,2097,0,96.599132,0.000000,1,0,0.000000,0,true,converged,96.614321,96.583806,0.672862,0.000000,0.000000
rep_d80_s60_r29,29,replication,baseline,8070029,41,51,80.0,60.0,0.0,true,2068,0,96.728077,0.000000,1,0,0.000000,0,true,converged,96.716948,96.739130,0.683905,0.000000,0.000000
rep_d80_s65_r0,0,replication,baseline,8075000,53,51,80.0,65.0,0.0,true,2087,0,98.384560,0.000000,1,0,0.000000,0,true,converged,98.374335,98.394658,0.709650,0.000000,0.000000
rep_d80_s65_r1,1,replication,baseline,8075001,44,51,80.0,65.0,0.0,true,2055,0,97.974272,0.000000,1,0,0.000000,0,true,converged,98.024513,97.921408,0.700083,0.000000,0.000000
rep_d80_s65_r2,2,replication,baseline,8075002,67,51,80.0,65.0,0.0,true,2098,0,98.047262,0.000000,1,0,0.000000,0,true,converged,97.979502,98.110624,0.691509,0.000000,0.000000
rep_d80_s65_r3,3,replication,baseline,8075003,52,51,80.0,65.0,0.0,true,2078,0,98.448053,0.000000,1,0,0.000000,0,true,converged,98.517705,98.371532,0.717582,0.000000,0.000000
rep_d80_s65_r4,4,replication,baseline,8075004,48,51,80.0,65.0,0.0,true,2093,0,98.283931,0.000000,1,0,0.000000,0,true,converged,98.209794,98.352172,0.721056,0.000000,0.000000
rep_d80_s65_r5,5,replication,baseline,8075005,51,51,80.0,65.0,0.0,true,2101,0,98.064151,0.000000,1,0,0.000000,0,true,converged,98.028493,98.098543,0.716798,0.000000,0.000000
rep_d80_s65_r6,6,replication,baseline,8075006,52,51,80.0,65.0,0.0,true,2065,0,98.283886,0.000000,3,0,0.000000,0,true,converged,98.252370,98.314286,0.735550,0.000000,0.000000
rep_d80_s65_r7,7,replication,baseline,8075007,71,51,80.0,65.0,0.0,true,2095,0,98.211751,0.000000,1,0,0.000000,0,true,converged,98.144876,98.273973,0.721447,0.000000,0.000000
rep_d80_s65_r8,8,replication,baseline,8075008,51,51,80.0,65.0,0.0,true,2089,0,98.085649,0.000000,1,0,0.000000,0,true,converged,98.097788,98.073355,0.770252,0.000000,0.000000
rep_d80_s65_r9,9,replication,baseline,8075009,48,51,80.0,65.0,0.0,true,2084,0,98.292193,0.000000,2,0,0.000000,0,true,converged,98.310379,98.273611,0.686134,0.000000,0.000000
rep_d80_s65_r10,10,replication,baseline,8075010,46,51,80.0,65.0,0.0,true,2102,0,98.235211,0.000000,1,0,0.000000,0,true,converged,98.220641,98.249545,0.777468,0.000000,0.000000
rep_d80_s65_r11,11,replication,baseline,8075011,58,51,80.0,65.0,0.0,true,2040,0,98.289454,0.000000,1,0,0.000000,0,true,converged,98.298061,98.280759,0.726485,0.000000,0.000000
rep_d80_s65_r12,12,replication,baseline,8075012,52,51,80.0,65.0,0.0,true,2091,0,98.009101,0.000000,1,0,0.000000,0,true,converged,98.042506,97.974537,0.723752,0.000000,0.000000
rep_d80_s65_r13,13,replication,baseline,8075013,53,51,80.0,65.0,0.0,true,2105,0,97.532615,0.000000,1,0,0.000000,0,true,converged,97.486276,97.577277,0.710721,0.000000,0.000000
rep_d80_s65_r14,14,replication,baseline,8075014,50,51,80.0,65.0,0.0,true,2087,0,98.195254,0.000000,1,0,0.000000,0,true,converged,98.141917,98.245614,0.761448,0.000000,0.000000
rep_d80_s65_r15,15,replication,baseline,8075015,50,51,80.0,65.0,0.0,true,2068,0,98.077763,0.000000,1,0,0.000000,0,true,converged,98.115901,98.038050,0.686598,0.000000,0.000000
rep_d80_s65_r16,16,replication,baseline,8075016,69,51,80.0,65.0,0.0,true,2106,0,97.765521,0.000000,1,0,0.000000,0,true,converged,97.719400,97.809814,0.710567,0.000000,0.000000
rep_d80_s65_r17,17,replication,baseline,8075017,51,51,80.0,65.0,0.0,true,2064,0,98.415928,0.000000,1,0,0.000000,0,true,converged,98.434583,98.396823,0.721568,0.000000,0.000000
rep_d80_s65_r18,18,replication,baseline,8075018,62,51,80.0,65.0,0.0,true,2113,0,98.111360,0.000000,1,0,0.000000,0,true,converged,98.132522,98.089713,0.750247,0.000000,0.000000
rep_d80_s65_r19,19,replication,baseline,8075019,50,51,80.0,65.0,0.0,true,2093,0,98.265567,0.000000,2,0,0.000000,0,true,converged,98.242075,98.288440,0.744296,0.000000,0.000000
rep_d80_s65_r20,20,replication,baseline,8075020,47,51,80.0,65.0,0.0,true,2063,0,98.099521,0.000000,1,0,0.000000,0,true,converged,98.173198,98.019652,0.728330,0.000000,0.000000
rep_d80_s65_r21,21,replication,baseline,8075021,45,51,80.0,65.0,0.0,true,2102,0,97.918425,0.000000,2,0,0.000000,0,true,converged,97.860653,97.973158,0.753292,0.000000,0.000000
rep_d80_s65_r22,22,replication,baseline,8075022,53,51,80.0,65.0,0.0,true,2075,0,98.058815,0.000000,1,0,0.000000,0,true,converged,98.058534,98.059096,0.728181,0.000000,0.000000
rep_d80_s65_r23,23,replication,baseline,8075023,54,51,80.0,65.0,0.0,true,2085,0,98.183638,0.000000,1,0,0.000000,0,true,converged,98.126567,98.237335,0.741715,0.000000,0.000000
rep_d80_s65_r24,24,replication,baseline,8075024,46,51,80.0,65.0,0.0,true,2111,0,97.865216,0.000000,1,0,0.000000,0,true,converged,97.917517,97.810219,0.696368,0.000000,0.000000
rep_d80_s65_r25,25,replication,baseline,8075025,51,51,80.0,65.0,0.0,true,2073,0,98.213767,0.000000,1,0,0.000000,0,true,converged,98.199912,98.227410,0.761210,0.000000,0.000000
rep_d80_s65_r26,26,replication,baseline,8075026,54,51,80.0,65.0,0.0,true,2108,0,98.046655,0.000000,1,0,0.000000,0,true,converged,98.075592,98.016835,0.697520,0.000000,0.000000
rep_d80_s65_r27,27,replication,baseline,8075027,41,51,80.0,65.0,0.0,true,2077,0,98.172662,0.000000,1,0,0.000000,0,true,converged,98.217043,98.126014,0.743306,0.000000,0.000000
rep_d80_s65_r28,28,replication,baseline,8075028,45,51,80.0,65.0,0.0,true,2074,0,98.063128,0.000000,1,0,0.000000,0,true,converged,97.985976,98.134586,0.734834,0.000000,0.000000
rep_d80_s65_r29,29,replication,baseline,8075029,55,51,80.0,65.0,0.0,true,2082,0,98.294885,0.000000,1,0,0.000000,0,true,converged,98.327947,98.260488,0.798285,0.000000,0.000000
rep_d80_s70_r0,0,replication,baseline,8080000,76,51,80.0,70.0,0.0,true,2099,0,99.726365,0.000000,1,0,0.000000,0,true,converged,99.721216,99.731327,0.826708,0.000000,0.000000
rep_d80_s70_r1,1,replication,baseline,8080001,73,51,80.0,70.0,0.0,true,2060,0,99.630629,0.000000,1,0,0.000000,0,true,converged,99.625144,99.635956,0.797739,0.000000,0.000000
rep_d80_s70_r2,2,replication,baseline,8080002,80,51,80.0,70.0,0.0,true,2093,0,99.417071,0.000000,1,0,0.000000,0,true,converged,99.404424,99.429193,0.766520,0.000000,0.000000
rep_d80_s70_r3,3,replication,baseline,8080003,72,51,80.0,70.0,0.0,true,2058,0,99.572345,0.000000,1,0,0.000000,0,true,converged,99.590388,99.552639,0.791895,0.000000,0.000000
rep_d80_s70_r4,4,replication,baseline,8080004,80,51,80.0,70.0,0.0,true,2095,0,99.473684,0.000000,1,0,0.000000,0,true,converged,99.457917,99.488560,0.811769,0.000000,0.000000
rep_d80_s70_r5,5,replication,baseline,8080005,78,51,80.0,70.0,0.0,true,2100,0,99.571112,0.000000,1,0,0.000000,0,true,converged,99.549091,99.591083,0.803503,0.000000,0.000000
rep_d80_s70_r6,6,replication,baseline,8080006,60,51,80.0,70.0,0.0,true,2074,0,99.490013,0.000000,1,0,0.000000,0,true,converged,99.496503,99.483352,0.786093,0.000000,0.000000
rep_d80_s70_r7,7,replication,baseline,8080007,63,51,80.0,70.0,0.0,true,2069,0,99.465015,0.000000,1,0,0.000000,0,true,converged,99.471194,99.458689,0.801604,0.000000,0.000000
rep_d80_s70_r8,8,replication,baseline,8080008,82,51,80.0,70.0,0.0,true,2079,0,99.426413,0.000000,1,0,0.000000,0,true,converged,99.433623,99.419017,0.776943,0.000000,0.000000
rep_d80_s70_r9,9,replication,baseline,8080009,75,51,80.0,70.0,0.0,true,2075,0,99.462366,0.000000,3,0,0.000000,0,true,converged,99.461451,99.463277,0.791787,0.000000,0.000000
rep_d80_s70_r10,10,replication,baseline,8080010,82,51,80.0,70.0,0.0,true,2061,0,99.687100,0.000000,2,0,0.000000,0,true,converged,99.679674,99.694190,0.800981,0.000000,0.000000
rep_d80_s70_r11,11,replication,baseline,8080011,69,51,80.0,70.0,0.0,true,2098,0,99.542873,0.000000,2,0,0.000000,0,true,converged,99.568571,99.513920,0.783828,0.000000,0.000000
rep_d80_s70_r12,12,replication,baseline,8080012,94,51,80.0,70.0,0.0,true,2126,0,99.662345,0.000000,1,0,0.000000,0,true,converged,99.662208,99.662481,0.812705,0.000000,0.000000
rep_d80_s70_r13,13,replication,baseline,8080013,102,51,80.0,70.0,0.0,true,2066,0,99.547191,0.000000,1,0,0.000000,0,true,converged,99.546099,99.548278,0.791085,0.000000,0.000000
rep_d80_s70_r14,14,replication,baseline,8080014,69,51,80.0,70.0,0.0,true,2060,0,99.461375,0.000000,1,0,0.000000,0,true,converged,99.454963,99.467638,0.792421,0.000000,0.000000
rep_d80_s70_r15,15,replication,baseline,8080015,59,51,80.0,70.0,0.0,true,2081,0,99.466067,0.000000,1,0,0.000000,0,true,converged,99.464638,99.467489,0.817380,0.000000,0.000000
rep_d80_s70_r16,16,replication,baseline,8080016,56,51,80.0,70.0,0.0,true,2059,0,99.527762,0.000000,1,0,0.000000,0,true,converged,99.536321,99.518880,0.775088,0.000000,0.000000
rep_d80_s70_r17,17,replication,baseline,8080017,71,51,80.0,70.0,0.0,true,2085,0,99.525670,0.000000,1,0,0.000000,0,true,converged,99.515117,99.535773,0.783681,0.000000,0.000000
rep_d80_s70_r18,18,replication,baseline,8080018,76,51,80.0,70.0,0.0,true,2079,0,99.413408,0.000000,1,0,0.000000,0,true,converged,99.402900,99.423552,0.788809,0.000000,0.000000
rep_d80_s70_r19,19,replication,baseline,8080019,84,51,80.0,70.0,0.0,true,2103,0,99.518304,0.000000,2,0,0.000000,0,true,converged,99.519033,99.517574,0.815642,0.000000,0.000000
rep_d80_s70_r20,20,replication,baseline,8080020,63,51,80.0,70.0,0.0,true,2060,0,99.386940,0.000000,1,0,0.000000,0,true,converged,99.401864,99.371253,0.811191,0.000000,0.000000
rep_d80_s70_r21,21,replication,baseline,8080021,109,51,80.0,70.0,0.0,true,2093,0,99.498607,0.000000,1,0,0.000000,0,true,converged,99.477958,99.517685,0.770625,0.000000,0.000000
rep_d80_s70_r22,22,replication,baseline,8080022,73,51,80.0,70.0,0.0,true,2088,0,99.542936,0.000000,1,0,0.000000,0,true,converged,99.529445,99.555675,0.861372,0.000000,0.000000
rep_d80_s70_r23,23,replication,baseline,8080023,63,51,80.0,70.0,0.0,true,2078,0,99.526792,0.000000,2,0,0.000000,0,true,converged,99.524741,99.528825,0.801766,0.000000,0.000000
rep_d80_s70_r24,24,replication,baseline,8080024,65,51,80.0,70.0,0.0,true,2104,0,99.521989,0.000000,1,0,0.000000,0,true,converged,99.531898,99.511651,0.818540,0.000000,0.000000
rep_d80_s70_r25,25,replication,baseline,8080025,130,51,80.0,70.0,0.0,true,2071,0,99.532909,0.000000,2,0,0.000000,0,true,converged,99.535408,99.530383,0.805950,0.000000,0.000000
rep_d80_s70_r26,26,replication,baseline,8080026,74,51,80.0,70.0,0.0,true,2092,0,99.614591,0.000000,2,0,0.000000,0,true,converged,99.613153,99.616018,0.820239,0.000000,0.000000
rep_d80_s70_r27,27,replication,baseline,8080027,83,51,80.0,70.0,0.0,true,2095,0,99.561944,0.000000,1,0,0.000000,0,true,converged,99.571849,99.551570,0.834664,0.000000,0.000000
rep_d80_s70_r28,28,replication,baseline,8080028,66,51,80.0,70.0,0.0,true,2070,0,99.547255,0.000000,1,0,0.000000,0,true,converged,99.552448,99.541941,0.781680,0.000000,0.000000
rep_d80_s70_r29,29,replication,baseline,8080029,83,51,80.0,70.0,0.0,true,2083,0,99.443285,0.000000,1,0,0.000000,0,true,converged,99.418774,99.465812,0.798089,0.000000,0.000000
rep_d90_s15_r0,0,replication,baseline,9025000,13,51,90.0,15.0,0.0,true,2348,0,55.552933,0.000000,1,0,0.000000,0,true,converged,56.512702,54.549843,0.233153,0.000000,0.000000
rep_d90_s15_r1,1,replication,baseline,9025001,7,51,90.0,15.0,0.0,true,2332,0,55.148906,0.000000,2,0,0.000000,0,true,converged,53.589109,56.607267,0.215243,0.000000,0.000000
rep_d90_s15_r2,2,replication,baseline,9025002,8,51,90.0,15.0,0.0,true,2336,0,54.053089,0.000000,1,0,0.000000,0,true,converged,54.969669,53.098420,0.212982,0.000000,0.000000
rep_d90_s15_r3,3,replication,baseline,9025003,7,51,90.0,15.0,0.0,true,2300,0,56.000984,0.000000,2,0,0.000000,0,true,converged,56.546029,55.442092,0.231180,0.000000,0.000000
rep_d90_s15_r4,4,replication,baseline,9025004,9,51,90.0,15.0,0.0,true,2332,0,54.804356,0.000000,1,0,0.000000,0,true,converged,53.191226,56.310006,0.222678,0.000000,0.000000
rep_d90_s15_r5,5,replication,baseline,9025005,9,51,90.0,15.0,0.0,true,2328,0,55.548890,0.000000,1,0,0.000000,0,true,converged,56.933628,54.072146,0.240120,0.000000,0.000000
rep_d90_s15_r6,6,replication,baseline,9025006,7,51,90.0,15.0,0.0,true,2317,0,54.801164,0.000000,1,0,0.000000,0,true,converged,55.008448,54.591961,0.197547,0.000000,0.000000
rep_d90_s15_r7,7,replication,baseline,9025007,6,51,90.0,15.0,0.0,true,2317,0,54.851198,0.000000,3,0,0.000000,0,true,converged,54.960174,54.741693,0.199352,0.000000,0.000000
rep_d90_s15_r8,8,replication,baseline,9025008,5,51,90.0,15.0,0.0,true,2320,0,55.064056,0.000000,1,0,0.000000,0,true,converged,55.333974,54.790856,0.221378,0.000000,0.000000
rep_d90_s15_r9,9,replication,baseline,9025009,8,51,90.0,15.0,0.0,true,2345,0,55.782634,0.000000,1,0,0.000000,0,true,converged,56.360033,55.189752,0.210855,0.000000,0.000000
rep_d90_s15_r10,10,replication,baseline,9025010,6,51,90.0,15.0,0.0,true,2345,0,54.671076,0.000000,1,0,0.000000,0,true,converged,53.377065,55.895197,0.212221,0.000000,0.000000
rep_d90_s15_r11,11,replication,baseline,9025011,7,51,90.0,15.0,0.0,true,2360,0,54.707735,0.000000,1,0,0.000000,0,true,converged,53.807711,55.573358,0.208835,0.000000,0.000000
rep_d90_s15_r12,12,replication,baseline,9025012,8,51,90.0,15.0,0.0,true,2341,0,55.119697,0.000000,1,0,0.000000,0,true,converged,54.760483,55.473251,0.236405,0.000000,0.000000
rep_d90_s15_r13,13,replication,baseline,9025013,4,51,90.0,15.0,0.0,true,2338,0,54.394950,0.000000,5,0,0.000000,0,true,converged,54.595043,54.193085,0.225013,0.000000,0.000000
rep_d90_s15_r14,14,replication,baseline,9025014,6,51,90.0,15.0,0.0,true,2344,0,55.391520,0.000000,2,0,0.000000,0,true,converged,55.391520,55.391520,0.215870,0.000000,0.000000
rep_d90_s15_r15,15,replication,baseline,9025015,11,51,90.0,15.0,0.0,true,2357,0,53.940742,0.000000,1,0,0.000000,0,true,converged,53.483146,54.389424,0.197389,0.000000,0.000000
rep_d90_s15_r16,16,replication,baseline,9025016,8,51,90.0,15.0,0.0,true,2358,0,54.025944,0.000000,1,0,0.000000,0,true,converged,53.717647,54.330160,0.195528,0.000000,0.000000
rep_d90_s15_r17,17,replication,baseline,9025017,5,51,90.0,15.0,0.0,true,2335,0,55.556882,0.000000,3,0,0.000000,0,true,converged,55.694395,55.418513,0.225752,0.000000,0.000000
rep_d90_s15_r18,18,replication,baseline,9025018,7,51,90.0,15.0,0.0,true,2348,0,55.627655,0.000000,1,0,0.000000,0,true,converged,55.517445,55.737319,0.225724,0.000000,0.000000
rep_d90_s15_r19,19,replication,baseline,9025019,8,51,90.0,15.0,0.0,true,2362,0,55.977185,0.000000,2,0,0.000000,0,true,converged,55.992553,55.961807,0.216834,0.000000,0.000000
rep_d90_s15_r20,20,replication,baseline,9025020,12,51,90.0,15.0,0.0,true,2333,0,55.156362,0.000000,1,0,0.000000,0,true,converged,54.620123,55.680075,0.213989,0.000000,0.000000
rep_d90_s15_r21,21,replication,baseline,9025021,5,51,90.0,15.0,0.0,true,2348,0,53.649334,0.000000,2,0,0.000000,0,true,converged,54.317257,52.961589,0.227650,0.000000,0.000000
rep_d90_s15_r22,22,replication,baseline,9025022,5,51,90.0,15.0,0.0,true,2344,0,54.408983,0.000000,5,0,0.000000,0,true,converged,53.140566,55.610542,0.229031,0.000000,0.000000
rep_d90_s15_r23,23,replication,baseline,9025023,9,51,90.0,15.0,0.0,true,2336,0,54.984498,0.000000,1,0,0.000000,0,true,converged,55.425670,54.534506,0.236315,0.000000,0.000000
rep_d90_s15_r24,24,replication,baseline,9025024,4,51,90.0,15.0,0.0,true,2342,0,55.754415,0.000000,10,0,0.000000,0,true,converged,55.352231,56.149419,0.226198,0.000000,0.000000
rep_d90_s15_r25,25,replication,baseline,9025025,7,51,90.0,15.0,0.0,true,2334,0,55.251250,0.000000,1,0,0.000000,0,true,converged,55.881662,54.602561,0.255780,0.000000,0.000000
rep_d90_s15_r26,26,replication,baseline,9025026,5,51,90.0,15.0,0.0,true,2335,0,55.244004,0.000000,1,0,0.000000,0,true,converged,53.593963,56.780735,0.237581,0.000000,0.000000
rep_d90_s15_r27,27,replication,baseline,9025027,8,51,90.0,15.0,0.0,true,2322,0,54.811059,0.000000,2,0,0.000000,0,true,converged,55.146794,54.470259,0.205336,0.000000,0.000000
rep_d90_s15_r28,28,replication,baseline,9025028,7,51,90.0,15.0,0.0,true,2343,0,55.210433,0.000000,2,0,0.000000,0,true,converged,56.303493,54.061284,0.202772,0.000000,0.000000
rep_d90_s15_r29,29,replication,baseline,9025029,7,51,90.0,15.0,0.0,true,2344,0,55.103007,0.000000,1,0,0.000000,0,true,converged,54.213958,55.958188,0.232811,0.000000,0.000000
rep_d90_s20_r0,0,replication,baseline,9030000,9,51,90.0,20.0,0.0,true,2347,0,55.358402,0.000000,2,0,0.000000,0,true,converged,55.279576,55.436950,0.225819,0.000000,0.000000
rep_d90_s20_r1,1,replication,baseline,9030001,7,51,90.0,20.0,0.0,true,2373,0,55.161699,0.000000,1,0,0.000000,0,true,converged,54.549697,55.757438,0.214020,0.000000,0.000000
rep_d90_s20_r2,2,replication,baseline,9030002,8,51,90.0,20.0,0.0,true,2337,0,56.565537,0.000000,1,0,0.000000,0,true,converged,56.217895,56.907701,0.245448,0.000000,0.000000
rep_d90_s20_r3,3,replication,baseline,9030003,9,51,90.0,20.0,0.0,true,2333,0,57.049453,0.000000,1,0,0.000000,0,true,converged,56.327813,57.747632,0.205793,0.000000,0.000000
rep_d90_s20_r4,4,replication,baseline,9030004,6,51,90.0,20.0,0.0,true,2332,0,56.923260,0.000000,1,0,0.000000,0,true,converged,56.856427,56.989887,0.226750,0.000000,0.000000
rep_d90_s20_r5,5,replication,baseline,9030005,5,51,90.0,20.0,0.0,true,2336,0,55.654762,0.000000,1,0,0.000000,0,true,converged,55.901503,55.405244,0.213915,0.000000,0.000000
rep_d90_s20_r6,6,replication,baseline,9030006,9,51,90.0,20.0,0.0,true,2368,0,55.732963,0.000000,2,0,0.000000,0,true,converged,56.304249,55.146542,0.229977,0.000000,0.000000
rep_d90_s20_r7,7,replication,baseline,9030007,7,51,90.0,20.0,0.0,true,2336,0,57.039153,0.000000,4,0,0.000000,0,true,converged,57.115704,56.962327,0.218638,0.000000,0.000000
rep_d90_s20_r8,8,replication,baseline,9030008,8,51,90.0,20.0,0.0,true,2340,0,56.218199,0.000000,1,0,0.000000,0,true,converged,55.378678,57.026713,0.238560,0.000000,0.000000
rep_d90_s20_r9,9,replication,baseline,9030009,7,51,90.0,20.0,0.0,true,2315,0,56.421741,0.000000,2,0,0.000000,0,true,converged,57.224335,55.588453,0.197053,0.000000,0.000000
rep_d90_s20_r10,10,replication,baseline,9030010,6,51,90.0,20.0,0.0,true,2366,0,57.671344,0.000000,2,0,0.000000,0,true,converged,58.701064,56.588963,0.239847,0.000000,0.000000
rep_d90_s20_r11,11,replication,baseline,9030011,6,51,90.0,20.0,0.0,true,2341,0,56.221144,0.000000,1,0,0.000000,0,true,converged,55.680729,56.748538,0.231503,0.000000,0.000000
rep_d90_s20_r12,12,replication,baseline,9030012,7,51,90.0,20.0,0.0,true,2321,0,55.164122,0.000000,1,0,0.000000,0,true,converged,55.410738,54.914762,0.199855,0.000000,0.000000
rep_d90_s20_r13,13,replication,baseline,9030013,6,51,90.0,20.0,0.0,true,2331,0,57.852622,0.000000,2,0,0.000000,0,true,converged,58.152496,57.548418,0.224865,0.000000,0.000000
rep_d90_s20_r14,14,replication,baseline,9030014,9,51,90.0,20.0,0.0,true,2332,0,56.834447,0.000000,2,0,0.000000,0,true,converged,57.428538,56.223539,0.265737,0.000000,0.000000
rep_d90_s20_r15,15,replication,baseline,9030015,7,51,90.0,20.0,0.0,true,2339,0,56.841606,0.000000,1,0,0.000000,0,true,converged,55.295128,58.284667,0.241414,0.000000,0.000000
rep_d90_s20_r16,16,replication,baseline,9030016,9,51,90.0,20.0,0.0,true,2313,0,57.838034,0.000000,1,0,0.000000,0,true,converged,56.183168,59.372448,0.250185,0.000000,0.000000
rep_d90_s20_r17,17,replication,baseline,9030017,7,51,90.0,20.0,0.0,true,2347,0,55.425946,0.000000,1,0,0.000000,0,true,converged,56.819998,53.938877,0.244195,0.000000,0.000000
rep_d90_s20_r18,18,replication,baseline,9030018,8,51,90.0,20.0,0.0,true,2346,0,56.188119,0.000000,1,0,0.000000,0,true,converged,56.378359,55.996212,0.204708,0.000000,0.000000
rep_d90_s20_r19,19,replication,baseline,9030019,7,51,90.0,20.0,0.0,true,2336,0,55.333809,0.000000,1,0,0.000000,0,true,converged,56.380510,54.235638,0.246663,0.000000,0.000000
rep_d90_s20_r20,20,replication,baseline,9030020,12,51,90.0,20.0,0.0,true,2342,0,54.794845,0.000000,1,0,0.000000,0,true,converged,54.428418,55.155425,0.223290,0.000000,0.000000
rep_d90_s20_r21,21,replication,baseline,9030021,6,51,90.0,20.0,0.0,true,2359,0,56.338849,0.000000,3,0,0.000000,0,true,converged,56.697099,55.974621,0.200298,0.000000,0.000000
rep_d90_s20_r22,22,replication,baseline,9030022,6,51,90.0,20.0,0.0,true,2323,0,57.106812,0.000000,1,0,0.000000,0,true,converged,57.631142,56.569343,0.270171,0.000000,0.000000
rep_d90_s20_r23,23,replication,baseline,9030023,14,51,90.0,20.0,0.0,true,2308,0,57.647916,0.000000,1,0,0.000000,0,true,converged,57.745455,57.549927,0.266076,0.000000,0.000000
rep_d90_s20_r24,24,replication,baseline,9030024,4,51,90.0,20.0,0.0,true,2335,0,56.264860,0.000000,7,0,0.000000,0,true,converged,57.245787,55.237863,0.230764,0.000000,0.000000
rep_d90_s20_r25,25,replication,baseline,9030025,7,51,90.0,20.0,0.0,true,2337,0,57.670387,0.000000,1,0,0.000000,0,true,converged,59.074733,56.166236,0.253503,0.000000,0.000000
rep_d90_s20_r26,26,replication,baseline,9030026,7,51,90.0,20.0,0.0,true,2349,0,56.832335,0.000000,1,0,0.000000,0,true,converged,55.271488,58.287920,0.266648,0.000000,0.000000
rep_d90_s20_r27,27,replication,baseline,9030027,9,51,90.0,20.0,0.0,true,2311,0,56.636308,0.000000,1,0,0.000000,0,true,converged,57.553786,55.678292,0.231486,0.000000,0.000000
rep_d90_s20_r28,28,replication,baseline,9030028,7,51,90.0,20.0,0.0,true,2341,0,57.565712,0.000000,1,0,0.000000,0,true,converged,58.470452,56.620673,0.252996,0.000000,0.000000
rep_d90_s20_r29,29,replication,baseline,9030029,6,51,90.0,20.0,0.0,true,2353,0,55.927835,0.000000,2,0,0.000000,0,true,converged,56.598985,55.235602,0.218030,0.000000,0.000000
rep_d90_s25_r0,0,replication,baseline,9035000,10,51,90.0,25.0,0.0,true,2342,0,56.632473,0.000000,1,0,0.000000,0,true,converged,57.232558,56.015307,0.247913,0.000000,0.000000
rep_d90_s25_r1,1,replication,baseline,9035001,7,51,90.0,25.0,0.0,true,2335,0,56.990014,0.000000,1,0,0.000000,0,true,converged,58.037578,55.888808,0.217262,0.000000,0.000000
rep_d90_s25_r2,2,replication,baseline,9035002,8,51,90.0,25.0,0.0,true,2344,0,57.995761,0.000000,1,0,0.000000,0,true,converged,57.961108,58.030357,0.252896,0.000000,0.000000
rep_d90_s25_r3,3,replication,baseline,9035003,9,51,90.0,25.0,0.0,true,2351,0,56.917135,0.000000,1,0,0.000000,0,true,converged,56.851483,56.982587,0.226652,0.000000,0.000000
rep_d90_s25_r4,4,replication,baseline,9035004,5,51,90.0,25.0,0.0,true,2327,0,56.881939,0.000000,7,0,0.000000,0,true,converged,56.628242,57.132685,0.217970,0.000000,0.000000
rep_d90_s25_r5,5,replication,baseline,9035005,7,51,90.0,25.0,0.0,true,2337,0,55.418836,0.000000,2,0,0.000000,0,true,converged,55.534576,55.302491,0.231054,0.000000,0.000000
rep_d90_s25_r6,6,replication,baseline,9035006,8,51,90.0,25.0,0.0,true,2326,0,58.214670,0.000000,1,0,0.000000,0,true,converged,57.866795,58.556848,0.231918,0.000000,0.000000
rep_d90_s25_r7,7,replication,baseline,9035007,11,51,90.0,25.0,0.0,true,2332,0,57.348224,0.000000,1,0,0.000000,0,true,converged,58.640553,55.972529,0.240108,0.000000,0.000000
rep_d90_s25_r8,8,replication,baseline,9035008,6,51,90.0,25.0,0.0,true,2339,0,58.608449,0.000000,4,0,0.000000,0,true,converged,57.569141,59.598060,0.221633,0.000000,0.000000
rep_d90_s25_r9,9,replication,baseline,9035009,6,51,90.0,25.0,0.0,true,2313,0,57.695563,0.000000,4,0,0.000000,0,true,converged,58.498399,56.861053,0.255500,0.000000,0.000000
rep_d90_s25_r10,10,replication,baseline,9035010,7,51,90.0,25.0,0.0,true,2324,0,56.099019,0.000000,1,0,0.000000,0,true,converged,55.648182,56.540784,0.220319,0.000000,0.000000
rep_d90_s25_r11,11,replication,baseline,9035011,6,51,90.0,25.0,0.0,true,2345,0,55.305164,0.000000,1,0,0.000000,0,true,converged,55.242125,55.368026,0.227402,0.000000,0.000000
rep_d90_s25_r12,12,replication,baseline,9035012,6,51,90.0,25.0,0.0,true,2339,0,56.105923,0.000000,2,0,0.000000,0,true,converged,54.713990,57.414841,0.242181,0.000000,0.000000
rep_d90_s25_r13,13,replication,baseline,9035013,8,51,90.0,25.0,0.0,true,2371,0,57.336707,0.000000,1,0,0.000000,0,true,converged,57.783341,56.880521,0.253994,0.000000,0.000000
rep_d90_s25_r14,14,replication,baseline,9035014,5,51,90.0,25.0,0.0,true,2321,0,55.796928,0.000000,4,0,0.000000,0,true,converged,56.201689,55.384615,0.204977,0.000000,0.000000
rep_d90_s25_r15,15,replication,baseline,9035015,7,51,90.0,25.0,0.0,true,2322,0,57.003961,0.000000,3,0,0.000000,0,true,converged,56.988473,57.019438,0.234246,0.000000,0.000000
rep_d90_s25_r16,16,replication,baseline,9035016,11,51,90.0,25.0,0.0,true,2332,0,56.720494,0.000000,1,0,0.000000,0,true,converged,56.550244,56.889415,0.207227,0.000000,0.000000
rep_d90_s25_r17,17,replication,baseline,9035017,7,51,90.0,25.0,0.0,true,2325,0,57.508982,0.000000,2,0,0.000000,0,true,converged,57.852221,57.160106,0.233524,0.000000,0.000000
rep_d90_s25_r18,18,replication,baseline,9035018,5,51,90.0,25.0,0.0,true,2357,0,56.227384,0.000000,2,0,0.000000,0,true,converged,55.923836,56.526780,0.234237,0.000000,0.000000
rep_d90_s25_r19,19,replication,baseline,9035019,8,51,90.0,25.0,0.0,true,2339,0,56.702492,0.000000,2,0,0.000000,0,true,converged,55.498908,57.842686,0.248303,0.000000,0.000000
rep_d90_s25_r20,20,replication,baseline,9035020,9,51,90.0,25.0,0.0,true,2343,0,57.250560,0.000000,1,0,0.000000,0,true,converged,57.610092,56.884876,0.253915,0.000000,0.000000
rep_d90_s25_r21,21,replication,baseline,9035021,13,51,90.0,25.0,0.0,true,2332,0,59.191439,0.000000,2,0,0.000000,0,true,converged,58.680472,59.689922,0.263298,0.000000,0.000000
rep_d90_s25_r22,22,replication,baseline,9035022,8,51,90.0,25.0,0.0,true,2346,0,55.204417,0.000000,1,0,0.000000,0,true,converged,55.543896,54.859714,0.223448,0.000000,0.000000
rep_d90_s25_r23,23,replication,baseline,9035023,9,51,90.0,25.0,0.0,true,2366,0,57.557199,0.000000,1,0,0.000000,0,true,converged,57.532663,57.581707,0.246626,0.000000,0.000000
rep_d90_s25_r24,24,replication,baseline,9035024,6,51,90.0,25.0,0.0,true,2341,0,56.399670,0.000000,1,0,0.000000,0,true,converged,55.821181,56.963204,0.230937,0.000000,0.000000
rep_d90_s25_r25,25,replication,baseline,9035025,8,51,90.0,25.0,0.0,true,2320,0,57.629559,0.000000,2,0,0.000000,0,true,converged,56.598673,58.612608,0.234975,0.000000,0.000000
rep_d90_s25_r26,26,replication,baseline,9035026,8,51,90.0,25.0,0.0,true,2341,0,55.634302,0.000000,2,0,0.000000,0,true,converged,55.936180,55.328259,0.200148,0.000000,0.000000
rep_d90_s25_r27,27,replication,baseline,9035027,8,51,90.0,25.0,0.0,true,2336,0,59.119497,0.000000,1,0,0.000000,0,true,converged,60.141155,58.044087,0.283839,0.000000,0.000000
rep_d90_s25_r28,28,replication,baseline,9035028,9,51,90.0,25.0,0.0,true,2359,0,58.694894,0.000000,1,0,0.000000,0,true,converged,58.297123,59.085148,0.260118,0.000000,0.000000
rep_d90_s25_r29,29,replication,baseline,9035029,7,51,90.0,25.0,0.0,true,2321,0,59.154421,0.000000,3,0,0.000000,0,true,converged,58.151302,60.110575,0.277187,0.000000,0.000000
rep_d90_s30_r0,0,replication,baseline,9040000,12,51,90.0,30.0,0.0,true,2334,0,74.199691,0.000000,1,0,0.000000,0,true,converged,75.028795,73.313639,0.394252,0.000000,0.000000
rep_d90_s30_r1,1,replication,baseline,9040001,20,51,90.0,30.0,0.0,true,2328,0,76.061222,0.000000,1,0,0.000000,0,true,converged,75.850422,76.268374,0.432380,0.000000,0.000000
rep_d90_s30_r2,2,replication,baseline,9040002,12,51,90.0,30.0,0.0,true,2320,0,74.789512,0.000000,2,0,0.000000,0,true,converged,74.085064,75.456674,0.438575,0.000000,0.000000
rep_d90_s30_r3,3,replication,baseline,9040003,15,51,90.0,30.0,0.0,true,2325,0,74.235336,0.000000,1,0,0.000000,0,true,converged,74.083012,74.385881,0.389038,0.000000,0.000000
rep_d90_s30_r4,4,replication,baseline,9040004,12,51,90.0,30.0,0.0,true,2346,0,73.812610,0.000000,1,0,0.000000,0,true,converged,74.594100,72.981518,0.433786,0.000000,0.000000
rep_d90_s30_r5,5,replication,baseline,9040005,16,51,90.0,30.0,0.0,true,2327,0,74.425287,0.000000,1,0,0.000000,0,true,converged,74.240232,74.607703,0.376748,0.000000,0.000000
rep_d90_s30_r6,6,replication,baseline,9040006,14,51,90.0,30.0,0.0,true,2361,0,73.821990,0.000000,1,0,0.000000,0,true,converged,73.976405,73.665730,0.423824,0.000000,0.000000
rep_d90_s30_r7,7,replication,baseline,9040007,18,51,90.0,30.0,0.0,true,2355,0,75.221445,0.000000,1,0,0.000000,0,true,converged,74.317468,76.063950,0.402815,0.000000,0.000000
rep_d90_s30_r8,8,replication,baseline,9040008,18,51,90.0,30.0,0.0,true,2336,0,73.775934,0.000000,1,0,0.000000,0,true,converged,72.872210,74.621386,0.389005,0.000000,0.000000
rep_d90_s30_r9,9,replication,baseline,9040009,12,51,90.0,30.0,0.0,true,2344,0,73.433436,0.000000,1,0,0.000000,0,true,converged,73.424009,73.442855,0.386747,0.000000,0.000000
rep_d90_s30_r10,10,replication,baseline,9040010,12,51,90.0,30.0,0.0,true,2313,0,74.168891,0.000000,1,0,0.000000,0,true,converged,74.134370,74.203320,0.385347,0.000000,0.000000
rep_d90_s30_r11,11,replication,baseline,9040011,12,51,90.0,30.0,0.0,true,2347,0,73.951955,0.000000,2,0,0.000000,0,true,converged,74.122602,73.779042,0.396237,0.000000,0.000000
rep_d90_s30_r12,12,replication,baseline,9040012,19,51,90.0,30.0,0.0,true,2359,0,72.846136,0.000000,1,0,0.000000,0,true,converged,73.764945,71.860634,0.363577,0.000000,0.000000
rep_d90_s30_r13,13,replication,baseline,9040013,10,51,90.0,30.0,0.0,true,2328,0,73.691773,0.000000,4,0,0.000000,0,true,converged,73.698073,73.685471,0.369515,0.000000,0.000000
rep_d90_s30_r14,14,replication,baseline,9040014,18,51,90.0,30.0,0.0,true,2347,0,74.164811,0.000000,3,0,0.000000,0,true,converged,73.904807,74.419684,0.390624,0.000000,0.000000
rep_d90_s30_r15,15,replication,baseline,9040015,14,51,90.0,30.0,0.0,true,2367,0,72.979856,0.000000,2,0,0.000000,0,true,converged,72.866775,73.091999,0.347107,0.000000,0.000000
rep_d90_s30_r16,16,replication,baseline,9040016,14,51,90.0,30.0,0.0,true,2354,0,73.343479,0.000000,1,0,0.000000,0,true,converged,74.145566,72.490033,0.362168,0.000000,0.000000
rep_d90_s30_r17,17,replication,baseline,9040017,14,51,90.0,30.0,0.0,true,2325,0,71.144159,0.000000,1,0,0.000000,0,true,converged,71.567005,70.708546,0.342827,0.000000,0.000000
rep_d90_s30_r18,18,replication,baseline,9040018,12,51,90.0,30.0,0.0,true,2351,0,74.179944,0.000000,1,0,0.000000,0,true,converged,74.179944,74.179944,0.388471,0.000000,0.000000
rep_d90_s30_r19,19,replication,baseline,9040019,17,51,90.0,30.0,0.0,true,2333,0,74.776919,0.000000,1,0,0.000000,0,true,converged,74.875563,74.677496,0.449197,0.000000,0.000000
rep_d90_s30_r20,20,replication,baseline,9040020,12,51,90.0,30.0,0.0,true,2353,0,74.549286,0.000000,3,0,0.000000,0,true,converged,74.168251,74.919243,0.392607,0.000000,0.000000
rep_d90_s30_r21,21,replication,baseline,9040021,11,51,90.0,30.0,0.0,true,2342,0,74.024131,0.000000,1,0,0.000000,0,true,converged,73.913043,74.134276,0.413322,0.000000,0.000000
rep_d90_s30_r22,22,replication,baseline,9040022,16,51,90.0,30.0,0.0,true,2329,0,74.139990,0.000000,1,0,0.000000,0,true,converged,74.320958,73.956454,0.428059,0.000000,0.000000
rep_d90_s30_r23,23,replication,baseline,9040023,20,51,90.0,30.0,0.0,true,2352,0,74.306125,0.000000,1,0,0.000000,0,true,converged,74.248826,74.363169,0.393812,0.000000,0.000000
rep_d90_s30_r24,24,replication,baseline,9040024,16,51,90.0,30.0,0.0,true,2364,0,75.986537,0.000000,1,0,0.000000,0,true,converged,75.899825,76.072626,0.387883,0.000000,0.000000
rep_d90_s30_r25,25,replication,baseline,9040025,21,51,90.0,30.0,0.0,true,2356,0,74.439776,0.000000,1,0,0.000000,0,true,converged,75.073981,73.772455,0.402365,0.000000,0.000000
rep_d90_s30_r26,26,replication,baseline,9040026,24,51,90.0,30.0,0.0,true,2329,0,74.199713,0.000000,1,0,0.000000,0,true,converged,74.025974,74.371144,0.370950,0.000000,0.000000
rep_d90_s30_r27,27,replication,baseline,9040027,11,51,90.0,30.0,0.0,true,2325,0,73.063528,0.000000,2,0,0.000000,0,true,converged,72.515623,73.590015,0.372812,0.000000,0.000000
rep_d90_s30_r28,28,replication,baseline,9040028,13,51,90.0,30.0,0.0,true,2348,0,73.485204,0.000000,2,0,0.000000,0,true,converged,72.899664,74.045977,0.378694,0.000000,0.000000
rep_d90_s30_r29,29,replication,baseline,9040029,21,51,90.0,30.0,0.0,true,2343,0,74.492206,0.000000,1,0,0.000000,0,true,converged,74.316290,74.665728,0.374822,0.000000,0.000000
rep_d90_s35_r0,0,replication,baseline,9045000,14,51,90.0,35.0,0.0,true,2359,0,77.276952,0.000000,1,0,0.000000,0,true,converged,76.541137,77.968011,0.451460,0.000000,0.000000
rep_d90_s35_r1,1,replication,baseline,9045001,17,51,90.0,35.0,0.0,true,2346,0,76.238554,0.000000,1,0,0.000000,0,true,converged,75.708113,76.746324,0.444056,0.000000,0.000000
rep_d90_s35_r2,2,replication,baseline,9045002,11,51,90.0,35.0,0.0,true,2339,0,75.322371,0.000000,2,0,0.000000,0,true,converged,74.360865,76.214367,0.432054,0.000000,0.000000
rep_d90_s35_r3,3,replication,baseline,9045003,14,51,90.0,35.0,0.0,true,2334,0,76.835757,0.000000,1,0,0.000000,0,true,converged,75.983818,77.629325,0.435901,0.000000,0.000000
rep_d90_s35_r4,4,replication,baseline,9045004,11,51,90.0,35.0,0.0,true,2325,0,73.967684,0.000000,4,0,0.000000,0,true,converged,74.312035,73.613975,0.361774,0.000000,0.000000
rep_d90_s35_r5,5,replication,baseline,9045005,28,51,90.0,35.0,0.0,true,2339,0,76.225345,0.000000,1,0,0.000000,0,true,converged,75.923933,76.519305,0.401236,0.000000,0.000000
rep_d90_s35_r6,6,replication,baseline,9045006,18,51,90.0,35.0,0.0,true,2338,0,76.822054,0.000000,1,0,0.000000,0,true,converged,76.709071,76.933946,0.483516,0.000000,0.000000
rep_d90_s35_r7,7,replication,baseline,9045007,15,51,90.0,35.0,0.0,true,2375,0,75.022989,0.000000,1,0,0.000000,0,true,converged,75.071699,74.974087,0.388633,0.000000,0.000000
rep_d90_s35_r8,8,replication,baseline,9045008,17,51,90.0,35.0,0.0,true,2321,0,74.709337,0.000000,1,0,0.000000,0,true,converged,74.874970,74.541506,0.379240,0.000000,0.000000
rep_d90_s35_r9,9,replication,baseline,9045009,14,51,90.0,35.0,0.0,true,2343,0,76.061640,0.000000,1,0,0.000000,0,true,converged,75.567295,76.536377,0.434786,0.000000,0.000000
rep_d90_s35_r10,10,replication,baseline,9045010,13,51,90.0,35.0,0.0,true,2349,0,74.646406,0.000000,2,0,0.000000,0,true,converged,75.521950,73.705904,0.379576,0.000000,0.000000
rep_d90_s35_r11,11,replication,baseline,9045011,14,51,90.0,35.0,0.0,true,2354,0,76.764019,0.000000,1,0,0.000000,0,true,converged,76.641221,76.885532,0.412973,0.000000,0.000000
rep_d90_s35_r12,12,replication,baseline,9045012,13,51,90.0,35.0,0.0,true,2322,0,77.513449,0.000000,1,0,0.000000,0,true,converged,77.312749,77.710629,0.415569,0.000000,0.000000
rep_d90_s35_r13,13,replication,baseline,9045013,13,51,90.0,35.0,0.0,true,2359,0,75.058059,0.000000,1,0,0.000000,0,true,converged,74.906542,75.207756,0.404916,0.000000,0.000000
rep_d90_s35_r14,14,replication,baseline,9045014,11,51,90.0,35.0,0.0,true,2336,0,77.380812,0.000000,3,0,0.000000,0,true,converged,77.140124,77.616483,0.446844,0.000000,0.000000
rep_d90_s35_r15,15,replication,baseline,9045015,17,51,90.0,35.0,0.0,true,2345,0,77.089456,0.000000,1,0,0.000000,0,true,converged,76.899372,77.276437,0.472761,0.000000,0.000000
rep_d90_s35_r16,16,replication,baseline,9045016,15,51,90.0,35.0,0.0,true,2350,0,76.523570,0.000000,1,0,0.000000,0,true,converged,76.127037,76.907145,0.404060,0.000000,0.000000
rep_d90_s35_r17,17,replication,baseline,9045017,13,51,90.0,35.0,0.0,true,2319,0,74.702703,0.000000,3,0,0.000000,0,true,converged,74.910650,74.491279,0.405612,0.000000,0.000000
rep_d90_s35_r18,18,replication,baseline,9045018,17,51,90.0,35.0,0.0,true,2349,0,77.012302,0.000000,1,0,0.000000,0,true,converged,76.971831,77.052632,0.438813,0.000000,0.000000
rep_d90_s35_r19,19,replication,baseline,9045019,12,51,90.0,35.0,0.0,true,2333,0,76.763485,0.000000,1,0,0.000000,0,true,converged,76.666667,76.859504,0.433493,0.000000,0.000000
rep_d90_s35_r20,20,replication,baseline,9045020,14,51,90.0,35.0,0.0,true,2362,0,75.846083,0.000000,2,0,0.000000,0,true,converged,75.862868,75.829274,0.412501,0.000000,0.000000
rep_d90_s35_r21,21,replication,baseline,9045021,17,51,90.0,35.0,0.0,true,2337,0,74.710607,0.000000,1,0,0.000000,0,true,converged,75.528632,73.836001,0.383864,0.000000,0.000000
rep_d90_s35_r22,22,replication,baseline,9045022,12,51,90.0,35.0,0.0,true,2355,0,74.706088,0.000000,2,0,0.000000,0,true,converged,74.170926,75.219523,0.378222,0.000000,0.000000
rep_d90_s35_r23,23,replication,baseline,9045023,14,51,90.0,35.0,0.0,true,2337,0,76.847466,0.000000,1,0,0.000000,0,true,converged,76.505228,77.179876,0.444154,0.000000,0.000000
rep_d90_s35_r24,24,replication,baseline,9045024,14,51,90.0,35.0,0.0,true,2363,0,76.236821,0.000000,1,0,0.000000,0,true,converged,76.498224,75.969537,0.437928,0.000000,0.000000
rep_d90_s35_r25,25,replication,baseline,9045025,13,51,90.0,35.0,0.0,true,2349,0,75.510204,0.000000,2,0,0.000000,0,true,converged,75.844516,75.166508,0.425145,0.000000,0.000000
rep_d90_s35_r26,26,replication,baseline,9045026,13,51,90.0,35.0,0.0,true,2322,0,75.075111,0.000000,2,0,0.000000,0,true,converged,75.600000,74.527143,0.384088,0.000000,0.000000
rep_d90_s35_r27,27,replication,baseline,9045027,13,51,90.0,35.0,0.0,true,2331,0,75.163554,0.000000,2,0,0.000000,0,true,converged,75.243064,75.083532,0.405421,0.000000,0.000000
rep_d90_s35_r28,28,replication,baseline,9045028,16,51,90.0,35.0,0.0,true,2359,0,74.898362,0.000000,1,0,0.000000,0,true,converged,75.020229,74.775301,0.382470,0.000000,0.000000
rep_d90_s35_r29,29,replication,baseline,9045029,14,51,90.0,35.0,0.0,true,2316,0,74.689497,0.000000,1,0,0.000000,0,true,converged,74.877319,74.498846,0.406590,0.000000,0.000000
rep_d90_s40_r0,0,replication,baseline,9050000,15,51,90.0,40.0,0.0,true,2360,0,82.264634,0.000000,1,0,0.000000,0,true,converged,82.409972,82.116874,0.471013,0.000000,0.000000
rep_d90_s40_r1,1,replication,baseline,9050001,25,51,90.0,40.0,0.0,true,2351,0,81.807512,0.000000,1,0,0.000000,0,true,converged,81.401488,82.196187,0.515621,0.000000,0.000000
rep_d90_s40_r2,2,replication,baseline,9050002,15,51,90.0,40.0,0.0,true,2345,0,81.067044,0.000000,1,0,0.000000,0,true,converged,80.529255,81.575925,0.399413,0.000000,0.000000
rep_d90_s40_r3,3,replication,baseline,9050003,18,51,90.0,40.0,0.0,true,2357,0,83.508281,0.000000,1,0,0.000000,0,true,converged,83.758328,83.250415,0.488156,0.000000,0.000000
rep_d90_s40_r4,4,replication,baseline,9050004,13,51,90.0,40.0,0.0,true,2348,0,81.512407,0.000000,1,0,0.000000,0,true,converged,81.809766,81.205165,0.458393,0.000000,0.000000
rep_d90_s40_r5,5,replication,baseline,9050005,13,51,90.0,40.0,0.0,true,2344,0,81.699965,0.000000,1,0,0.000000,0,true,converged,81.438849,81.953835,0.445754,0.000000,0.000000
rep_d90_s40_r6,6,replication,baseline,9050006,16,51,90.0,40.0,0.0,true,2332,0,83.052669,0.000000,2,0,0.000000,0,true,converged,83.036461,83.068846,0.491447,0.000000,0.000000
rep_d90_s40_r7,7,replication,baseline,9050007,19,51,90.0,40.0,0.0,true,2339,0,82.268749,0.000000,1,0,0.000000,0,true,converged,82.728425,81.783935,0.503217,0.000000,0.000000
rep_d90_s40_r8,8,replication,baseline,9050008,20,51,90.0,40.0,0.0,true,2328,0,82.238734,0.000000,1,0,0.000000,0,true,converged,82.795449,81.644786,0.469941,0.000000,0.000000
rep_d90_s40_r9,9,replication,baseline,9050009,21,51,90.0,40.0,0.0,true,2309,0,81.980342,0.000000,1,0,0.000000,0,true,converged,81.861488,82.097649,0.497912,0.000000,0.000000
rep_d90_s40_r10,10,replication,baseline,9050010,21,51,90.0,40.0,0.0,true,2336,0,81.415824,0.000000,2,0,0.000000,0,true,converged,80.829651,81.967213,0.486862,0.000000,0.000000
rep_d90_s40_r11,11,replication,baseline,9050011,18,51,90.0,40.0,0.0,true,2348,0,83.096441,0.000000,1,0,0.000000,0,true,converged,82.789140,83.392960,0.508523,0.000000,0.000000
rep_d90_s40_r12,12,replication,baseline,9050012,18,51,90.0,40.0,0.0,true,2353,0,82.357762,0.000000,1,0,0.000000,0,true,converged,81.583771,83.069318,0.474698,0.000000,0.000000
rep_d90_s40_r13,13,replication,baseline,9050013,17,51,90.0,40.0,0.0,true,2360,0,81.961878,0.000000,1,0,0.000000,0,true,converged,82.270962,81.641826,0.508721,0.000000,0.000000
rep_d90_s40_r14,14,replication,baseline,9050014,15,51,90.0,40.0,0.0,true,2343,0,83.170185,0.000000,2,0,0.000000,0,true,converged,82.742774,83.576936,0.504669,0.000000,0.000000
rep_d90_s40_r15,15,replication,baseline,9050015,18,51,90.0,40.0,0.0,true,2350,0,82.082012,0.000000,1,0,0.000000,0,true,converged,81.712436,82.436946,0.431330,0.000000,0.000000
rep_d90_s40_r16,16,replication,baseline,9050016,18,51,90.0,40.0,0.0,true,2324,0,83.215016,0.000000,1,0,0.000000,0,true,converged,82.616822,83.773409,0.506403,0.000000,0.000000
rep_d90_s40_r17,17,replication,baseline,9050017,20,51,90.0,40.0,0.0,true,2330,0,81.431473,0.000000,1,0,0.000000,0,true,converged,81.380302,81.482364,0.472103,0.000000,0.000000
rep_d90_s40_r18,18,replication,baseline,9050018,13,51,90.0,40.0,0.0,true,2336,0,81.645269,0.000000,3,0,0.000000,0,true,converged,82.244710,81.003937,0.486344,0.000000,0.000000
rep_d90_s40_r19,19,replication,baseline,9050019,19,51,90.0,40.0,0.0,true,2327,0,81.621169,0.000000,1,0,0.000000,0,true,converged,81.477012,81.763098,0.454103,0.000000,0.000000
rep_d90_s40_r20,20,replication,baseline,9050020,22,51,90.0,40.0,0.0,true,2352,0,82.172996,0.000000,1,0,0.000000,0,true,converged,81.920837,82.418218,0.480501,0.000000,0.000000
rep_d90_s40_r21,21,replication,baseline,9050021,19,51,90.0,40.0,0.0,true,2364,0,80.950174,0.000000,1,0,0.000000,0,true,converged,80.834693,81.064271,0.463545,0.000000,0.000000
rep_d90_s40_r22,22,replication,baseline,9050022,23,51,90.0,40.0,0.0,true,2348,0,81.961430,0.000000,1,0,0.000000,0,true,converged,81.602303,82.306805,0.486002,0.000000,0.000000
rep_d90_s40_r23,23,replication,baseline,9050023,16,51,90.0,40.0,0.0,true,2331,0,82.608177,0.000000,2,0,0.000000,0,true,converged,82.965558,82.235480,0.516132,0.000000,0.000000
rep_d90_s40_r24,24,replication,baseline,9050024,15,51,90.0,40.0,0.0,true,2343,0,82.220121,0.000000,1,0,0.000000,0,true,converged,81.840135,82.584530,0.484650,0.000000,0.000000
rep_d90_s40_r25,25,replication,baseline,9050025,18,51,90.0,40.0,0.0,true,2340,0,81.528436,0.000000,1,0,0.000000,0,true,converged,81.205546,81.840419,0.456944,0.000000,0.000000
rep_d90_s40_r26,26,replication,baseline,9050026,22,51,90.0,40.0,0.0,true,2330,0,81.449587,0.000000,1,0,0.000000,0,true,converged,81.942019,80.929546,0.471288,0.000000,0.000000
rep_d90_s40_r27,27,replication,baseline,9050027,19,51,90.0,40.0,0.0,true,2356,0,82.560578,0.000000,1,0,0.000000,0,true,converged,82.218791,82.889473,0.479646,0.000000,0.000000
rep_d90_s40_r28,28,replication,baseline,9050028,19,51,90.0,40.0,0.0,true,2334,0,81.869048,0.000000,1,0,0.000000,0,true,converged,82.105511,81.626252,0.445478,0.000000,0.000000
rep_d90_s40_r29,29,replication,baseline,9050029,20,51,90.0,40.0,0.0,true,2320,0,81.891469,0.000000,1,0,0.000000,0,true,converged,81.481481,82.283696,0.495881,0.000000,0.000000
rep_d90_s45_r0,0,replication,baseline,9055000,33,51,90.0,45.0,0.0,true,2330,0,87.005112,0.000000,1,0,0.000000,0,true,converged,87.220858,86.781957,0.569301,0.000000,0.000000
rep_d90_s45_r1,1,replication,baseline,9055001,23,51,90.0,45.0,0.0,true,2372,0,86.674312,0.000000,1,0,0.000000,0,true,converged,86.798455,86.547812,0.594843,0.000000,0.000000
rep_d90_s45_r2,2,replication,baseline,9055002,28,51,90.0,45.0,0.0,true,2339,0,87.218754,0.000000,1,0,0.000000,0,true,converged,87.206697,87.230787,0.559024,0.000000,0.000000
rep_d90_s45_r3,3,replication,baseline,9055003,20,51,90.0,45.0,0.0,true,2353,0,87.266573,0.000000,1,0,0.000000,0,true,converged,87.196338,87.336042,0.575804,0.000000,0.000000
rep_d90_s45_r4,4,replication,baseline,9055004,20,51,90.0,45.0,0.0,true,2349,0,86.661202,0.000000,1,0,0.000000,0,true,converged,86.614173,86.707901,0.562077,0.000000,0.000000
rep_d90_s45_r5,5,replication,baseline,9055005,21,51,90.0,45.0,0.0,true,2342,0,86.427898,0.000000,2,0,0.000000,0,true,converged,86.579683,86.272641,0.560461,0.000000,0.000000
rep_d90_s45_r6,6,replication,baseline,9055006,25,51,90.0,45.0,0.0,true,2338,0,86.874186,0.000000,1,0,0.000000,0,true,converged,87.121124,86.617594,0.567458,0.000000,0.000000
rep_d90_s45_r7,7,replication,baseline,9055007,20,51,90.0,45.0,0.0,true,2335,0,87.216714,0.000000,1,0,0.000000,0,true,converged,87.683385,86.713287,0.569993,0.000000,0.000000
rep_d90_s45_r8,8,replication,baseline,9055008,28,51,90.0,45.0,0.0,true,2334,0,86.477502,0.000000,1,0,0.000000,0,true,converged,86.785010,86.155342,0.535307,0.000000,0.000000
rep_d90_s45_r9,9,replication,baseline,9055009,28,51,90.0,45.0,0.0,true,2334,0,87.279194,0.000000,1,0,0.000000,0,true,converged,87.026962,87.521805,0.572155,0.000000,0.000000
rep_d90_s45_r10,10,replication,baseline,9055010,23,51,90.0,45.0,0.0,true,2350,0,86.304094,0.000000,1,0,0.000000,0,true,converged,85.872844,86.709795,0.515448,0.000000,0.000000
rep_d90_s45_r11,11,replication,baseline,9055011,20,51,90.0,45.0,0.0,true,2356,0,86.188038,0.000000,1,0,0.000000,0,true,converged,86.549575,85.806529,0.534354,0.000000,0.000000
rep_d90_s45_r12,12,replication,baseline,9055012,23,51,90.0,45.0,0.0,true,2335,0,86.365784,0.000000,2,0,0.000000,0,true,converged,86.362562,86.369005,0.530940,0.000000,0.000000
rep_d90_s45_r13,13,replication,baseline,9055013,30,51,90.0,45.0,0.0,true,2347,0,85.331304,0.000000,1,0,0.000000,0,true,converged,84.832345,85.798481,0.520151,0.000000,0.000000
rep_d90_s45_r14,14,replication,baseline,9055014,18,51,90.0,45.0,0.0,true,2316,0,86.208962,0.000000,4,0,0.000000,0,true,converged,85.965126,86.444471,0.538614,0.000000,0.000000
rep_d90_s45_r15,15,replication,baseline,9055015,16,51,90.0,45.0,0.0,true,2330,0,86.126618,0.000000,3,0,0.000000,0,true,converged,86.151292,86.101856,0.529606,0.000000,0.000000
rep_d90_s45_r16,16,replication,baseline,9055016,19,51,90.0,45.0,0.0,true,2349,0,86.751085,0.000000,1,0,0.000000,0,true,converged,86.502628,86.990560,0.590040,0.000000,0.000000
rep_d90_s45_r17,17,replication,baseline,9055017,21,51,90.0,45.0,0.0,true,2349,0,86.526562,0.000000,1,0,0.000000,0,true,converged,86.029056,86.989853,0.566193,0.000000,0.000000
rep_d90_s45_r18,18,replication,baseline,9055018,25,51,90.0,45.0,0.0,true,2326,0,86.832402,0.000000,1,0,0.000000,0,true,converged,86.984127,86.677097,0.562293,0.000000,0.000000
rep_d90_s45_r19,19,replication,baseline,9055019,18,51,90.0,45.0,0.0,true,2320,0,85.467833,0.000000,1,0,0.000000,0,true,converged,85.626259,85.305875,0.511497,0.000000,0.000000
rep_d90_s45_r20,20,replication,baseline,9055020,19,51,90.0,45.0,0.0,true,2347,0,87.085433,0.000000,2,0,0.000000,0,true,converged,87.321675,86.840220,0.580394,0.000000,0.000000
rep_d90_s45_r21,21,replication,baseline,9055021,16,51,90.0,45.0,0.0,true,2342,0,85.067607,0.000000,2,0,0.000000,0,true,converged,85.191231,84.941902,0.530487,0.000000,0.000000
rep_d90_s45_r22,22,replication,baseline,9055022,21,51,90.0,45.0,0.0,true,2351,0,85.746050,0.000000,1,0,0.000000,0,true,converged,85.797575,85.694151,0.536960,0.000000,0.000000
rep_d90_s45_r23,23,replication,baseline,9055023,19,51,90.0,45.0,0.0,true,2359,0,87.484051,0.000000,2,0,0.000000,0,true,converged,87.484051,87.484051,0.570977,0.000000,0.000000
rep_d90_s45_r24,24,replication,baseline,9055024,17,51,90.0,45.0,0.0,true,2305,0,85.394080,0.000000,1,0,0.000000,0,true,converged,85.576807,85.206663,0.482363,0.000000,0.000000
rep_d90_s45_r25,25,replication,baseline,9055025,22,51,90.0,45.0,0.0,true,2313,0,86.468527,0.000000,1,0,0.000000,0,true,converged,86.577181,86.358100,0.538491,0.000000,0.000000
rep_d90_s45_r26,26,replication,baseline,9055026,19,51,90.0,45.0,0.0,true,2337,0,86.607460,0.000000,1,0,0.000000,0,true,converged,86.792012,86.417677,0.570524,0.000000,0.000000
rep_d90_s45_r27,27,replication,baseline,9055027,19,51,90.0,45.0,0.0,true,2330,0,85.331587,0.000000,1,0,0.000000,0,true,converged,85.135135,85.522914,0.529130,0.000000,0.000000
rep_d90_s45_r28,28,replication,baseline,9055028,22,51,90.0,45.0,0.0,true,2351,0,87.358732,0.000000,1,0,0.000000,0,true,converged,87.314393,87.402763,0.554115,0.000000,0.000000
rep_d90_s45_r29,29,replication,baseline,9055029,23,51,90.0,45.0,0.0,true,2364,0,85.684599,0.000000,1,0,0.000000,0,true,converged,85.841516,85.524165,0.525725,0.000000,0.000000
rep_d90_s50_r0,0,replication,baseline,9060000,18,51,90.0,50.0,0.0,true,2366,0,85.298533,0.000000,1,0,0.000000,0,true,converged,85.875957,84.671884,0.530412,0.000000,0.000000
rep_d90_s50_r1,1,replication,baseline,9060001,17,51,90.0,50.0,0.0,true,2323,0,87.020437,0.000000,2,0,0.000000,0,true,converged,86.769006,87.262491,0.577836,0.000000,0.000000
rep_d90_s50_r2,2,replication,baseline,9060002,24,51,90.0,50.0,0.0,true,2315,0,87.862384,0.000000,1,0,0.000000,0,true,converged,88.012356,87.708612,0.587193,0.000000,0.000000
rep_d90_s50_r3,3,replication,baseline,9060003,19,51,90.0,50.0,0.0,true,2322,0,86.160287,0.000000,2,0,0.000000,0,true,converged,85.756494,86.541817,0.520648,0.000000,0.000000
rep_d90_s50_r4,4,replication,baseline,9060004,21,51,90.0,50.0,0.0,true,2349,0,86.987022,0.000000,1,0,0.000000,0,true,converged,86.665868,87.293070,0.549764,0.000000,0.000000
rep_d90_s50_r5,5,replication,baseline,9060005,19,51,90.0,50.0,0.0,true,2349,0,86.078913,0.000000,1,0,0.000000,0,true,converged,85.933988,86.220883,0.528463,0.000000,0.000000
rep_d90_s50_r6,6,replication,baseline,9060006,28,51,90.0,50.0,0.0,true,2340,0,87.554663,0.000000,1,0,0.000000,0,true,converged,87.682770,87.423862,0.609903,0.000000,0.000000
rep_d90_s50_r7,7,replication,baseline,9060007,22,51,90.0,50.0,0.0,true,2322,0,86.163221,0.000000,1,0,0.000000,0,true,converged,86.591014,85.707233,0.509768,0.000000,0.000000
rep_d90_s50_r8,8,replication,baseline,9060008,20,51,90.0,50.0,0.0,true,2364,0,86.997581,0.000000,1,0,0.000000,0,true,converged,86.907109,87.086812,0.570588,0.000000,0.000000
rep_d90_s50_r9,9,replication,baseline,9060009,28,51,90.0,50.0,0.0,true,2341,0,87.790218,0.000000,1,0,0.000000,0,true,converged,88.056260,87.512054,0.567650,0.000000,0.000000
rep_d90_s50_r10,10,replication,baseline,9060010,23,51,90.0,50.0,0.0,true,2350,0,86.407200,0.000000,1,0,0.000000,0,true,converged,86.599839,86.208941,0.533098,0.000000,0.000000
rep_d90_s50_r11,11,replication,baseline,9060011,31,51,90.0,50.0,0.0,true,2312,0,86.552803,0.000000,1,0,0.000000,0,true,converged,85.873136,87.170071,0.524786,0.000000,0.000000
rep_d90_s50_r12,12,replication,baseline,9060012,21,51,90.0,50.0,0.0,true,2363,0,86.627233,0.000000,1,0,0.000000,0,true,converged,86.324279,86.917054,0.534150,0.000000,0.000000
rep_d90_s50_r13,13,replication,baseline,9060013,20,51,90.0,50.0,0.0,true,2308,0,87.457872,0.000000,1,0,0.000000,0,true,converged,87.795737,87.100768,0.593688,0.000000,0.000000
rep_d90_s50_r14,14,replication,baseline,9060014,21,51,90.0,50.0,0.0,true,2348,0,87.573202,0.000000,1,0,0.000000,0,true,converged,87.632591,87.513240,0.623509,0.000000,0.000000
rep_d90_s50_r15,15,replication,baseline,9060015,22,51,90.0,50.0,0.0,true,2367,0,86.736455,0.000000,1,0,0.000000,0,true,converged,86.830383,86.641177,0.561535,0.000000,0.000000
rep_d90_s50_r16,16,replication,baseline,9060016,23,51,90.0,50.0,0.0,true,2302,0,85.842970,0.000000,1,0,0.000000,0,true,converged,85.721301,85.962583,0.502213,0.000000,0.000000
rep_d90_s50_r17,17,replication,baseline,9060017,24,51,90.0,50.0,0.0,true,2325,0,87.538792,0.000000,1,0,0.000000,0,true,converged,87.508973,87.568469,0.579244,0.000000,0.000000
rep_d90_s50_r18,18,replication,baseline,9060018,23,51,90.0,50.0,0.0,true,2348,0,85.930178,0.000000,1,0,0.000000,0,true,converged,86.117212,85.738036,0.540826,0.000000,0.000000
rep_d90_s50_r19,19,replication,baseline,9060019,25,51,90.0,50.0,0.0,true,2330,0,87.891043,0.000000,2,0,0.000000,0,true,converged,87.773240,88.006598,0.603141,0.000000,0.000000
rep_d90_s50_r20,20,replication,baseline,9060020,18,51,90.0,50.0,0.0,true,2347,0,86.172462,0.000000,1,0,0.000000,0,true,converged,85.946269,86.391490,0.553935,0.000000,0.000000
rep_d90_s50_r21,21,replication,baseline,9060021,21,51,90.0,50.0,0.0,true,2355,0,86.000699,0.000000,2,0,0.000000,0,true,converged,86.304026,85.683633,0.526244,0.000000,0.000000
rep_d90_s50_r22,22,replication,baseline,9060022,19,51,90.0,50.0,0.0,true,2341,0,87.081227,0.000000,1,0,0.000000,0,true,converged,87.275674,86.880745,0.581680,0.000000,0.000000
rep_d90_s50_r23,23,replication,baseline,9060023,21,51,90.0,50.0,0.0,true,2345,0,86.536883,0.000000,1,0,0.000000,0,true,converged,86.623165,86.449481,0.571874,0.000000,0.000000
rep_d90_s50_r24,24,replication,baseline,9060024,15,51,90.0,50.0,0.0,true,2306,0,86.758989,0.000000,1,0,0.000000,0,true,converged,86.586266,86.927321,0.571686,0.000000,0.000000
rep_d90_s50_r25,25,replication,baseline,9060025,23,51,90.0,50.0,0.0,true,2342,0,86.282096,0.000000,1,0,0.000000,0,true,converged,86.895161,85.608856,0.521520,0.000000,0.000000
rep_d90_s50_r26,26,replication,baseline,9060026,18,51,90.0,50.0,0.0,true,2347,0,86.685420,0.000000,1,0,0.000000,0,true,converged,86.296743,87.052656,0.558605,0.000000,0.000000
rep_d90_s50_r27,27,replication,baseline,9060027,22,51,90.0,50.0,0.0,true,2363,0,86.196956,0.000000,3,0,0.000000,0,true,converged,86.227132,86.166647,0.576296,0.000000,0.000000
rep_d90_s50_r28,28,replication,baseline,9060028,21,51,90.0,50.0,0.0,true,2330,0,86.586812,0.000000,1,0,0.000000,0,true,converged,87.090515,86.042207,0.567125,0.000000,0.000000
rep_d90_s50_r29,29,replication,baseline,9060029,19,51,90.0,50.0,0.0,true,2357,0,86.158487,0.000000,1,0,0.000000,0,true,converged,86.487711,85.812820,0.518051,0.000000,0.000000
rep_d90_s55_r0,0,replication,baseline,9065000,49,51,90.0,55.0,0.0,true,2372,0,94.826600,0.000000,1,0,0.000000,0,true,converged,94.986690,94.655947,0.714732,0.000000,0.000000
rep_d90_s55_r1,1,replication,baseline,9065001,52,51,90.0,55.0,0.0,true,2344,0,94.686217,0.000000,1,0,0.000000,0,true,converged,94.730720,94.640956,0.686300,0.000000,0.000000
rep_d90_s55_r2,2,replication,baseline,9065002,84,51,90.0,55.0,0.0,true,2339,0,94.437257,0.000000,2,0,0.000000,0,true,converged,94.228188,94.631710,0.682379,0.000000,0.000000
rep_d90_s55_r3,3,replication,baseline,9065003,40,51,90.0,55.0,0.0,true,2340,0,93.797721,0.000000,1,0,0.000000,0,true,converged,93.979475,93.604651,0.667556,0.000000,0.000000
rep_d90_s55_r4,4,replication,baseline,9065004,77,51,90.0,55.0,0.0,true,2354,0,94.118331,0.000000,1,0,0.000000,0,true,converged,93.973321,94.256527,0.668057,0.000000,0.000000
rep_d90_s55_r5,5,replication,baseline,9065005,61,51,90.0,55.0,0.0,true,2356,0,94.486449,0.000000,1,0,0.000000,0,true,converged,94.462617,94.510076,0.748751,0.000000,0.000000
rep_d90_s55_r6,6,replication,baseline,9065006,63,51,90.0,55.0,0.0,true,2344,0,93.984082,0.000000,1,0,0.000000,0,true,converged,93.808721,94.149784,0.713922,0.000000,0.000000
rep_d90_s55_r7,7,replication,baseline,9065007,33,51,90.0,55.0,0.0,true,2339,0,93.823529,0.000000,1,0,0.000000,0,true,converged,93.934142,93.708808,0.703791,0.000000,0.000000
rep_d90_s55_r8,8,replication,baseline,9065008,47,51,90.0,55.0,0.0,true,2353,0,94.600256,0.000000,1,0,0.000000,0,true,converged,94.617169,94.583236,0.688791,0.000000,0.000000
rep_d90_s55_r9,9,replication,baseline,9065009,56,51,90.0,55.0,0.0,true,2347,0,93.585699,0.000000,1,0,0.000000,0,true,converged,93.754977,93.406989,0.654413,0.000000,0.000000
rep_d90_s55_r10,10,replication,baseline,9065010,52,51,90.0,55.0,0.0,true,2307,0,93.790021,0.000000,2,0,0.000000,0,true,converged,93.793770,93.786267,0.683504,0.000000,0.000000
rep_d90_s55_r11,11,replication,baseline,9065011,65,51,90.0,55.0,0.0,true,2367,0,94.630718,0.000000,1,0,0.000000,0,true,converged,94.545880,94.712957,0.706260,0.000000,0.000000
rep_d90_s55_r12,12,replication,baseline,9065012,45,51,90.0,55.0,0.0,true,2320,0,94.034668,0.000000,1,0,0.000000,0,true,converged,94.081366,93.987227,0.683252,0.000000,0.000000
rep_d90_s55_r13,13,replication,baseline,9065013,59,51,90.0,55.0,0.0,true,2347,0,94.811266,0.000000,1,0,0.000000,0,true,converged,94.839609,94.782609,0.712849,0.000000,0.000000
rep_d90_s55_r14,14,replication,baseline,9065014,43,51,90.0,55.0,0.0,true,2318,0,93.166287,0.000000,1,0,0.000000,0,true,converged,92.978566,93.344232,0.683798,0.000000,0.000000
rep_d90_s55_r15,15,replication,baseline,9065015,58,51,90.0,55.0,0.0,true,2349,0,93.470389,0.000000,1,0,0.000000,0,true,converged,93.641224,93.290121,0.678224,0.000000,0.000000
rep_d90_s55_r16,16,replication,baseline,9065016,51,51,90.0,55.0,0.0,true,2351,0,93.585258,0.000000,1,0,0.000000,0,true,converged,93.647494,93.521790,0.705905,0.000000,0.000000
rep_d90_s55_r17,17,replication,baseline,9065017,61,51,90.0,55.0,0.0,true,2336,0,93.889348,0.000000,1,0,0.000000,0,true,converged,93.868371,93.910181,0.678150,0.000000,0.000000
rep_d90_s55_r18,18,replication,baseline,9065018,55,51,90.0,55.0,0.0,true,2369,0,93.640023,0.000000,2,0,0.000000,0,true,converged,93.540474,93.736550,0.609933,0.000000,0.000000
rep_d90_s55_r19,19,replication,baseline,9065019,59,51,90.0,55.0,0.0,true,2339,0,94.033890,0.000000,2,0,0.000000,0,true,converged,93.997869,94.069482,0.722456,0.000000,0.000000
rep_d90_s55_r20,20,replication,baseline,9065020,84,51,90.0,55.0,0.0,true,2355,0,93.716546,0.000000,2,0,0.000000,0,true,converged,93.822924,93.606441,0.740085,0.000000,0.000000
rep_d90_s55_r21,21,replication,baseline,9065021,37,51,90.0,55.0,0.0,true,2344,0,93.574438,0.000000,1,0,0.000000,0,true,converged,93.410155,93.730730,0.649504,0.000000,0.000000
rep_d90_s55_r22,22,replication,baseline,9065022,46,51,90.0,55.0,0.0,true,2328,0,95.449698,0.000000,1,0,0.000000,0,true,converged,95.452392,95.447000,0.719727,0.000000,0.000000
rep_d90_s55_r23,23,replication,baseline,9065023,43,51,90.0,55.0,0.0,true,2333,0,93.620547,0.000000,1,0,0.000000,0,true,converged,93.558026,93.681866,0.683776,0.000000,0.000000
rep_d90_s55_r24,24,replication,baseline,9065024,54,51,90.0,55.0,0.0,true,2337,0,93.377327,0.000000,2,0,0.000000,0,true,converged,93.513389,93.235436,0.661851,0.000000,0.000000
rep_d90_s55_r25,25,replication,baseline,9065025,34,51,90.0,55.0,0.0,true,2332,0,93.617525,0.000000,1,0,0.000000,0,true,converged,93.475366,93.753622,0.668068,0.000000,0.000000
rep_d90_s55_r26,26,replication,baseline,9065026,69,51,90.0,55.0,0.0,true,2353,0,93.978145,0.000000,1,0,0.000000,0,true,converged,93.763544,94.178467,0.640376,0.000000,0.000000
rep_d90_s55_r27,27,replication,baseline,9065027,39,51,90.0,55.0,0.0,true,2353,0,93.959184,0.000000,1,0,0.000000,0,true,converged,94.019857,93.897267,0.684769,0.000000,0.000000
rep_d90_s55_r28,28,replication,baseline,9065028,56,51,90.0,55.0,0.0,true,2340,0,94.087977,0.000000,1,0,0.000000,0,true,converged,93.942308,94.226804,0.719938,0.000000,0.000000
rep_d90_s55_r29,29,replication,baseline,9065029,71,51,90.0,55.0,0.0,true,2332,0,94.004257,0.000000,1,0,0.000000,0,true,converged,94.146172,93.855290,0.708609,0.000000,0.000000
rep_d90_s60_r0,0,replication,baseline,9070000,199,51,90.0,60.0,0.0,true,2334,0,98.074439,0.000000,1,0,0.000000,0,true,converged,98.082768,98.066038,0.785823,0.000000,0.000000
rep_d90_s60_r1,1,replication,baseline,9070001,127,51,90.0,60.0,0.0,true,2326,0,97.799598,0.000000,1,0,0.000000,0,true,converged,97.840724,97.756874,0.740403,0.000000,0.000000
rep_d90_s60_r2,2,replication,baseline,9070002,162,51,90.0,60.0,0.0,true,2352,0,98.124132,0.000000,1,0,0.000000,0,true,converged,98.140069,98.107919,0.778159,0.000000,0.000000
rep_d90_s60_r3,3,replication,baseline,9070003,101,51,90.0,60.0,0.0,true,2339,0,97.952019,0.000000,1,0,0.000000,0,true,converged,97.951060,97.952977,0.796482,0.000000,0.000000
rep_d90_s60_r4,4,replication,baseline,9070004,157,51,90.0,60.0,0.0,true,2342,0,97.652143,0.000000,1,0,0.000000,0,true,converged,97.653240,97.651046,0.774544,0.000000,0.000000
rep_d90_s60_r5,5,replication,baseline,9070005,128,51,90.0,60.0,0.0,true,2344,0,97.854978,0.000000,1,0,0.000000,0,true,converged,97.893291,97.815246,0.763429,0.000000,0.000000
rep_d90_s60_r6,6,replication,baseline,9070006,120,51,90.0,60.0,0.0,true,2348,0,98.153310,0.000000,1,0,0.000000,0,true,converged,98.099223,98.204404,0.793659,0.000000,0.000000
rep_d90_s60_r7,7,replication,baseline,9070007,202,51,90.0,60.0,0.0,true,2351,0,98.065786,0.000000,1,0,0.000000,0,true,converged,98.072261,98.059268,0.791410,0.000000,0.000000
rep_d90_s60_r8,8,replication,baseline,9070008,153,51,90.0,60.0,0.0,true,2321,0,97.553154,0.000000,2,0,0.000000,0,true,converged,97.651083,97.446703,0.741736,0.000000,0.000000
rep_d90_s60_r9,9,replication,baseline,9070009,166,51,90.0,60.0,0.0,true,2344,0,98.077371,0.000000,1,0,0.000000,0,true,converged,98.174577,97.969231,0.743865,0.000000,0.000000
rep_d90_s60_r10,10,replication,baseline,9070010,104,51,90.0,60.0,0.0,true,2329,0,97.744982,0.000000,1,0,0.000000,0,true,converged,97.723752,97.765821,0.769344,0.000000,0.000000
rep_d90_s60_r11,11,replication,baseline,9070011,189,51,90.0,60.0,0.0,true,2334,0,98.133803,0.000000,1,0,0.000000,0,true,converged,98.127870,98.139698,0.815767,0.000000,0.000000
rep_d90_s60_r12,12,replication,baseline,9070012,87,51,90.0,60.0,0.0,true,2332,0,97.975994,0.000000,1,0,0.000000,0,true,converged,97.963051,97.988775,0.781421,0.000000,0.000000
rep_d90_s60_r13,13,replication,baseline,9070013,110,51,90.0,60.0,0.0,true,2351,0,97.830878,0.000000,1,0,0.000000,0,true,converged,97.958292,97.686503,0.768175,0.000000,0.000000
rep_d90_s60_r14,14,replication,baseline,9070014,120,51,90.0,60.0,0.0,true,2314,0,98.030556,0.000000,1,0,0.000000,0,true,converged,97.984117,98.074904,0.743384,0.000000,0.000000
rep_d90_s60_r15,15,replication,baseline,9070015,155,51,90.0,60.0,0.0,true,2333,0,97.931359,0.000000,1,0,0.000000,0,true,converged,97.897252,97.964377,0.801353,0.000000,0.000000
rep_d90_s60_r16,16,replication,baseline,9070016,237,51,90.0,60.0,0.0,true,2337,0,98.067463,0.000000,1,0,0.000000,0,true,converged,98.098421,98.035480,0.803582,0.000000,0.000000
rep_d90_s60_r17,17,replication,baseline,9070017,180,51,90.0,60.0,0.0,true,2319,0,97.990726,0.000000,3,0,0.000000,0,true,converged,98.027775,97.952260,0.788256,0.000000,0.000000
rep_d90_s60_r18,18,replication,baseline,9070018,145,51,90.0,60.0,0.0,true,2302,0,97.573929,0.000000,1,0,0.000000,0,true,converged,97.635572,97.508985,0.758666,0.000000,0.000000
rep_d90_s60_r19,19,replication,baseline,9070019,353,51,90.0,60.0,0.0,true,2341,0,98.025932,0.000000,1,0,0.000000,0,true,converged,97.959676,98.088019,0.791528,0.000000,0.000000
rep_d90_s60_r20,20,replication,baseline,9070020,164,51,90.0,60.0,0.0,true,2354,0,97.953757,0.000000,1,0,0.000000,0,true,converged,98.041819,97.857402,0.817914,0.000000,0.000000
rep_d90_s60_r21,21,replication,baseline,9070021,201,51,90.0,60.0,0.0,true,2349,0,97.724898,0.000000,1,0,0.000000,0,true,converged,97.702766,97.746608,0.777255,0.000000,0.000000
rep_d90_s60_r22,22,replication,baseline,9070022,188,51,90.0,60.0,0.0,true,2354,0,98.104046,0.000000,1,0,0.000000,0,true,converged,98.118403,98.089469,0.803238,0.000000,0.000000
rep_d90_s60_r23,23,replication,baseline,9070023,124,51,90.0,60.0,0.0,true,2331,0,97.893126,0.000000,2,0,0.000000,0,true,converged,97.964290,97.816807,0.789337,0.000000,0.000000
rep_d90_s60_r24,24,replication,baseline,9070024,160,51,90.0,60.0,0.0,true,2322,0,97.961119,0.000000,2,0,0.000000,0,true,converged,97.992062,97.929208,0.774511,0.000000,0.000000
rep_d90_s60_r25,25,replication,baseline,9070025,180,51,90.0,60.0,0.0,true,2331,0,97.784586,0.000000,1,0,0.000000,0,true,converged,97.814970,97.753346,0.801293,0.000000,0.000000
rep_d90_s60_r26,26,replication,baseline,9070026,177,51,90.0,60.0,0.0,true,2328,0,97.789337,0.000000,1,0,0.000000,0,true,converged,97.806452,97.771953,0.763540,0.000000,0.000000
rep_d90_s60_r27,27,replication,baseline,9070027,108,51,90.0,60.0,0.0,true,2349,0,97.991408,0.000000,1,0,0.000000,0,true,converged,98.017192,97.964945,0.774790,0.000000,0.000000
rep_d90_s60_r28,28,replication,baseline,9070028,155,51,90.0,60.0,0.0,true,2339,0,97.880810,0.000000,1,0,0.000000,0,true,converged,97.913064,97.847544,0.785701,0.000000,0.000000
rep_d90_s60_r29,29,replication,baseline,9070029,137,51,90.0,60.0,0.0,true,2345,0,97.892163,0.000000,1,0,0.000000,0,true,converged,97.827392,97.953183,0.791763,0.000000,0.000000
rep_d90_s65_r0,0,replication,baseline,9075000,91,51,90.0,65.0,0.0,true,2336,0,98.188829,0.000000,1,0,0.000000,0,true,converged,98.189464,98.188194,0.839168,0.000000,0.000000
rep_d90_s65_r1,1,replication,baseline,9075001,147,51,90.0,65.0,0.0,true,2338,0,98.239478,0.000000,2,0,0.000000,0,true,converged,98.294749,98.180504,0.808901,0.000000,0.000000
rep_d90_s65_r2,2,replication,baseline,9075002,149,51,90.0,65.0,0.0,true,2336,0,98.186498,0.000000,1,0,0.000000,0,true,converged,98.238036,98.131855,0.792419,0.000000,0.000000
rep_d90_s65_r3,3,replication,baseline,9075003,162,51,90.0,65.0,0.0,true,2337,0,98.411957,0.000000,1,0,0.000000,0,true,converged,98.463277,98.357091,0.763950,0.000000,0.000000
rep_d90_s65_r4,4,replication,baseline,9075004,189,51,90.0,65.0,0.0,true,2328,0,98.271402,0.000000,1,0,0.000000,0,true,converged,98.245195,98.296837,0.819330,0.000000,0.000000
rep_d90_s65_r5,5,replication,baseline,9075005,122,51,90.0,65.0,0.0,true,2320,0,98.281991,0.000000,1,0,0.000000,0,true,converged,98.287469,98.276477,0.796609,0.000000,0.000000
rep_d90_s65_r6,6,replication,baseline,9075006,127,51,90.0,65.0,0.0,true,2333,0,98.029557,0.000000,1,0,0.000000,0,true,converged,98.034168,98.024924,0.779786,0.000000,0.000000
rep_d90_s65_r7,7,replication,baseline,9075007,157,51,90.0,65.0,0.0,true,2355,0,98.642742,0.000000,1,0,0.000000,0,true,converged,98.618914,98.665762,0.871046,0.000000,0.000000
rep_d90_s65_r8,8,replication,baseline,9075008,187,51,90.0,65.0,0.0,true,2353,0,98.501441,0.000000,1,0,0.000000,0,true,converged,98.548135,98.451644,0.822526,0.000000,0.000000
rep_d90_s65_r9,9,replication,baseline,9075009,122,51,90.0,65.0,0.0,true,2324,0,98.314474,0.000000,1,0,0.000000,0,true,converged,98.242163,98.381071,0.793845,0.000000,0.000000
rep_d90_s65_r10,10,replication,baseline,9075010,107,51,90.0,65.0,0.0,true,2326,0,97.994810,0.000000,1,0,0.000000,0,true,converged,98.009368,97.980038,0.804788,0.000000,0.000000
rep_d90_s65_r11,11,replication,baseline,9075011,91,51,90.0,65.0,0.0,true,2327,0,98.447424,0.000000,1,0,0.000000,0,true,converged,98.446693,98.448154,0.856440,0.000000,0.000000
rep_d90_s65_r12,12,replication,baseline,9075012,185,51,90.0,65.0,0.0,true,2311,0,98.172480,0.000000,2,0,0.000000,0,true,converged,98.157736,98.186989,0.735853,0.000000,0.000000
rep_d90_s65_r13,13,replication,baseline,9075013,151,51,90.0,65.0,0.0,true,2342,0,98.348453,0.000000,1,0,0.000000,0,true,converged,98.322703,98.373425,0.801291,0.000000,0.000000
rep_d90_s65_r14,14,replication,baseline,9075014,136,51,90.0,65.0,0.0,true,2340,0,98.123324,0.000000,1,0,0.000000,0,true,converged,98.155573,98.089928,0.774731,0.000000,0.000000
rep_d90_s65_r15,15,replication,baseline,9075015,277,51,90.0,65.0,0.0,true,2366,0,98.722336,0.000000,2,0,0.000000,0,true,converged,98.716479,98.728140,0.832735,0.000000,0.000000
rep_d90_s65_r16,16,replication,baseline,9075016,106,51,90.0,65.0,0.0,true,2331,0,98.155545,0.000000,1,0,0.000000,0,true,converged,98.108662,98.200160,0.806348,0.000000,0.000000
rep_d90_s65_r17,17,replication,baseline,9075017,146,51,90.0,65.0,0.0,true,2361,0,98.325112,0.000000,1,0,0.000000,0,true,converged,98.369080,98.278708,0.756990,0.000000,0.000000
rep_d90_s65_r18,18,replication,baseline,9075018,84,51,90.0,65.0,0.0,true,2331,0,98.487868,0.000000,1,0,0.000000,0,true,converged,98.476438,98.499127,0.814427,0.000000,0.000000
rep_d90_s65_r19,19,replication,baseline,9075019,98,51,90.0,65.0,0.0,true,2322,0,98.525943,0.000000,1,0,0.000000,0,true,converged,98.553073,98.497777,0.818307,0.000000,0.000000
rep_d90_s65_r20,20,replication,baseline,9075020,130,51,90.0,65.0,0.0,true,2341,0,98.312776,0.000000,1,0,0.000000,0,true,converged,98.325442,98.299918,0.804490,0.000000,0.000000
rep_d90_s65_r21,21,replication,baseline,9075021,190,51,90.0,65.0,0.0,true,2369,0,98.678815,0.000000,1,0,0.000000,0,true,converged,98.655228,98.701589,0.845300,0.000000,0.000000
rep_d90_s65_r22,22,replication,baseline,9075022,161,51,90.0,65.0,0.0,true,2346,0,98.632518,0.000000,1,0,0.000000,0,true,converged,98.635523,98.629501,0.812443,0.000000,0.000000
rep_d90_s65_r23,23,replication,baseline,9075023,107,51,90.0,65.0,0.0,true,2338,0,98.366585,0.000000,1,0,0.000000,0,true,converged,98.322550,98.408367,0.803614,0.000000,0.000000
rep_d90_s65_r24,24,replication,baseline,9075024,108,51,90.0,65.0,0.0,true,2374,0,98.491550,0.000000,2,0,0.000000,0,true,converged,98.521729,98.460113,0.799223,0.000000,0.000000
rep_d90_s65_r25,25,replication,baseline,9075025,109,51,90.0,65.0,0.0,true,2357,0,98.158591,0.000000,1,0,0.000000,0,true,converged,98.143421,98.173516,0.804162,0.000000,0.000000
rep_d90_s65_r26,26,replication,baseline,9075026,130,51,90.0,65.0,0.0,true,2337,0,98.354342,0.000000,1,0,0.000000,0,true,converged,98.321229,98.386174,0.798238,0.000000,0.000000
rep_d90_s65_r27,27,replication,baseline,9075027,280,51,90.0,65.0,0.0,true,2375,0,98.367532,0.000000,1,0,0.000000,0,true,converged,98.367717,98.367347,0.810499,0.000000,0.000000
rep_d90_s65_r28,28,replication,baseline,9075028,151,51,90.0,65.0,0.0,true,2323,0,98.323495,0.000000,1,0,0.000000,0,true,converged,98.308718,98.338015,0.761622,0.000000,0.000000
rep_d90_s65_r29,29,replication,baseline,9075029,143,51,90.0,65.0,0.0,true,2326,0,98.232591,0.000000,1,0,0.000000,0,true,converged,98.162665,98.297389,0.761388,0.000000,0.000000
rep_d90_s70_r0,0,replication,baseline,9080000,213,51,90.0,70.0,0.0,true,2346,0,99.599130,0.000000,4,0,0.000000,0,true,converged,99.590787,99.607139,0.879532,0.000000,0.000000
rep_d90_s70_r1,1,replication,baseline,9080001,264,51,90.0,70.0,0.0,true,2355,0,99.658742,0.000000,1,0,0.000000,0,true,converged,99.658625,99.658858,0.893002,0.000000,0.000000
rep_d90_s70_r2,2,replication,baseline,9080002,166,51,90.0,70.0,0.0,true,2344,0,99.620995,0.000000,1,0,0.000000,0,true,converged,99.616947,99.624957,0.873344,0.000000,0.000000
rep_d90_s70_r3,3,replication,baseline,9080003,285,51,90.0,70.0,0.0,true,2346,0,99.620908,0.000000,2,0,0.000000,0,true,converged,99.620122,99.621690,0.874929,0.000000,0.000000
rep_d90_s70_r4,4,replication,baseline,9080004,353,51,90.0,70.0,0.0,true,2363,0,99.638091,0.000000,1,0,0.000000,0,true,converged,99.631336,99.644602,0.892459,0.000000,0.000000
rep_d90_s70_r5,5,replication,baseline,9080005,136,51,90.0,70.0,0.0,true,2337,0,99.585397,0.000000,1,0,0.000000,0,true,converged,99.599466,99.570303,0.890940,0.000000,0.000000
rep_d90_s70_r6,6,replication,baseline,9080006,142,51,90.0,70.0,0.0,true,2343,0,99.470290,0.000000,2,0,0.000000,0,true,converged,99.452381,99.487065,0.845235,0.000000,0.000000
rep_d90_s70_r7,7,replication,baseline,9080007,295,51,90.0,70.0,0.0,true,2356,0,99.544263,0.000000,1,0,0.000000,0,true,converged,99.542753,99.545764,0.857976,0.000000,0.000000
rep_d90_s70_r8,8,replication,baseline,9080008,266,51,90.0,70.0,0.0,true,2354,0,99.714970,0.000000,1,0,0.000000,0,true,converged,99.715812,99.714122,0.892947,0.000000,0.000000
rep_d90_s70_r9,9,replication,baseline,9080009,210,51,90.0,70.0,0.0,true,2329,0,99.605202,0.000000,1,0,0.000000,0,true,converged,99.605660,99.604743,0.861755,0.000000,0.000000
rep_d90_s70_r10,10,replication,baseline,9080010,453,51,90.0,70.0,0.0,true,2349,0,99.657182,0.000000,1,0,0.000000,0,true,converged,99.661323,99.652938,0.855490,0.000000,0.000000
rep_d90_s70_r11,11,replication,baseline,9080011,203,51,90.0,70.0,0.0,true,2327,0,99.558037,0.000000,1,0,0.000000,0,true,converged,99.546864,99.568672,0.855350,0.000000,0.000000
rep_d90_s70_r12,12,replication,baseline,9080012,355,51,90.0,70.0,0.0,true,2340,0,99.550225,0.000000,1,0,0.000000,0,true,converged,99.540906,99.559173,0.852393,0.000000,0.000000
rep_d90_s70_r13,13,replication,baseline,9080013,198,51,90.0,70.0,0.0,true,2307,0,99.598061,0.000000,1,0,0.000000,0,true,converged,99.588776,99.606936,0.869623,0.000000,0.000000
rep_d90_s70_r14,14,replication,baseline,9080014,282,51,90.0,70.0,0.0,true,2354,0,99.726869,0.000000,1,0,0.000000,0,true,converged,99.728076,99.725652,0.924317,0.000000,0.000000
rep_d90_s70_r15,15,replication,baseline,9080015,224,51,90.0,70.0,0.0,true,2331,0,99.593779,0.000000,1,0,0.000000,0,true,converged,99.592407,99.595142,0.858365,0.000000,0.000000
rep_d90_s70_r16,16,replication,baseline,9080016,286,51,90.0,70.0,0.0,true,2334,0,99.526559,0.000000,1,0,0.000000,0,true,converged,99.512775,99.539585,0.849626,0.000000,0.000000
rep_d90_s70_r17,17,replication,baseline,9080017,577,51,90.0,70.0,0.0,true,2362,0,99.671314,0.000000,1,0,0.000000,0,true,converged,99.676159,99.666321,0.866738,0.000000,0.000000
rep_d90_s70_r18,18,replication,baseline,9080018,374,51,90.0,70.0,0.0,true,2366,0,99.536985,0.000000,1,0,0.000000,0,true,converged,99.521196,99.551766,0.906257,0.000000,0.000000
rep_d90_s70_r19,19,replication,baseline,9080019,376,51,90.0,70.0,0.0,true,2338,0,99.492327,0.000000,1,0,0.000000,0,true,converged,99.483447,99.500907,0.859834,0.000000,0.000000
rep_d90_s70_r20,20,replication,baseline,9080020,340,51,90.0,70.0,0.0,true,2333,0,99.594907,0.000000,2,0,0.000000,0,true,converged,99.591074,99.598670,0.873106,0.000000,0.000000
rep_d90_s70_r21,21,replication,baseline,9080021,428,51,90.0,70.0,0.0,true,2364,0,99.524618,0.000000,1,0,0.000000,0,true,converged,99.508082,99.540079,0.884068,0.000000,0.000000
rep_d90_s70_r22,22,replication,baseline,9080022,568,51,90.0,70.0,0.0,true,2379,0,99.664542,0.000000,1,0,0.000000,0,true,converged,99.661629,99.667406,0.872462,0.000000,0.000000
rep_d90_s70_r23,23,replication,baseline,9080023,468,51,90.0,70.0,0.0,true,2355,0,99.635411,0.000000,1,0,0.000000,0,true,converged,99.634453,99.636364,0.883689,0.000000,0.000000
rep_d90_s70_r24,24,replication,baseline,9080024,180,51,90.0,70.0,0.0,true,2333,0,99.676113,0.000000,1,0,0.000000,0,true,converged,99.682179,99.669811,0.858794,0.000000,0.000000
rep_d90_s70_r25,25,replication,baseline,9080025,354,51,90.0,70.0,0.0,true,2357,0,99.556061,0.000000,1,0,0.000000,0,true,converged,99.570343,99.540798,0.869063,0.000000,0.000000
rep_d90_s70_r26,26,replication,baseline,9080026,221,51,90.0,70.0,0.0,true,2364,0,99.706745,0.000000,1,0,0.000000,0,true,converged,99.710403,99.702993,0.906547,0.000000,0.000000
rep_d90_s70_r27,27,replication,baseline,9080027,162,51,90.0,70.0,0.0,true,2358,0,99.658820,0.000000,1,0,0.000000,0,true,converged,99.664129,99.653339,0.930433,0.000000,0.000000
rep_d90_s70_r28,28,replication,baseline,9080028,309,51,90.0,70.0,0.0,true,2326,0,99.685425,0.000000,1,0,0.000000,0,true,converged,99.682614,99.688186,0.846898,0.000000,0.000000
rep_d90_s70_r29,29,replication,baseline,9080029,259,51,90.0,70.0,0.0,true,2335,0,99.676562,0.000000,1,0,0.000000,0,true,converged,99.676450,99.676674,0.846704,0.000000,0.000000
rep_d95_s15_r0,0,replication,baseline,9525000,9,51,95.0,15.0,0.0,true,2480,0,56.195905,0.000000,1,0,0.000000,0,true,converged,54.305219,57.936347,0.229038,0.000000,0.000000
rep_d95_s15_r1,1,replication,baseline,9525001,6,51,95.0,15.0,0.0,true,2469,0,56.499041,0.000000,4,0,0.000000,0,true,converged,56.834761,56.158059,0.229268,0.000000,0.000000
rep_d95_s15_r2,2,replication,baseline,9525002,6,51,95.0,15.0,0.0,true,2452,0,56.304700,0.000000,4,0,0.000000,0,true,converged,57.503153,55.036691,0.222432,0.000000,0.000000
rep_d95_s15_r3,3,replication,baseline,9525003,8,51,95.0,15.0,0.0,true,2490,0,54.808297,0.000000,2,0,0.000000,0,true,converged,55.137271,54.474462,0.209087,0.000000,0.000000
rep_d95_s15_r4,4,replication,baseline,9525004,6,51,95.0,15.0,0.0,true,2470,0,54.339261,0.000000,1,0,0.000000,0,true,converged,55.230737,53.411560,0.218816,0.000000,0.000000
rep_d95_s15_r5,5,replication,baseline,9525005,12,51,95.0,15.0,0.0,true,2480,0,55.739782,0.000000,1,0,0.000000,0,true,converged,54.901539,56.547434,0.209887,0.000000,0.000000
rep_d95_s15_r6,6,replication,baseline,9525006,7,51,95.0,15.0,0.0,true,2440,0,55.422081,0.000000,1,0,0.000000,0,true,converged,55.717075,55.123131,0.212367,0.000000,0.000000
rep_d95_s15_r7,7,replication,baseline,9525007,5,51,95.0,15.0,0.0,true,2481,0,53.634059,0.000000,3,0,0.000000,0,true,converged,52.679245,54.551103,0.194768,0.000000,0.000000
rep_d95_s15_r8,8,replication,baseline,9525008,9,51,95.0,15.0,0.0,true,2497,0,55.499948,0.000000,1,0,0.000000,0,true,converged,54.653634,56.315251,0.230936,0.000000,0.000000
rep_d95_s15_r9,9,replication,baseline,9525009,9,51,95.0,15.0,0.0,true,2479,0,54.105463,0.000000,1,0,0.000000,0,true,converged,53.195387,54.980823,0.205705,0.000000,0.000000
rep_d95_s15_r10,10,replication,baseline,9525010,12,51,95.0,15.0,0.0,true,2465,0,56.640667,0.000000,2,0,0.000000,0,true,converged,56.802214,56.477906,0.224253,0.000000,0.000000
rep_d95_s15_r11,11,replication,baseline,9525011,8,51,95.0,15.0,0.0,true,2469,0,55.320055,0.000000,1,0,0.000000,0,true,converged,55.138488,55.500159,0.254206,0.000000,0.000000
rep_d95_s15_r12,12,replication,baseline,9525012,8,51,95.0,15.0,0.0,true,2470,0,56.809960,0.000000,3,0,0.000000,0,true,converged,56.860453,56.759348,0.221833,0.000000,0.000000
rep_d95_s15_r13,13,replication,baseline,9525013,12,51,95.0,15.0,0.0,true,2467,0,55.712150,0.000000,1,0,0.000000,0,true,converged,54.824657,56.565445,0.221581,0.000000,0.000000
rep_d95_s15_r14,14,replication,baseline,9525014,8,51,95.0,15.0,0.0,true,2483,0,56.685281,0.000000,2,0,0.000000,0,true,converged,56.326357,57.038353,0.232000,0.000000,0.000000
rep_d95_s15_r15,15,replication,baseline,9525015,7,51,95.0,15.0,0.0,true,2469,0,55.077251,0.000000,2,0,0.000000,0,true,converged,55.991649,54.124048,0.228083,0.000000,0.000000
rep_d95_s15_r16,16,replication,baseline,9525016,7,51,95.0,15.0,0.0,true,2462,0,55.436529,0.000000,3,0,0.000000,0,true,converged,55.172414,55.697551,0.222490,0.000000,0.000000
rep_d95_s15_r17,17,replication,baseline,9525017,10,51,95.0,15.0,0.0,true,2481,0,56.821542,0.000000,1,0,0.000000,0,true,converged,57.971014,55.607426,0.239229,0.000000,0.000000
rep_d95_s15_r18,18,replication,baseline,9525018,7,51,95.0,15.0,0.0,true,2462,0,56.166292,0.000000,1,0,0.000000,0,true,converged,56.053282,56.278722,0.215896,0.000000,0.000000
rep_d95_s15_r19,19,replication,baseline,9525019,8,51,95.0,15.0,0.0,true,2489,0,56.063785,0.000000,1,0,0.000000,0,true,converged,54.527687,57.499493,0.215280,0.000000,0.000000
rep_d95_s15_r20,20,replication,baseline,9525020,7,51,95.0,15.0,0.0,true,2471,0,56.037876,0.000000,2,0,0.000000,0,true,converged,55.358686,56.696709,0.221167,0.000000,0.000000
rep_d95_s15_r21,21,replication,baseline,9525021,7,51,95.0,15.0,0.0,true,2471,0,56.247339,0.000000,2,0,0.000000,0,true,converged,56.158686,56.335635,0.227039,0.000000,0.000000
rep_d95_s15_r22,22,replication,baseline,9525022,8,51,95.0,15.0,0.0,true,2468,0,55.275792,0.000000,1,0,0.000000,0,true,converged,53.913808,56.559585,0.209363,0.000000,0.000000
rep_d95_s15_r23,23,replication,baseline,9525023,12,51,95.0,15.0,0.0,true,2483,0,55.400991,0.000000,1,0,0.000000,0,true,converged,55.007442,55.787714,0.220569,0.000000,0.000000
rep_d95_s15_r24,24,replication,baseline,9525024,11,51,95.0,15.0,0.0,true,2451,0,56.537255,0.000000,1,0,0.000000,0,true,converged,58.043637,54.918676,0.218868,0.000000,0.000000
rep_d95_s15_r25,25,replication,baseline,9525025,7,51,95.0,15.0,0.0,true,2487,0,56.393822,0.000000,1,0,0.000000,0,true,converged,56.517184,56.269758,0.213566,0.000000,0.000000
rep_d95_s15_r26,26,replication,baseline,9525026,7,51,95.0,15.0,0.0,true,2470,0,55.802811,0.000000,2,0,0.000000,0,true,converged,56.493030,55.090339,0.211772,0.000000,0.000000
rep_d95_s15_r27,27,replication,baseline,9525027,18,51,95.0,15.0,0.0,true,2463,0,56.106176,0.000000,1,0,0.000000,0,true,converged,56.890571,55.292707,0.239340,0.000000,0.000000
rep_d95_s15_r28,28,replication,baseline,9525028,9,51,95.0,15.0,0.0,true,2484,0,56.947224,0.000000,1,0,0.000000,0,true,converged,56.265383,57.608132,0.246507,0.000000,0.000000
rep_d95_s15_r29,29,replication,baseline,9525029,8,51,95.0,15.0,0.0,true,2455,0,54.123100,0.000000,1,0,0.000000,0,true,converged,54.761905,53.465996,0.196927,0.000000,0.000000
rep_d95_s20_r0,0,replication,baseline,9530000,7,51,95.0,20.0,0.0,true,2469,0,55.197018,0.000000,2,0,0.000000,0,true,converged,56.126812,54.226961,0.218322,0.000000,0.000000
rep_d95_s20_r1,1,replication,baseline,9530001,6,51,95.0,20.0,0.0,true,2474,0,55.880793,0.000000,1,0,0.000000,0,true,converged,55.631399,56.127399,0.229103,0.000000,0.000000
rep_d95_s20_r2,2,replication,baseline,9530002,7,51,95.0,20.0,0.0,true,2478,0,56.491377,0.000000,2,0,0.000000,0,true,converged,57.388601,55.555556,0.246986,0.000000,0.000000
rep_d95_s20_r3,3,replication,baseline,9530003,8,51,95.0,20.0,0.0,true,2474,0,54.157828,0.000000,1,0,0.000000,0,true,converged,52.463704,55.735354,0.195071,0.000000,0.000000
rep_d95_s20_r4,4,replication,baseline,9530004,8,51,95.0,20.0,0.0,true,2456,0,55.125725,0.000000,1,0,0.000000,0,true,converged,55.087116,55.164269,0.216793,0.000000,0.000000
rep_d95_s20_r5,5,replication,baseline,9530005,7,51,95.0,20.0,0.0,true,2484,0,54.691774,0.000000,1,0,0.000000,0,true,converged,55.093317,54.282985,0.225904,0.000000,0.000000
rep_d95_s20_r6,6,replication,baseline,9530006,7,51,95.0,20.0,0.0,true,2476,0,54.753335,0.000000,2,0,0.000000,0,true,converged,54.877534,54.628450,0.222948,0.000000,0.000000
rep_d95_s20_r7,7,replication,baseline,9530007,9,51,95.0,20.0,0.0,true,2490,0,55.947644,0.000000,1,0,0.000000,0,true,converged,56.961637,54.884718,0.212968,0.000000,0.000000
rep_d95_s20_r8,8,replication,baseline,9530008,11,51,95.0,20.0,0.0,true,2466,0,57.318114,0.000000,1,0,0.000000,0,true,converged,57.476884,57.158154,0.236021,0.000000,0.000000
rep_d95_s20_r9,9,replication,baseline,9530009,8,51,95.0,20.0,0.0,true,2475,0,56.106870,0.000000,1,0,0.000000,0,true,converged,56.402696,55.807003,0.223350,0.000000,0.000000
rep_d95_s20_r10,10,replication,baseline,9530010,13,51,95.0,20.0,0.0,true,2475,0,57.671117,0.000000,1,0,0.000000,0,true,converged,58.579575,56.721915,0.235407,0.000000,0.000000
rep_d95_s20_r11,11,replication,baseline,9530011,11,51,95.0,20.0,0.0,true,2468,0,56.648199,0.000000,1,0,0.000000,0,true,converged,56.532422,56.763362,0.248494,0.000000,0.000000
rep_d95_s20_r12,12,replication,baseline,9530012,8,51,95.0,20.0,0.0,true,2478,0,55.655391,0.000000,1,0,0.000000,0,true,converged,56.712414,54.545455,0.205419,0.000000,0.000000
rep_d95_s20_r13,13,replication,baseline,9530013,10,51,95.0,20.0,0.0,true,2451,0,56.906793,0.000000,1,0,0.000000,0,true,converged,57.152062,56.658701,0.208504,0.000000,0.000000
rep_d95_s20_r14,14,replication,baseline,9530014,7,51,95.0,20.0,0.0,true,2459,0,56.417686,0.000000,2,0,0.000000,0,true,converged,54.221621,58.412698,0.233467,0.000000,0.000000
rep_d95_s20_r15,15,replication,baseline,9530015,7,51,95.0,20.0,0.0,true,2456,0,55.251830,0.000000,2,0,0.000000,0,true,converged,55.414969,55.087492,0.213618,0.000000,0.000000
rep_d95_s20_r16,16,replication,baseline,9530016,9,51,95.0,20.0,0.0,true,2469,0,55.918671,0.000000,1,0,0.000000,0,true,converged,56.534061,55.285606,0.221744,0.000000,0.000000
rep_d95_s20_r17,17,replication,baseline,9530017,9,51,95.0,20.0,0.0,true,2480,0,57.513719,0.000000,1,0,0.000000,0,true,converged,57.170213,57.851759,0.249836,0.000000,0.000000
rep_d95_s20_r18,18,replication,baseline,9530018,12,51,95.0,20.0,0.0,true,2456,0,55.825713,0.000000,2,0,0.000000,0,true,converged,56.942114,54.649879,0.215701,0.000000,0.000000
rep_d95_s20_r19,19,replication,baseline,9530019,6,51,95.0,20.0,0.0,true,2460,0,56.352525,0.000000,4,0,0.000000,0,true,converged,56.069926,56.631512,0.237353,0.000000,0.000000
rep_d95_s20_r20,20,replication,baseline,9530020,6,51,95.0,20.0,0.0,true,2460,0,55.550788,0.000000,2,0,0.000000,0,true,converged,55.641190,55.460017,0.232073,0.000000,0.000000
rep_d95_s20_r21,21,replication,baseline,9530021,7,51,95.0,20.0,0.0,true,2484,0,55.839646,0.000000,1,0,0.000000,0,true,converged,54.827252,56.807657,0.223250,0.000000,0.000000
rep_d95_s20_r22,22,replication,baseline,9530022,9,51,95.0,20.0,0.0,true,2470,0,56.767117,0.000000,1,0,0.000000,0,true,converged,55.773420,57.717142,0.229356,0.000000,0.000000
rep_d95_s20_r23,23,replication,baseline,9530023,7,51,95.0,20.0,0.0,true,2478,0,54.998943,0.000000,1,0,0.000000,0,true,converged,55.432280,54.557097,0.219266,0.000000,0.000000
rep_d95_s20_r24,24,replication,baseline,9530024,6,51,95.0,20.0,0.0,true,2453,0,55.142303,0.000000,1,0,0.000000,0,true,converged,54.088050,56.149225,0.230143,0.000000,0.000000
rep_d95_s20_r25,25,replication,baseline,9530025,14,51,95.0,20.0,0.0,true,2478,0,55.394695,0.000000,1,0,0.000000,0,true,converged,54.617783,56.145455,0.214902,0.000000,0.000000
rep_d95_s20_r26,26,replication,baseline,9530026,14,51,95.0,20.0,0.0,true,2490,0,55.322935,0.000000,1,0,0.000000,0,true,converged,55.073684,55.569436,0.221515,0.000000,0.000000
rep_d95_s20_r27,27,replication,baseline,9530027,8,51,95.0,20.0,0.0,true,2473,0,55.072772,0.000000,1,0,0.000000,0,true,converged,54.305781,55.814439,0.213638,0.000000,0.000000
rep_d95_s20_r28,28,replication,baseline,9530028,9,51,95.0,20.0,0.0,true,2453,0,56.425183,0.000000,1,0,0.000000,0,true,converged,55.386313,57.416772,0.237693,0.000000,0.000000
rep_d95_s20_r29,29,replication,baseline,9530029,10,51,95.0,20.0,0.0,true,2490,0,54.352153,0.000000,1,0,0.000000,0,true,converged,53.834746,54.858090,0.197167,0.000000,0.000000
rep_d95_s25_r0,0,replication,baseline,9535000,7,51,95.0,25.0,0.0,true,2466,0,54.918907,0.000000,1,0,0.000000,0,true,converged,54.875574,54.962158,0.211420,0.000000,0.000000
rep_d95_s25_r1,1,replication,baseline,9535001,7,51,95.0,25.0,0.0,true,2459,0,54.173820,0.000000,1,0,0.000000,0,true,converged,54.961510,53.358087,0.198023,0.000000,0.000000
rep_d95_s25_r2,2,replication,baseline,9535002,12,51,95.0,25.0,0.0,true,2474,0,56.774262,0.000000,1,0,0.000000,0,true,converged,56.897830,56.649984,0.230906,0.000000,0.000000
rep_d95_s25_r3,3,replication,baseline,9535003,12,51,95.0,25.0,0.0,true,2470,0,56.410802,0.000000,1,0,0.000000,0,true,converged,55.742660,57.059070,0.238925,0.000000,0.000000
rep_d95_s25_r4,4,replication,baseline,9535004,19,51,95.0,25.0,0.0,true,2469,0,56.451441,0.000000,1,0,0.000000,0,true,converged,56.594572,56.307364,0.233213,0.000000,0.000000
rep_d95_s25_r5,5,replication,baseline,9535005,9,51,95.0,25.0,0.0,true,2474,0,55.417727,0.000000,1,0,0.000000,0,true,converged,54.973766,55.853018,0.207037,0.000000,0.000000
rep_d95_s25_r6,6,replication,baseline,9535006,6,51,95.0,25.0,0.0,true,2471,0,56.049330,0.000000,2,0,0.000000,0,true,converged,56.216903,55.880470,0.220430,0.000000,0.000000
rep_d95_s25_r7,7,replication,baseline,9535007,6,51,95.0,25.0,0.0,true,2479,0,56.459280,0.000000,1,0,0.000000,0,true,converged,56.473073,56.445478,0.255332,0.000000,0.000000
rep_d95_s25_r8,8,replication,baseline,9535008,11,51,95.0,25.0,0.0,true,2472,0,56.277194,0.000000,1,0,0.000000,0,true,converged,55.727488,56.813417,0.254677,0.000000,0.000000
rep_d95_s25_r9,9,replication,baseline,9535009,7,51,95.0,25.0,0.0,true,2466,0,55.383795,0.000000,5,0,0.000000,0,true,converged,54.888434,55.868396,0.197637,0.000000,0.000000
rep_d95_s25_r10,10,replication,baseline,9535010,7,51,95.0,25.0,0.0,true,2463,0,55.080671,0.000000,2,0,0.000000,0,true,converged,55.123826,55.037433,0.196899,0.000000,0.000000
rep_d95_s25_r11,11,replication,baseline,9535011,8,51,95.0,25.0,0.0,true,2469,0,55.236271,0.000000,1,0,0.000000,0,true,converged,55.331351,55.140785,0.221470,0.000000,0.000000
rep_d95_s25_r12,12,replication,baseline,9535012,9,51,95.0,25.0,0.0,true,2482,0,57.254241,0.000000,2,0,0.000000,0,true,converged,57.805512,56.688374,0.241565,0.000000,0.000000
rep_d95_s25_r13,13,replication,baseline,9535013,7,51,95.0,25.0,0.0,true,2489,0,56.853909,0.000000,2,0,0.000000,0,true,converged,57.110116,56.594623,0.253212,0.000000,0.000000
rep_d95_s25_r14,14,replication,baseline,9535014,7,51,95.0,25.0,0.0,true,2485,0,55.285834,0.000000,2,0,0.000000,0,true,converged,57.145735,53.257168,0.216966,0.000000,0.000000
rep_d95_s25_r15,15,replication,baseline,9535015,15,51,95.0,25.0,0.0,true,2455,0,54.857081,0.000000,1,0,0.000000,0,true,converged,54.667098,55.045479,0.201105,0.000000,0.000000
rep_d95_s25_r16,16,replication,baseline,9535016,6,51,95.0,25.0,0.0,true,2489,0,54.222176,0.000000,2,0,0.000000,0,true,converged,54.188537,54.255765,0.199243,0.000000,0.000000
rep_d95_s25_r17,17,replication,baseline,9535017,9,51,95.0,25.0,0.0,true,2468,0,55.548456,0.000000,1,0,0.000000,0,true,converged,55.633503,55.463082,0.209999,0.000000,0.000000
rep_d95_s25_r18,18,replication,baseline,9535018,9,51,95.0,25.0,0.0,true,2471,0,54.893210,0.000000,1,0,0.000000,0,true,converged,54.525978,55.254559,0.212472,0.000000,0.000000
rep_d95_s25_r19,19,replication,baseline,9535019,9,51,95.0,25.0,0.0,true,2488,0,56.367257,0.000000,1,0,0.000000,0,true,converged,57.350681,55.337410,0.236361,0.000000,0.000000
rep_d95_s25_r20,20,replication,baseline,9535020,8,51,95.0,25.0,0.0,true,2469,0,55.431429,0.000000,1,0,0.000000,0,true,converged,55.326864,55.535506,0.235597,0.000000,0.000000
rep_d95_s25_r21,21,replication,baseline,9535021,16,51,95.0,25.0,0.0,true,2474,0,56.366525,0.000000,1,0,0.000000,0,true,converged,56.628409,56.101460,0.225730,0.000000,0.000000
rep_d95_s25_r22,22,replication,baseline,9535022,7,51,95.0,25.0,0.0,true,2474,0,54.259377,0.000000,1,0,0.000000,0,true,converged,53.863418,54.648598,0.194830,0.000000,0.000000
rep_d95_s25_r23,23,replication,baseline,9535023,8,51,95.0,25.0,0.0,true,2458,0,54.456720,0.000000,1,0,0.000000,0,true,converged,53.453190,55.417892,0.215645,0.000000,0.000000
rep_d95_s25_r24,24,replication,baseline,9535024,9,51,95.0,25.0,0.0,true,2482,0,54.502370,0.000000,1,0,0.000000,0,true,converged,53.226505,55.710478,0.193004,0.000000,0.000000
rep_d95_s25_r25,25,replication,baseline,9535025,8,51,95.0,25.0,0.0,true,2471,0,56.901319,0.000000,2,0,0.000000,0,true,converged,58.417975,55.269838,0.255655,0.000000,0.000000
rep_d95_s25_r26,26,replication,baseline,9535026,13,51,95.0,25.0,0.0,true,2469,0,55.873590,0.000000,1,0,0.000000,0,true,converged,55.211146,56.516724,0.210727,0.000000,0.000000
rep_d95_s25_r27,27,replication,baseline,9535027,8,51,95.0,25.0,0.0,true,2470,0,55.357143,0.000000,1,0,0.000000,0,true,converged,55.863808,54.838710,0.202254,0.000000,0.000000
rep_d95_s25_r28,28,replication,baseline,9535028,6,51,95.0,25.0,0.0,true,2477,0,55.285412,0.000000,1,0,0.000000,0,true,converged,55.285412,55.285412,0.213630,0.000000,0.000000
rep_d95_s25_r29,29,replication,baseline,9535029,6,51,95.0,25.0,0.0,true,2454,0,55.626144,0.000000,5,0,0.000000,0,true,converged,57.246602,53.878008,0.211026,0.000000,0.000000
rep_d95_s30_r0,0,replication,baseline,9540000,19,51,95.0,30.0,0.0,true,2477,0,73.192389,0.000000,1,0,0.000000,0,true,converged,73.461699,72.917557,0.375172,0.000000,0.000000
rep_d95_s30_r1,1,replication,baseline,9540001,15,51,95.0,30.0,0.0,true,2461,0,76.600300,0.000000,2,0,0.000000,0,true,converged,76.700064,76.499677,0.448867,0.000000,0.000000
rep_d95_s30_r2,2,replication,baseline,9540002,16,51,95.0,30.0,0.0,true,2478,0,75.852603,0.000000,2,0,0.000000,0,true,converged,75.832189,75.872982,0.409381,0.000000,0.000000
rep_d95_s30_r3,3,replication,baseline,9540003,21,51,95.0,30.0,0.0,true,2479,0,73.017214,0.000000,1,0,0.000000,0,true,converged,72.267448,73.727506,0.372359,0.000000,0.000000
rep_d95_s30_r4,4,replication,baseline,9540004,21,51,95.0,30.0,0.0,true,2465,0,74.898656,0.000000,1,0,0.000000,0,true,converged,74.782981,75.013274,0.390642,0.000000,0.000000
rep_d95_s30_r5,5,replication,baseline,9540005,15,51,95.0,30.0,0.0,true,2450,0,73.947312,0.000000,1,0,0.000000,0,true,converged,74.244850,73.642818,0.406814,0.000000,0.000000
rep_d95_s30_r6,6,replication,baseline,9540006,23,51,95.0,30.0,0.0,true,2469,0,73.537545,0.000000,1,0,0.000000,0,true,converged,73.258813,73.810526,0.380004,0.000000,0.000000
rep_d95_s30_r7,7,replication,baseline,9540007,13,51,95.0,30.0,0.0,true,2474,0,74.382356,0.000000,2,0,0.000000,0,true,converged,74.690970,74.066123,0.403219,0.000000,0.000000
rep_d95_s30_r8,8,replication,baseline,9540008,17,51,95.0,30.0,0.0,true,2490,0,72.798578,0.000000,1,0,0.000000,0,true,converged,72.812794,72.784347,0.359077,0.000000,0.000000
rep_d95_s30_r9,9,replication,baseline,9540009,18,51,95.0,30.0,0.0,true,2474,0,76.866780,0.000000,1,0,0.000000,0,true,converged,77.068657,76.661316,0.459785,0.000000,0.000000
rep_d95_s30_r10,10,replication,baseline,9540010,15,51,95.0,30.0,0.0,true,2475,0,73.647433,0.000000,1,0,0.000000,0,true,converged,74.161736,73.112239,0.384872,0.000000,0.000000
rep_d95_s30_r11,11,replication,baseline,9540011,13,51,95.0,30.0,0.0,true,2459,0,75.755627,0.000000,1,0,0.000000,0,true,converged,75.817832,75.693101,0.404565,0.000000,0.000000
rep_d95_s30_r12,12,replication,baseline,9540012,14,51,95.0,30.0,0.0,true,2470,0,75.765306,0.000000,1,0,0.000000,0,true,converged,76.215314,75.297941,0.423367,0.000000,0.000000
rep_d95_s30_r13,13,replication,baseline,9540013,13,51,95.0,30.0,0.0,true,2464,0,74.478777,0.000000,1,0,0.000000,0,true,converged,74.451461,74.506034,0.388725,0.000000,0.000000
rep_d95_s30_r14,14,replication,baseline,9540014,13,51,95.0,30.0,0.0,true,2475,0,74.857022,0.000000,1,0,0.000000,0,true,converged,75.156969,74.549743,0.431276,0.000000,0.000000
rep_d95_s30_r15,15,replication,baseline,9540015,17,51,95.0,30.0,0.0,true,2454,0,74.895173,0.000000,1,0,0.000000,0,true,converged,74.954414,74.835650,0.416520,0.000000,0.000000
rep_d95_s30_r16,16,replication,baseline,9540016,14,51,95.0,30.0,0.0,true,2457,0,72.440099,0.000000,2,0,0.000000,0,true,converged,72.177026,72.698244,0.372364,0.000000,0.000000
rep_d95_s30_r17,17,replication,baseline,9540017,32,51,95.0,30.0,0.0,true,2471,0,77.497349,0.000000,1,0,0.000000,0,true,converged,78.114686,76.844173,0.468115,0.000000,0.000000
rep_d95_s30_r18,18,replication,baseline,9540018,20,51,95.0,30.0,0.0,true,2476,0,76.638478,0.000000,2,0,0.000000,0,true,converged,76.564157,76.712329,0.431810,0.000000,0.000000
rep_d95_s30_r19,19,replication,baseline,9540019,64,51,95.0,30.0,0.0,true,2486,0,74.465857,0.000000,1,0,0.000000,0,true,converged,74.497908,74.433725,0.371514,0.000000,0.000000
rep_d95_s30_r20,20,replication,baseline,9540020,10000,51,95.0,30.0,0.0,true,2490,11,75.897329,0.441767,11,0,0.000000,0,false,max_ticks,76.244344,75.540025,0.430646,0.000000,0.000000
rep_d95_s30_r21,21,replication,baseline,9540021,52,51,95.0,30.0,0.0,true,2483,0,73.461660,0.000000,1,0,0.000000,0,true,converged,73.606026,73.315706,0.362137,0.000000,0.000000
rep_d95_s30_r22,22,replication,baseline,9540022,15,51,95.0,30.0,0.0,true,2468,0,74.592869,0.000000,1,0,0.000000,0,true,converged,74.291869,74.886902,0.401615,0.000000,0.000000
rep_d95_s30_r23,23,replication,baseline,9540023,14,51,95.0,30.0,0.0,true,2466,0,76.381481,0.000000,1,0,0.000000,0,true,converged,76.275182,76.486831,0.448372,0.000000,0.000000
rep_d95_s30_r24,24,replication,baseline,9540024,16,51,95.0,30.0,0.0,true,2473,0,75.988970,0.000000,2,0,0.000000,0,true,converged,75.739391,76.233466,0.450621,0.000000,0.000000
rep_d95_s30_r25,25,replication,baseline,9540025,21,51,95.0,30.0,0.0,true,2468,0,75.640889,0.000000,1,0,0.000000,0,true,converged,75.518495,75.762066,0.426660,0.000000,0.000000
rep_d95_s30_r26,26,replication,baseline,9540026,18,51,95.0,30.0,0.0,true,2487,0,73.890695,0.000000,1,0,0.000000,0,true,converged,73.841303,73.939902,0.356495,0.000000,0.000000
rep_d95_s30_r27,27,replication,baseline,9540027,14,51,95.0,30.0,0.0,true,2457,0,73.749866,0.000000,3,0,0.000000,0,true,converged,73.659221,73.839889,0.391946,0.000000,0.000000
rep_d95_s30_r28,28,replication,baseline,9540028,19,51,95.0,30.0,0.0,true,2490,0,76.577048,0.000000,1,0,0.000000,0,true,converged,76.896089,76.249072,0.424908,0.000000,0.000000
rep_d95_s30_r29,29,replication,baseline,9540029,14,51,95.0,30.0,0.0,true,2462,0,73.702237,0.000000,2,0,0.000000,0,true,converged,73.831079,73.572120,0.384732,0.000000,0.000000
rep_d95_s35_r0,0,replication,baseline,9545000,10000,51,95.0,35.0,0.0,true,2498,9,76.146979,0.360288,8,0,0.000000,0,false,max_ticks,75.982441,76.309278,0.421220,0.000000,0.000000
rep_d95_s35_r1,1,replication,baseline,9545001,28,51,95.0,35.0,0.0,true,2454,0,76.041219,0.000000,1,0,0.000000,0,true,converged,75.537045,76.525032,0.433296,0.000000,0.000000
rep_d95_s35_r2,2,replication,baseline,9545002,22,51,95.0,35.0,0.0,true,2470,0,75.832803,0.000000,1,0,0.000000,0,true,converged,75.667592,75.995785,0.399322,0.000000,0.000000
rep_d95_s35_r3,3,replication,baseline,9545003,13,51,95.0,35.0,0.0,true,2482,0,76.790227,0.000000,3,0,0.000000,0,true,converged,76.239759,77.315768,0.438154,0.000000,0.000000
rep_d95_s35_r4,4,replication,baseline,9545004,18,51,95.0,35.0,0.0,true,2480,0,74.957877,0.000000,1,0,0.000000,0,true,converged,75.026255,74.889124,0.406539,0.000000,0.000000
rep_d95_s35_r5,5,replication,baseline,9545005,18,51,95.0,35.0,0.0,true,2454,0,75.403486,0.000000,2,0,0.000000,0,true,converged,75.477365,75.329160,0.416620,0.000000,0.000000
rep_d95_s35_r6,6,replication,baseline,9545006,19,51,95.0,35.0,0.0,true,2483,0,76.958671,0.000000,1,0,0.000000,0,true,converged,76.802541,77.112713,0.431127,0.000000,0.000000
rep_d95_s35_r7,7,replication,baseline,9545007,14,51,95.0,35.0,0.0,true,2481,0,74.439179,0.000000,2,0,0.000000,0,true,converged,74.605002,74.271176,0.385814,0.000000,0.000000
rep_d95_s35_r8,8,replication,baseline,9545008,25,51,95.0,35.0,0.0,true,2493,0,75.840117,0.000000,1,0,0.000000,0,true,converged,76.072351,75.603330,0.451232,0.000000,0.000000
rep_d95_s35_r9,9,replication,baseline,9545009,15,51,95.0,35.0,0.0,true,2491,0,75.644909,0.000000,1,0,0.000000,0,true,converged,75.938919,75.343624,0.403617,0.000000,0.000000
rep_d95_s35_r10,10,replication,baseline,9545010,15,51,95.0,35.0,0.0,true,2473,0,75.145672,0.000000,1,0,0.000000,0,true,converged,74.967990,75.320850,0.384467,0.000000,0.000000
rep_d95_s35_r11,11,replication,baseline,9545011,12,51,95.0,35.0,0.0,true,2466,0,75.210577,0.000000,2,0,0.000000,0,true,converged,75.692629,74.709018,0.406728,0.000000,0.000000
rep_d95_s35_r12,12,replication,baseline,9545012,14,51,95.0,35.0,0.0,true,2470,0,75.915119,0.000000,1,0,0.000000,0,true,converged,75.886977,75.943196,0.396728,0.000000,0.000000
rep_d95_s35_r13,13,replication,baseline,9545013,22,51,95.0,35.0,0.0,true,2442,0,77.213542,0.000000,1,0,0.000000,0,true,converged,76.902772,77.516060,0.431192,0.000000,0.000000
rep_d95_s35_r14,14,replication,baseline,9545014,15,51,95.0,35.0,0.0,true,2472,0,75.354948,0.000000,1,0,0.000000,0,true,converged,75.339271,75.370606,0.373021,0.000000,0.000000
rep_d95_s35_r15,15,replication,baseline,9545015,23,51,95.0,35.0,0.0,true,2464,0,76.798292,0.000000,1,0,0.000000,0,true,converged,77.559868,75.983208,0.453613,0.000000,0.000000
rep_d95_s35_r16,16,replication,baseline,9545016,15,51,95.0,35.0,0.0,true,2480,0,75.113265,0.000000,2,0,0.000000,0,true,converged,75.467387,74.748771,0.370995,0.000000,0.000000
rep_d95_s35_r17,17,replication,baseline,9545017,15,51,95.0,35.0,0.0,true,2488,0,75.533920,0.000000,2,0,0.000000,0,true,converged,75.418113,75.648640,0.396858,0.000000,0.000000
rep_d95_s35_r18,18,replication,baseline,9545018,19,51,95.0,35.0,0.0,true,2484,0,75.493905,0.000000,1,0,0.000000,0,true,converged,75.348837,75.637275,0.395861,0.000000,0.000000
rep_d95_s35_r19,19,replication,baseline,9545019,17,51,95.0,35.0,0.0,true,2469,0,75.485927,0.000000,1,0,0.000000,0,true,converged,74.269788,76.592292,0.413739,0.000000,0.000000
rep_d95_s35_r20,20,replication,baseline,9545020,16,51,95.0,35.0,0.0,true,2479,0,75.650891,0.000000,1,0,0.000000,0,true,converged,75.699558,75.602028,0.413381,0.000000,0.000000
rep_d95_s35_r21,21,replication,baseline,9545021,14,51,95.0,35.0,0.0,true,2469,0,75.544923,0.000000,1,0,0.000000,0,true,converged,75.220858,75.860621,0.400499,0.000000,0.000000
rep_d95_s35_r22,22,replication,baseline,9545022,21,51,95.0,35.0,0.0,true,2474,0,74.473043,0.000000,2,0,0.000000,0,true,converged,74.674233,74.268631,0.384188,0.000000,0.000000
rep_d95_s35_r23,23,replication,baseline,9545023,15,51,95.0,35.0,0.0,true,2484,0,75.186548,0.000000,1,0,0.000000,0,true,converged,74.997353,75.372901,0.384043,0.000000,0.000000
rep_d95_s35_r24,24,replication,baseline,9545024,15,51,95.0,35.0,0.0,true,2485,0,76.834261,0.000000,2,0,0.000000,0,true,converged,76.716953,76.950392,0.465301,0.000000,0.000000
rep_d95_s35_r25,25,replication,baseline,9545025,14,51,95.0,35.0,0.0,true,2466,0,77.123346,0.000000,1,0,0.000000,0,true,converged,77.220569,77.025289,0.428047,0.000000,0.000000
rep_d95_s35_r26,26,replication,baseline,9545026,14,51,95.0,35.0,0.0,true,2471,0,74.487738,0.000000,3,0,0.000000,0,true,converged,74.080466,74.882408,0.376121,0.000000,0.000000
rep_d95_s35_r27,27,replication,baseline,9545027,18,51,95.0,35.0,0.0,true,2479,0,74.196269,0.000000,1,0,0.000000,0,true,converged,74.182662,74.209861,0.354561,0.000000,0.000000
rep_d95_s35_r28,28,replication,baseline,9545028,15,51,95.0,35.0,0.0,true,2475,0,74.270613,0.000000,1,0,0.000000,0,true,converged,74.698545,73.827957,0.415816,0.000000,0.000000
rep_d95_s35_r29,29,replication,baseline,9545029,27,51,95.0,35.0,0.0,true,2461,0,75.429792,0.000000,1,0,0.000000,0,true,converged,75.073123,75.776398,0.404293,0.000000,0.000000
rep_d95_s40_r0,0,replication,baseline,9550000,20,51,95.0,40.0,0.0,true,2483,0,83.464732,0.000000,1,0,0.000000,0,true,converged,83.310345,83.616290,0.551537,0.000000,0.000000
rep_d95_s40_r1,1,replication,baseline,9550001,15,51,95.0,40.0,0.0,true,2453,0,84.433402,0.000000,5,0,0.000000,0,true,converged,84.697887,84.159613,0.529060,0.000000,0.000000
rep_d95_s40_r2,2,replication,baseline,9550002,25,51,95.0,40.0,0.0,true,2468,0,84.792774,0.000000,2,0,0.000000,0,true,converged,84.647570,84.935256,0.515166,0.000000,0.000000
rep_d95_s40_r3,3,replication,baseline,9550003,23,51,95.0,40.0,0.0,true,2480,0,82.913935,0.000000,1,0,0.000000,0,true,converged,83.298884,82.510823,0.468359,0.000000,0.000000
rep_d95_s40_r4,4,replication,baseline,9550004,22,51,95.0,40.0,0.0,true,2468,0,84.990419,0.000000,1,0,0.000000,0,true,converged,84.968017,85.012755,0.573671,0.000000,0.000000
rep_d95_s40_r5,5,replication,baseline,9550005,17,51,95.0,40.0,0.0,true,2472,0,82.291667,0.000000,1,0,0.000000,0,true,converged,81.863706,82.699896,0.500874,0.000000,0.000000
rep_d95_s40_r6,6,replication,baseline,9550006,17,51,95.0,40.0,0.0,true,2463,0,83.724419,0.000000,1,0,0.000000,0,true,converged,83.533875,83.910603,0.534590,0.000000,0.000000
rep_d95_s40_r7,7,replication,baseline,9550007,17,51,95.0,40.0,0.0,true,2472,0,82.031084,0.000000,3,0,0.000000,0,true,converged,82.084483,81.977365,0.478231,0.000000,0.000000
rep_d95_s40_r8,8,replication,baseline,9550008,29,51,95.0,40.0,0.0,true,2483,0,83.561644,0.000000,1,0,0.000000,0,true,converged,83.613445,83.509514,0.521231,0.000000,0.000000
rep_d95_s40_r9,9,replication,baseline,9550009,17,51,95.0,40.0,0.0,true,2474,0,83.108610,0.000000,1,0,0.000000,0,true,converged,82.864836,83.345546,0.495889,0.000000,0.000000
rep_d95_s40_r10,10,replication,baseline,9550010,28,51,95.0,40.0,0.0,true,2495,0,84.318016,0.000000,1,0,0.000000,0,true,converged,84.663202,83.956934,0.573992,0.000000,0.000000
rep_d95_s40_r11,11,replication,baseline,9550011,18,51,95.0,40.0,0.0,true,2477,0,83.688394,0.000000,1,0,0.000000,0,true,converged,84.129112,83.222501,0.496365,0.000000,0.000000
rep_d95_s40_r12,12,replication,baseline,9550012,27,51,95.0,40.0,0.0,true,2464,0,82.923702,0.000000,1,0,0.000000,0,true,converged,82.181088,83.606894,0.458920,0.000000,0.000000
rep_d95_s40_r13,13,replication,baseline,9550013,24,51,95.0,40.0,0.0,true,2459,0,83.129558,0.000000,1,0,0.000000,0,true,converged,82.791817,83.454297,0.527711,0.000000,0.000000
rep_d95_s40_r14,14,replication,baseline,9550014,22,51,95.0,40.0,0.0,true,2470,0,82.217016,0.000000,2,0,0.000000,0,true,converged,82.035284,82.395109,0.520786,0.000000,0.000000
rep_d95_s40_r15,15,replication,baseline,9550015,29,51,95.0,40.0,0.0,true,2486,0,84.859931,0.000000,1,0,0.000000,0,true,converged,84.561892,85.146680,0.560744,0.000000,0.000000
rep_d95_s40_r16,16,replication,baseline,9550016,16,51,95.0,40.0,0.0,true,2472,0,84.475614,0.000000,4,0,0.000000,0,true,converged,84.475614,84.475614,0.559504,0.000000,0.000000
rep_d95_s40_r17,17,replication,baseline,9550017,21,51,95.0,40.0,0.0,true,2472,0,82.601297,0.000000,1,0,0.000000,0,true,converged,82.919190,82.271348,0.489193,0.000000,0.000000
rep_d95_s40_r18,18,replication,baseline,9550018,20,51,95.0,40.0,0.0,true,2472,0,81.737928,0.000000,2,0,0.000000,0,true,converged,82.041627,81.423780,0.471648,0.000000,0.000000
rep_d95_s40_r19,19,replication,baseline,9550019,20,51,95.0,40.0,0.0,true,2481,0,83.948145,0.000000,1,0,0.000000,0,true,converged,84.020564,83.875066,0.540202,0.000000,0.000000
rep_d95_s40_r20,20,replication,baseline,9550020,21,51,95.0,40.0,0.0,true,2463,0,82.803638,0.000000,2,0,0.000000,0,true,converged,82.945983,82.658897,0.466807,0.000000,0.000000
rep_d95_s40_r21,21,replication,baseline,9550021,22,51,95.0,40.0,0.0,true,2462,0,83.506480,0.000000,1,0,0.000000,0,true,converged,83.150985,83.847283,0.499942,0.000000,0.000000
rep_d95_s40_r22,22,replication,baseline,9550022,16,51,95.0,40.0,0.0,true,2466,0,82.166898,0.000000,5,0,0.000000,0,true,converged,82.355429,81.974295,0.492261,0.000000,0.000000
rep_d95_s40_r23,23,replication,baseline,9550023,21,51,95.0,40.0,0.0,true,2470,0,84.549036,0.000000,1,0,0.000000,0,true,converged,84.601507,84.496207,0.541706,0.000000,0.000000
rep_d95_s40_r24,24,replication,baseline,9550024,23,51,95.0,40.0,0.0,true,2477,0,82.862882,0.000000,1,0,0.000000,0,true,converged,83.376064,82.317007,0.514660,0.000000,0.000000
rep_d95_s40_r25,25,replication,baseline,9550025,14,51,95.0,40.0,0.0,true,2463,0,82.956615,0.000000,1,0,0.000000,0,true,converged,82.790698,83.119363,0.474738,0.000000,0.000000
rep_d95_s40_r26,26,replication,baseline,9550026,22,51,95.0,40.0,0.0,true,2460,0,84.330118,0.000000,1,0,0.000000,0,true,converged,84.436875,84.221886,0.526739,0.000000,0.000000
rep_d95_s40_r27,27,replication,baseline,9550027,18,51,95.0,40.0,0.0,true,2475,0,82.810513,0.000000,2,0,0.000000,0,true,converged,83.191710,82.411624,0.479675,0.000000,0.000000
rep_d95_s40_r28,28,replication,baseline,9550028,18,51,95.0,40.0,0.0,true,2454,0,82.871319,0.000000,1,0,0.000000,0,true,converged,82.606791,83.127922,0.476565,0.000000,0.000000
rep_d95_s40_r29,29,replication,baseline,9550029,17,51,95.0,40.0,0.0,true,2450,0,82.764598,0.000000,1,0,0.000000,0,true,converged,83.025712,82.495324,0.485379,0.000000,0.000000
rep_d95_s45_r0,0,replication,baseline,9555000,23,51,95.0,45.0,0.0,true,2480,0,84.759696,0.000000,1,0,0.000000,0,true,converged,84.915502,84.600639,0.579389,0.000000,0.000000
rep_d95_s45_r1,1,replication,baseline,9555001,20,51,95.0,45.0,0.0,true,2489,0,87.882586,0.000000,1,0,0.000000,0,true,converged,88.046167,87.714467,0.631161,0.000000,0.000000
rep_d95_s45_r2,2,replication,baseline,9555002,25,51,95.0,45.0,0.0,true,2483,0,85.262605,0.000000,1,0,0.000000,0,true,converged,85.399105,85.123529,0.526527,0.000000,0.000000
rep_d95_s45_r3,3,replication,baseline,9555003,19,51,95.0,45.0,0.0,true,2486,0,87.850173,0.000000,1,0,0.000000,0,true,converged,87.727851,87.970081,0.590236,0.000000,0.000000
rep_d95_s45_r4,4,replication,baseline,9555004,25,51,95.0,45.0,0.0,true,2465,0,87.070707,0.000000,2,0,0.000000,0,true,converged,87.314834,86.816999,0.611380,0.000000,0.000000
rep_d95_s45_r5,5,replication,baseline,9555005,20,51,95.0,45.0,0.0,true,2459,0,83.980270,0.000000,1,0,0.000000,0,true,converged,84.550155,83.366733,0.514754,0.000000,0.000000
rep_d95_s45_r6,6,replication,baseline,9555006,20,51,95.0,45.0,0.0,true,2455,0,85.306735,0.000000,1,0,0.000000,0,true,converged,84.991236,85.609244,0.555641,0.000000,0.000000
rep_d95_s45_r7,7,replication,baseline,9555007,21,51,95.0,45.0,0.0,true,2450,0,85.441810,0.000000,1,0,0.000000,0,true,converged,85.884443,84.970520,0.566421,0.000000,0.000000
rep_d95_s45_r8,8,replication,baseline,9555008,19,51,95.0,45.0,0.0,true,2495,0,86.621551,0.000000,1,0,0.000000,0,true,converged,86.480800,86.759402,0.565008,0.000000,0.000000
rep_d95_s45_r9,9,replication,baseline,9555009,18,51,95.0,45.0,0.0,true,2482,0,86.776599,0.000000,1,0,0.000000,0,true,converged,86.919481,86.630562,0.585087,0.000000,0.000000
rep_d95_s45_r10,10,replication,baseline,9555010,23,51,95.0,45.0,0.0,true,2457,0,87.218529,0.000000,1,0,0.000000,0,true,converged,87.171761,87.264957,0.591559,0.000000,0.000000
rep_d95_s45_r11,11,replication,baseline,9555011,33,51,95.0,45.0,0.0,true,2475,0,86.396787,0.000000,1,0,0.000000,0,true,converged,86.863326,85.895890,0.606190,0.000000,0.000000
rep_d95_s45_r12,12,replication,baseline,9555012,20,51,95.0,45.0,0.0,true,2478,0,86.984495,0.000000,1,0,0.000000,0,true,converged,86.668107,87.286215,0.616348,0.000000,0.000000
rep_d95_s45_r13,13,replication,baseline,9555013,26,51,95.0,45.0,0.0,true,2491,0,86.085595,0.000000,1,0,0.000000,0,true,converged,86.167895,86.002310,0.555109,0.000000,0.000000
rep_d95_s45_r14,14,replication,baseline,9555014,27,51,95.0,45.0,0.0,true,2465,0,86.073254,0.000000,2,0,0.000000,0,true,converged,86.187962,85.956624,0.554502,0.000000,0.000000
rep_d95_s45_r15,15,replication,baseline,9555015,17,51,95.0,45.0,0.0,true,2472,0,85.897436,0.000000,4,0,0.000000,0,true,converged,85.674308,86.113719,0.530914,0.000000,0.000000
rep_d95_s45_r16,16,replication,baseline,9555016,32,51,95.0,45.0,0.0,true,2476,0,87.180840,0.000000,1,0,0.000000,0,true,converged,87.297439,87.062081,0.594352,0.000000,0.000000
rep_d95_s45_r17,17,replication,baseline,9555017,21,51,95.0,45.0,0.0,true,2473,0,86.644779,0.000000,1,0,0.000000,0,true,converged,86.634870,86.654672,0.626314,0.000000,0.000000
rep_d95_s45_r18,18,replication,baseline,9555018,21,51,95.0,45.0,0.0,true,2490,0,87.120025,0.000000,1,0,0.000000,0,true,converged,86.839577,87.388770,0.597453,0.000000,0.000000
rep_d95_s45_r19,19,replication,baseline,9555019,28,51,95.0,45.0,0.0,true,2468,0,87.323495,0.000000,1,0,0.000000,0,true,converged,87.133621,87.507847,0.652704,0.000000,0.000000
rep_d95_s45_r20,20,replication,baseline,9555020,26,51,95.0,45.0,0.0,true,2469,0,86.836248,0.000000,2,0,0.000000,0,true,converged,86.578777,87.084027,0.634360,0.000000,0.000000
rep_d95_s45_r21,21,replication,baseline,9555021,21,51,95.0,45.0,0.0,true,2475,0,85.443574,0.000000,2,0,0.000000,0,true,converged,85.696453,85.181593,0.534926,0.000000,0.000000
rep_d95_s45_r22,22,replication,baseline,9555022,23,51,95.0,45.0,0.0,true,2473,0,86.015022,0.000000,1,0,0.000000,0,true,converged,86.340153,85.674036,0.568606,0.000000,0.000000
rep_d95_s45_r23,23,replication,baseline,9555023,33,51,95.0,45.0,0.0,true,2490,0,86.336572,0.000000,1,0,0.000000,0,true,converged,86.425903,86.246057,0.585390,0.000000,0.000000
rep_d95_s45_r24,24,replication,baseline,9555024,20,51,95.0,45.0,0.0,true,2480,0,85.933881,0.000000,1,0,0.000000,0,true,converged,86.322686,85.522323,0.595074,0.000000,0.000000
rep_d95_s45_r25,25,replication,baseline,9555025,28,51,95.0,45.0,0.0,true,2446,0,86.808557,0.000000,1,0,0.000000,0,true,converged,86.861078,86.755613,0.578220,0.000000,0.000000
rep_d95_s45_r26,26,replication,baseline,9555026,25,51,95.0,45.0,0.0,true,2453,0,86.529387,0.000000,1,0,0.000000,0,true,converged,86.401039,86.655334,0.557984,0.000000,0.000000
rep_d95_s45_r27,27,replication,baseline,9555027,20,51,95.0,45.0,0.0,true,2482,0,85.427611,0.000000,1,0,0.000000,0,true,converged,86.028004,84.773301,0.518449,0.000000,0.000000
rep_d95_s45_r28,28,replication,baseline,9555028,21,51,95.0,45.0,0.0,true,2472,0,87.291821,0.000000,2,0,0.000000,0,true,converged,87.479097,87.098858,0.642219,0.000000,0.000000
rep_d95_s45_r29,29,replication,baseline,9555029,18,51,95.0,45.0,0.0,true,2473,0,86.783254,0.000000,3,0,0.000000,0,true,converged,86.334247,87.203694,0.573748,0.000000,0.000000
rep_d95_s50_r0,0,replication,baseline,9560000,34,51,95.0,50.0,0.0,true,2484,0,86.351706,0.000000,3,0,0.000000,0,true,converged,86.321549,86.381731,0.601076,0.000000,0.000000
rep_d95_s50_r1,1,replication,baseline,9560001,21,51,95.0,50.0,0.0,true,2484,0,86.813417,0.000000,2,0,0.000000,0,true,converged,86.701903,86.923077,0.608827,0.000000,0.000000
rep_d95_s50_r2,2,replication,baseline,9560002,19,51,95.0,50.0,0.0,true,2484,0,86.698886,0.000000,1,0,0.000000,0,true,converged,86.929589,86.459893,0.596527,0.000000,0.000000
rep_d95_s50_r3,3,replication,baseline,9560003,18,51,95.0,50.0,0.0,true,2460,0,86.009420,0.000000,1,0,0.000000,0,true,converged,86.037816,85.980907,0.573953,0.000000,0.000000
rep_d95_s50_r4,4,replication,baseline,9560004,22,51,95.0,50.0,0.0,true,2476,0,84.364443,0.000000,1,0,0.000000,0,true,converged,84.418727,84.309779,0.524863,0.000000,0.000000
rep_d95_s50_r5,5,replication,baseline,9560005,18,51,95.0,50.0,0.0,true,2481,0,85.601599,0.000000,1,0,0.000000,0,true,converged,85.207996,85.974798,0.564254,0.000000,0.000000
rep_d95_s50_r6,6,replication,baseline,9560006,28,51,95.0,50.0,0.0,true,2469,0,86.037135,0.000000,1,0,0.000000,0,true,converged,86.167753,85.904027,0.566643,0.000000,0.000000
rep_d95_s50_r7,7,replication,baseline,9560007,19,51,95.0,50.0,0.0,true,2462,0,85.563267,0.000000,1,0,0.000000,0,true,converged,85.409022,85.714286,0.532632,0.000000,0.000000
rep_d95_s50_r8,8,replication,baseline,9560008,33,51,95.0,50.0,0.0,true,2488,0,87.437238,0.000000,1,0,0.000000,0,true,converged,87.324538,87.547952,0.637756,0.000000,0.000000
rep_d95_s50_r9,9,replication,baseline,9560009,22,51,95.0,50.0,0.0,true,2471,0,86.206531,0.000000,1,0,0.000000,0,true,converged,86.069172,86.341207,0.575134,0.000000,0.000000
rep_d95_s50_r10,10,replication,baseline,9560010,23,51,95.0,50.0,0.0,true,2460,0,87.530745,0.000000,2,0,0.000000,0,true,converged,87.770086,87.281850,0.616611,0.000000,0.000000
rep_d95_s50_r11,11,replication,baseline,9560011,41,51,95.0,50.0,0.0,true,2446,0,87.885986,0.000000,1,0,0.000000,0,true,converged,87.945853,87.825521,0.636141,0.000000,0.000000
rep_d95_s50_r12,12,replication,baseline,9560012,27,51,95.0,50.0,0.0,true,2455,0,87.529513,0.000000,1,0,0.000000,0,true,converged,87.375054,87.680237,0.604254,0.000000,0.000000
rep_d95_s50_r13,13,replication,baseline,9560013,18,51,95.0,50.0,0.0,true,2449,0,85.907127,0.000000,2,0,0.000000,0,true,converged,86.287696,85.504832,0.531920,0.000000,0.000000
rep_d95_s50_r14,14,replication,baseline,9560014,25,51,95.0,50.0,0.0,true,2474,0,86.030268,0.000000,1,0,0.000000,0,true,converged,85.867238,86.189579,0.575372,0.000000,0.000000
rep_d95_s50_r15,15,replication,baseline,9560015,18,51,95.0,50.0,0.0,true,2471,0,86.620690,0.000000,1,0,0.000000,0,true,converged,86.312819,86.915015,0.592199,0.000000,0.000000
rep_d95_s50_r16,16,replication,baseline,9560016,27,51,95.0,50.0,0.0,true,2485,0,86.935095,0.000000,1,0,0.000000,0,true,converged,86.744681,87.120116,0.576214,0.000000,0.000000
rep_d95_s50_r17,17,replication,baseline,9560017,25,51,95.0,50.0,0.0,true,2447,0,86.869340,0.000000,1,0,0.000000,0,true,converged,87.296621,86.412316,0.579534,0.000000,0.000000
rep_d95_s50_r18,18,replication,baseline,9560018,31,51,95.0,50.0,0.0,true,2470,0,87.706480,0.000000,1,0,0.000000,0,true,converged,87.533555,87.874674,0.641275,0.000000,0.000000
rep_d95_s50_r19,19,replication,baseline,9560019,20,51,95.0,50.0,0.0,true,2475,0,86.154821,0.000000,1,0,0.000000,0,true,converged,86.241998,86.066532,0.560006,0.000000,0.000000
rep_d95_s50_r20,20,replication,baseline,9560020,31,51,95.0,50.0,0.0,true,2476,0,86.956522,0.000000,1,0,0.000000,0,true,converged,86.266667,87.580386,0.593788,0.000000,0.000000
rep_d95_s50_r21,21,replication,baseline,9560021,24,51,95.0,50.0,0.0,true,2464,0,87.330847,0.000000,1,0,0.000000,0,true,converged,87.456483,87.202669,0.596564,0.000000,0.000000
rep_d95_s50_r22,22,replication,baseline,9560022,22,51,95.0,50.0,0.0,true,2478,0,86.859852,0.000000,1,0,0.000000,0,true,converged,86.987373,86.729807,0.603290,0.000000,0.000000
rep_d95_s50_r23,23,replication,baseline,9560023,21,51,95.0,50.0,0.0,true,2482,0,85.444971,0.000000,1,0,0.000000,0,true,converged,85.470984,85.418865,0.557637,0.000000,0.000000
rep_d95_s50_r24,24,replication,baseline,9560024,29,51,95.0,50.0,0.0,true,2493,0,86.650688,0.000000,1,0,0.000000,0,true,converged,86.559647,86.740503,0.543484,0.000000,0.000000
rep_d95_s50_r25,25,replication,baseline,9560025,24,51,95.0,50.0,0.0,true,2473,0,85.144007,0.000000,1,0,0.000000,0,true,converged,85.110899,85.176968,0.527933,0.000000,0.000000
rep_d95_s50_r26,26,replication,baseline,9560026,28,51,95.0,50.0,0.0,true,2481,0,86.791461,0.000000,1,0,0.000000,0,true,converged,86.572589,87.003311,0.621128,0.000000,0.000000
rep_d95_s50_r27,27,replication,baseline,9560027,30,51,95.0,50.0,0.0,true,2464,0,87.662615,0.000000,1,0,0.000000,0,true,converged,87.406117,87.908872,0.655739,0.000000,0.000000
rep_d95_s50_r28,28,replication,baseline,9560028,23,51,95.0,50.0,0.0,true,2455,0,86.535990,0.000000,1,0,0.000000,0,true,converged,86.945685,86.099746,0.573147,0.000000,0.000000
rep_d95_s50_r29,29,replication,baseline,9560029,31,51,95.0,50.0,0.0,true,2466,0,86.892223,0.000000,1,0,0.000000,0,true,converged,87.158641,86.614515,0.573319,0.000000,0.000000
rep_d95_s55_r0,0,replication,baseline,9565000,150,51,95.0,55.0,0.0,true,2452,0,95.306627,0.000000,1,0,0.000000,0,true,converged,95.320698,95.292470,0.757752,0.000000,0.000000
rep_d95_s55_r1,1,replication,baseline,9565001,147,51,95.0,55.0,0.0,true,2459,0,95.424417,0.000000,1,0,0.000000,0,true,converged,95.450680,95.397849,0.769146,0.000000,0.000000
rep_d95_s55_r2,2,replication,baseline,9565002,110,51,95.0,55.0,0.0,true,2458,0,94.900911,0.000000,1,0,0.000000,0,true,converged,94.693423,95.092784,0.744847,0.000000,0.000000
rep_d95_s55_r3,3,replication,baseline,9565003,97,51,95.0,55.0,0.0,true,2483,0,96.252362,0.000000,1,0,0.000000,0,true,converged,96.265300,96.239334,0.826724,0.000000,0.000000
rep_d95_s55_r4,4,replication,baseline,9565004,83,51,95.0,55.0,0.0,true,2456,0,95.397983,0.000000,2,0,0.000000,0,true,converged,95.430823,95.364668,0.794626,0.000000,0.000000
rep_d95_s55_r5,5,replication,baseline,9565005,116,51,95.0,55.0,0.0,true,2479,0,95.154835,0.000000,1,0,0.000000,0,true,converged,95.050570,95.254797,0.780537,0.000000,0.000000
rep_d95_s55_r6,6,replication,baseline,9565006,146,51,95.0,55.0,0.0,true,2470,0,95.860751,0.000000,1,0,0.000000,0,true,converged,95.865140,95.856354,0.810493,0.000000,0.000000
rep_d95_s55_r7,7,replication,baseline,9565007,119,51,95.0,55.0,0.0,true,2469,0,96.010610,0.000000,1,0,0.000000,0,true,converged,95.964799,96.055392,0.771898,0.000000,0.000000
rep_d95_s55_r8,8,replication,baseline,9565008,97,51,95.0,55.0,0.0,true,2471,0,95.814791,0.000000,1,0,0.000000,0,true,converged,95.912243,95.712580,0.802840,0.000000,0.000000
rep_d95_s55_r9,9,replication,baseline,9565009,92,51,95.0,55.0,0.0,true,2486,0,95.553225,0.000000,1,0,0.000000,0,true,converged,95.389300,95.705894,0.786654,0.000000,0.000000
rep_d95_s55_r10,10,replication,baseline,9565010,195,51,95.0,55.0,0.0,true,2495,0,96.147037,0.000000,1,0,0.000000,0,true,converged,96.093750,96.198890,0.820541,0.000000,0.000000
rep_d95_s55_r11,11,replication,baseline,9565011,100,51,95.0,55.0,0.0,true,2479,0,96.195996,0.000000,1,0,0.000000,0,true,converged,96.265646,96.123698,0.819135,0.000000,0.000000
rep_d95_s55_r12,12,replication,baseline,9565012,129,51,95.0,55.0,0.0,true,2476,0,95.564474,0.000000,1,0,0.000000,0,true,converged,95.527157,95.601173,0.776519,0.000000,0.000000
rep_d95_s55_r13,13,replication,baseline,9565013,88,51,95.0,55.0,0.0,true,2477,0,94.858530,0.000000,1,0,0.000000,0,true,converged,94.884991,94.831795,0.794172,0.000000,0.000000
rep_d95_s55_r14,14,replication,baseline,9565014,91,51,95.0,55.0,0.0,true,2473,0,95.722152,0.000000,1,0,0.000000,0,true,converged,95.816073,95.623917,0.804045,0.000000,0.000000
rep_d95_s55_r15,15,replication,baseline,9565015,109,51,95.0,55.0,0.0,true,2479,0,95.951075,0.000000,1,0,0.000000,0,true,converged,95.909672,95.991649,0.812148,0.000000,0.000000
rep_d95_s55_r16,16,replication,baseline,9565016,173,51,95.0,55.0,0.0,true,2466,0,95.170727,0.000000,2,0,0.000000,0,true,converged,95.121427,95.219040,0.765706,0.000000,0.000000
rep_d95_s55_r17,17,replication,baseline,9565017,103,51,95.0,55.0,0.0,true,2460,0,95.498770,0.000000,1,0,0.000000,0,true,converged,95.561413,95.434335,0.783144,0.000000,0.000000
rep_d95_s55_r18,18,replication,baseline,9565018,88,51,95.0,55.0,0.0,true,2471,0,94.906621,0.000000,1,0,0.000000,0,true,converged,94.877268,94.935640,0.753222,0.000000,0.000000
rep_d95_s55_r19,19,replication,baseline,9565019,210,51,95.0,55.0,0.0,true,2482,0,96.395544,0.000000,1,0,0.000000,0,true,converged,96.289886,96.495351,0.806021,0.000000,0.000000
rep_d95_s55_r20,20,replication,baseline,9565020,78,51,95.0,55.0,0.0,true,2472,0,94.670481,0.000000,1,0,0.000000,0,true,converged,94.770766,94.566274,0.768489,0.000000,0.000000
rep_d95_s55_r21,21,replication,baseline,9565021,113,51,95.0,55.0,0.0,true,2461,0,96.024792,0.000000,1,0,0.000000,0,true,converged,96.057652,95.991379,0.808480,0.000000,0.000000
rep_d95_s55_r22,22,replication,baseline,9565022,140,51,95.0,55.0,0.0,true,2484,0,95.821522,0.000000,2,0,0.000000,0,true,converged,95.922967,95.714901,0.787085,0.000000,0.000000
rep_d95_s55_r23,23,replication,baseline,9565023,89,51,95.0,55.0,0.0,true,2461,0,95.126122,0.000000,1,0,0.000000,0,true,converged,95.119863,95.132365,0.753868,0.000000,0.000000
rep_d95_s55_r24,24,replication,baseline,9565024,135,51,95.0,55.0,0.0,true,2457,0,96.029538,0.000000,1,0,0.000000,0,true,converged,95.927105,96.126944,0.808005,0.000000,0.000000
rep_d95_s55_r25,25,replication,baseline,9565025,115,51,95.0,55.0,0.0,true,2467,0,96.278971,0.000000,1,0,0.000000,0,true,converged,96.360990,96.193169,0.802083,0.000000,0.000000
rep_d95_s55_r26,26,replication,baseline,9565026,81,51,95.0,55.0,0.0,true,2458,0,95.402915,0.000000,1,0,0.000000,0,true,converged,95.245484,95.550254,0.760171,0.000000,0.000000
rep_d95_s55_r27,27,replication,baseline,9565027,84,51,95.0,55.0,0.0,true,2477,0,95.288898,0.000000,1,0,0.000000,0,true,converged,95.282420,95.295359,0.760237,0.000000,0.000000
rep_d95_s55_r28,28,replication,baseline,9565028,95,51,95.0,55.0,0.0,true,2470,0,95.364871,0.000000,1,0,0.000000,0,true,converged,95.467275,95.257732,0.792716,0.000000,0.000000
rep_d95_s55_r29,29,replication,baseline,9565029,88,51,95.0,55.0,0.0,true,2472,0,94.837273,0.000000,2,0,0.000000,0,true,converged,94.841648,94.832891,0.750000,0.000000,0.000000
rep_d95_s60_r0,0,replication,baseline,9570000,486,51,95.0,60.0,0.0,true,2462,0,99.076335,0.000000,3,0,0.000000,0,true,converged,99.028693,99.119522,0.870584,0.000000,0.000000
rep_d95_s60_r1,1,replication,baseline,9570001,761,51,95.0,60.0,0.0,true,2459,0,99.009901,0.000000,1,0,0.000000,0,true,converged,99.014517,99.005241,0.865012,0.000000,0.000000
rep_d95_s60_r2,2,replication,baseline,9570002,1567,51,95.0,60.0,0.0,true,2477,0,99.128243,0.000000,1,0,0.000000,0,true,converged,99.112964,99.143005,0.881426,0.000000,0.000000
rep_d95_s60_r3,3,replication,baseline,9570003,209,51,95.0,60.0,0.0,true,2480,0,98.846839,0.000000,3,0,0.000000,0,true,converged,98.826792,98.866213,0.885714,0.000000,0.000000
rep_d95_s60_r4,4,replication,baseline,9570004,871,51,95.0,60.0,0.0,true,2460,0,98.840549,0.000000,1,0,0.000000,0,true,converged,98.798633,98.879638,0.876510,0.000000,0.000000
rep_d95_s60_r5,5,replication,baseline,9570005,713,51,95.0,60.0,0.0,true,2458,0,98.721500,0.000000,1,0,0.000000,0,true,converged,98.699328,98.742929,0.898387,0.000000,0.000000
rep_d95_s60_r6,6,replication,baseline,9570006,484,51,95.0,60.0,0.0,true,2453,0,98.791056,0.000000,1,0,0.000000,0,true,converged,98.810902,98.770536,0.867973,0.000000,0.000000
rep_d95_s60_r7,7,replication,baseline,9570007,429,51,95.0,60.0,0.0,true,2458,0,98.806861,0.000000,1,0,0.000000,0,true,converged,98.804696,98.809017,0.883645,0.000000,0.000000
rep_d95_s60_r8,8,replication,baseline,9570008,565,51,95.0,60.0,0.0,true,2459,0,98.765038,0.000000,1,0,0.000000,0,true,converged,98.805355,98.721904,0.875717,0.000000,0.000000
rep_d95_s60_r9,9,replication,baseline,9570009,665,51,95.0,60.0,0.0,true,2484,0,99.300115,0.000000,3,0,0.000000,0,true,converged,99.285486,99.314157,0.921180,0.000000,0.000000
rep_d95_s60_r10,10,replication,baseline,9570010,456,51,95.0,60.0,0.0,true,2493,0,99.253267,0.000000,1,0,0.000000,0,true,converged,99.235344,99.270369,0.906373,0.000000,0.000000
rep_d95_s60_r11,11,replication,baseline,9570011,492,51,95.0,60.0,0.0,true,2455,0,98.921747,0.000000,1,0,0.000000,0,true,converged,98.934936,98.908226,0.891243,0.000000,0.000000
rep_d95_s60_r12,12,replication,baseline,9570012,531,51,95.0,60.0,0.0,true,2464,0,99.088210,0.000000,1,0,0.000000,0,true,converged,99.082373,99.093974,0.898485,0.000000,0.000000
rep_d95_s60_r13,13,replication,baseline,9570013,713,51,95.0,60.0,0.0,true,2456,0,99.082765,0.000000,1,0,0.000000,0,true,converged,99.045293,99.117406,0.863466,0.000000,0.000000
rep_d95_s60_r14,14,replication,baseline,9570014,646,51,95.0,60.0,0.0,true,2468,0,98.794416,0.000000,2,0,0.000000,0,true,converged,98.796453,98.792373,0.894663,0.000000,0.000000
rep_d95_s60_r15,15,replication,baseline,9570015,634,51,95.0,60.0,0.0,true,2484,0,98.954303,0.000000,1,0,0.000000,0,true,converged,98.973306,98.934583,0.901529,0.000000,0.000000
rep_d95_s60_r16,16,replication,baseline,9570016,326,51,95.0,60.0,0.0,true,2448,0,98.582931,0.000000,2,0,0.000000,0,true,converged,98.603470,98.561778,0.839254,0.000000,0.000000
rep_d95_s60_r17,17,replication,baseline,9570017,487,51,95.0,60.0,0.0,true,2474,0,99.094546,0.000000,1,0,0.000000,0,true,converged,99.071074,99.116862,0.913190,0.000000,0.000000
rep_d95_s60_r18,18,replication,baseline,9570018,2362,51,95.0,60.0,0.0,true,2500,0,98.966942,0.000000,1,0,0.000000,0,true,converged,98.934356,98.997594,0.900175,0.000000,0.000000
rep_d95_s60_r19,19,replication,baseline,9570019,727,51,95.0,60.0,0.0,true,2477,0,99.307014,0.000000,1,0,0.000000,0,true,converged,99.288179,99.324877,0.941820,0.000000,0.000000
rep_d95_s60_r20,20,replication,baseline,9570020,616,51,95.0,60.0,0.0,true,2469,0,98.816193,0.000000,1,0,0.000000,0,true,converged,98.847025,98.783666,0.882206,0.000000,0.000000
rep_d95_s60_r21,21,replication,baseline,9570021,1182,51,95.0,60.0,0.0,true,2494,0,99.388284,0.000000,1,0,0.000000,0,true,converged,99.365660,99.409350,0.923367,0.000000,0.000000
rep_d95_s60_r22,22,replication,baseline,9570022,615,51,95.0,60.0,0.0,true,2468,0,98.868443,0.000000,1,0,0.000000,0,true,converged,98.888312,98.847852,0.876712,0.000000,0.000000
rep_d95_s60_r23,23,replication,baseline,9570023,941,51,95.0,60.0,0.0,true,2481,0,99.067868,0.000000,1,0,0.000000,0,true,converged,99.031029,99.102008,0.897518,0.000000,0.000000
rep_d95_s60_r24,24,replication,baseline,9570024,530,51,95.0,60.0,0.0,true,2463,0,98.811419,0.000000,1,0,0.000000,0,true,converged,98.765704,98.853868,0.895886,0.000000,0.000000
rep_d95_s60_r25,25,replication,baseline,9570025,1096,51,95.0,60.0,0.0,true,2476,0,98.917043,0.000000,2,0,0.000000,0,true,converged,98.913387,98.920675,0.879677,0.000000,0.000000
rep_d95_s60_r26,26,replication,baseline,9570026,422,51,95.0,60.0,0.0,true,2476,0,99.012398,0.000000,1,0,0.000000,0,true,converged,99.035106,98.988595,0.903714,0.000000,0.000000
rep_d95_s60_r27,27,replication,baseline,9570027,740,51,95.0,60.0,0.0,true,2481,0,99.026076,0.000000,1,0,0.000000,0,true,converged,99.014099,99.037765,0.908754,0.000000,0.000000
rep_d95_s60_r28,28,replication,baseline,9570028,386,51,95.0,60.0,0.0,true,2481,0,98.931713,0.000000,1,0,0.000000,0,true,converged,98.947151,98.915816,0.903385,0.000000,0.000000
rep_d95_s60_r29,29,replication,baseline,9570029,1048,51,95.0,60.0,0.0,true,2476,0,99.001262,0.000000,1,0,0.000000,0,true,converged,99.022533,98.979044,0.883316,0.000000,0.000000
rep_d95_s65_r0,0,replication,baseline,9575000,532,51,95.0,65.0,0.0,true,2466,0,98.793012,0.000000,1,0,0.000000,0,true,converged,98.810269,98.775247,0.881843,0.000000,0.000000
rep_d95_s65_r1,1,replication,baseline,9575001,673,51,95.0,65.0,0.0,true,2488,0,99.021037,0.000000,2,0,0.000000,0,true,converged,99.030328,99.011567,0.898805,0.000000,0.000000
rep_d95_s65_r2,2,replication,baseline,9575002,1665,51,95.0,65.0,0.0,true,2474,0,98.947701,0.000000,1,0,0.000000,0,true,converged,98.932536,98.962440,0.903435,0.000000,0.000000
rep_d95_s65_r3,3,replication,baseline,9575003,909,51,95.0,65.0,0.0,true,2483,0,99.195066,0.000000,1,0,0.000000,0,true,converged,99.217082,99.171776,0.887193,0.000000,0.000000
rep_d95_s65_r4,4,replication,baseline,9575004,595,51,95.0,65.0,0.0,true,2472,0,98.967443,0.000000,1,0,0.000000,0,true,converged,98.942370,98.991354,0.883393,0.000000,0.000000
rep_d95_s65_r5,5,replication,baseline,9575005,397,51,95.0,65.0,0.0,true,2473,0,98.947036,0.000000,1,0,0.000000,0,true,converged,98.945815,98.948254,0.885183,0.000000,0.000000
rep_d95_s65_r6,6,replication,baseline,9575006,430,51,95.0,65.0,0.0,true,2470,0,99.113269,0.000000,2,0,0.000000,0,true,converged,99.123539,99.102756,0.879056,0.000000,0.000000
rep_d95_s65_r7,7,replication,baseline,9575007,3565,51,95.0,65.0,0.0,true,2475,0,99.411517,0.000000,1,0,0.000000,0,true,converged,99.404255,99.418605,0.933144,0.000000,0.000000
rep_d95_s65_r8,8,replication,baseline,9575008,301,51,95.0,65.0,0.0,true,2463,0,98.950159,0.000000,1,0,0.000000,0,true,converged,98.930539,98.969072,0.905949,0.000000,0.000000
rep_d95_s65_r9,9,replication,baseline,9575009,513,51,95.0,65.0,0.0,true,2481,0,99.078920,0.000000,1,0,0.000000,0,true,converged,99.106962,99.049060,0.884399,0.000000,0.000000
rep_d95_s65_r10,10,replication,baseline,9575010,265,51,95.0,65.0,0.0,true,2477,0,99.118758,0.000000,1,0,0.000000,0,true,converged,99.133485,99.103522,0.885760,0.000000,0.000000
rep_d95_s65_r11,11,replication,baseline,9575011,993,51,95.0,65.0,0.0,true,2482,0,98.890865,0.000000,1,0,0.000000,0,true,converged,98.890052,98.891677,0.901703,0.000000,0.000000
rep_d95_s65_r12,12,replication,baseline,9575012,447,51,95.0,65.0,0.0,true,2466,0,98.983589,0.000000,1,0,0.000000,0,true,converged,98.976764,98.990324,0.908402,0.000000,0.000000
rep_d95_s65_r13,13,replication,baseline,9575013,738,51,95.0,65.0,0.0,true,2479,0,99.171560,0.000000,1,0,0.000000,0,true,converged,99.178025,99.164993,0.907358,0.000000,0.000000
rep_d95_s65_r14,14,replication,baseline,9575014,957,51,95.0,65.0,0.0,true,2475,0,99.022185,0.000000,1,0,0.000000,0,true,converged,99.025055,99.019298,0.873240,0.000000,0.000000
rep_d95_s65_r15,15,replication,baseline,9575015,397,51,95.0,65.0,0.0,true,2474,0,99.147817,0.000000,1,0,0.000000,0,true,converged,99.143492,99.152099,0.895653,0.000000,0.000000
rep_d95_s65_r16,16,replication,baseline,9575016,472,51,95.0,65.0,0.0,true,2479,0,98.972315,0.000000,1,0,0.000000,0,true,converged,99.010301,98.931298,0.892332,0.000000,0.000000
rep_d95_s65_r17,17,replication,baseline,9575017,1753,51,95.0,65.0,0.0,true,2458,0,99.169594,0.000000,1,0,0.000000,0,true,converged,99.183588,99.155113,0.898797,0.000000,0.000000
rep_d95_s65_r18,18,replication,baseline,9575018,435,51,95.0,65.0,0.0,true,2452,0,99.004922,0.000000,2,0,0.000000,0,true,converged,98.997305,99.012424,0.882622,0.000000,0.000000
rep_d95_s65_r19,19,replication,baseline,9575019,882,51,95.0,65.0,0.0,true,2481,0,98.995396,0.000000,2,0,0.000000,0,true,converged,98.970178,99.019408,0.892859,0.000000,0.000000
rep_d95_s65_r20,20,replication,baseline,9575020,348,51,95.0,65.0,0.0,true,2472,0,98.956577,0.000000,1,0,0.000000,0,true,converged,98.954704,98.958443,0.894066,0.000000,0.000000
rep_d95_s65_r21,21,replication,baseline,9575021,401,51,95.0,65.0,0.0,true,2464,0,98.823155,0.000000,1,0,0.000000,0,true,converged,98.791245,98.853424,0.885638,0.000000,0.000000
rep_d95_s65_r22,22,replication,baseline,9575022,464,51,95.0,65.0,0.0,true,2474,0,99.000105,0.000000,1,0,0.000000,0,true,converged,99.001786,98.998419,0.902206,0.000000,0.000000
rep_d95_s65_r23,23,replication,baseline,9575023,498,51,95.0,65.0,0.0,true,2466,0,99.058101,0.000000,1,0,0.000000,0,true,converged,99.079342,99.035857,0.909200,0.000000,0.000000
rep_d95_s65_r24,24,replication,baseline,9575024,579,51,95.0,65.0,0.0,true,2474,0,99.305775,0.000000,1,0,0.000000,0,true,converged,99.304678,99.306868,0.889226,0.000000,0.000000
rep_d95_s65_r25,25,replication,baseline,9575025,451,51,95.0,65.0,0.0,true,2468,0,99.123085,0.000000,1,0,0.000000,0,true,converged,99.146178,99.098708,0.892729,0.000000,0.000000
rep_d95_s65_r26,26,replication,baseline,9575026,1353,51,95.0,65.0,0.0,true,2484,0,98.923832,0.000000,1,0,0.000000,0,true,converged,98.940656,98.906466,0.904300,0.000000,0.000000
rep_d95_s65_r27,27,replication,baseline,9575027,456,51,95.0,65.0,0.0,true,2471,0,98.913731,0.000000,1,0,0.000000,0,true,converged,98.898278,98.928757,0.904367,0.000000,0.000000
rep_d95_s65_r28,28,replication,baseline,9575028,234,51,95.0,65.0,0.0,true,2469,0,98.996514,0.000000,1,0,0.000000,0,true,converged,98.984717,99.008040,0.905012,0.000000,0.000000
rep_d95_s65_r29,29,replication,baseline,9575029,478,51,95.0,65.0,0.0,true,2472,0,99.051633,0.000000,1,0,0.000000,0,true,converged,99.008155,99.091460,0.894814,0.000000,0.000000
rep_d95_s70_r0,0,replication,baseline,9580000,1145,51,95.0,70.0,0.0,true,2461,0,99.894213,0.000000,1,0,0.000000,0,true,converged,99.896737,99.891564,0.933586,0.000000,0.000000
rep_d95_s70_r1,1,replication,baseline,9580001,2295,51,95.0,70.0,0.0,true,2485,0,99.885643,0.000000,1,0,0.000000,0,true,converged,99.881376,99.889614,0.938049,0.000000,0.000000
rep_d95_s70_r2,2,replication,baseline,9580002,10000,51,95.0,70.0,0.0,true,2482,75,97.671018,3.021757,64,0,0.000000,0,false,max_ticks,97.612675,97.726578,0.885151,0.000000,0.000000
rep_d95_s70_r3,3,replication,baseline,9580003,1930,51,95.0,70.0,0.0,true,2446,0,99.818434,0.000000,1,0,0.000000,0,true,converged,99.814996,99.821747,0.936744,0.000000,0.000000
rep_d95_s70_r4,4,replication,baseline,9580004,1334,51,95.0,70.0,0.0,true,2463,0,99.767981,0.000000,1,0,0.000000,0,true,converged,99.767638,99.768324,0.945639,0.000000,0.000000
rep_d95_s70_r5,5,replication,baseline,9580005,1068,51,95.0,70.0,0.0,true,2483,0,99.802207,0.000000,1,0,0.000000,0,true,converged,99.801898,99.802515,0.946079,0.000000,0.000000
rep_d95_s70_r6,6,replication,baseline,9580006,10000,51,95.0,70.0,0.0,true,2478,31,99.049012,1.251009,28,0,0.000000,0,false,max_ticks,99.057288,99.040590,0.917501,0.000000,0.000000
rep_d95_s70_r7,7,replication,baseline,9580007,10000,51,95.0,70.0,0.0,true,2483,36,98.862688,1.449859,36,0,0.000000,0,false,max_ticks,98.849847,98.875245,0.935393,0.000000,0.000000
rep_d95_s70_r8,8,replication,baseline,9580008,756,51,95.0,70.0,0.0,true,2490,0,99.844447,0.000000,1,0,0.000000,0,true,converged,99.844961,99.843929,0.939869,0.000000,0.000000
rep_d95_s70_r9,9,replication,baseline,9580009,10000,51,95.0,70.0,0.0,true,2477,78,97.678067,3.148971,59,0,0.000000,0,false,max_ticks,97.712755,97.642311,0.892238,0.000000,0.000000
rep_d95_s70_r10,10,replication,baseline,9580010,1402,51,95.0,70.0,0.0,true,2478,0,99.780770,0.000000,1,0,0.000000,0,true,converged,99.781637,99.779897,0.942731,0.000000,0.000000
rep_d95_s70_r11,11,replication,baseline,9580011,781,51,95.0,70.0,0.0,true,2451,0,99.723610,0.000000,1,0,0.000000,0,true,converged,99.712580,99.733825,0.922006,0.000000,0.000000
rep_d95_s70_r12,12,replication,baseline,9580012,942,51,95.0,70.0,0.0,true,2471,0,99.716744,0.000000,2,0,0.000000,0,true,converged,99.710518,99.722707,0.927258,0.000000,0.000000
rep_d95_s70_r13,13,replication,baseline,9580013,10000,51,95.0,70.0,0.0,true,2489,35,98.712758,1.406187,40,0,0.000000,0,false,max_ticks,98.687275,98.737271,0.931569,0.000000,0.000000
rep_d95_s70_r14,14,replication,baseline,9580014,882,51,95.0,70.0,0.0,true,2455,0,99.798344,0.000000,1,0,0.000000,0,true,converged,99.803129,99.793321,0.922925,0.000000,0.000000
rep_d95_s70_r15,15,replication,baseline,9580015,991,51,95.0,70.0,0.0,true,2465,0,99.747475,0.000000,1,0,0.000000,0,true,converged,99.745817,99.749111,0.934312,0.000000,0.000000
rep_d95_s70_r16,16,replication,baseline,9580016,10000,51,95.0,70.0,0.0,true,2471,16,99.369748,0.647511,17,0,0.000000,0,false,max_ticks,99.371728,99.367756,0.918249,0.000000,0.000000
rep_d95_s70_r17,17,replication,baseline,9580017,10000,51,95.0,70.0,0.0,true,2478,38,98.775895,1.533495,34,0,0.000000,0,false,max_ticks,98.775510,98.776279,0.916868,0.000000,0.000000
rep_d95_s70_r18,18,replication,baseline,9580018,2480,51,95.0,70.0,0.0,true,2486,0,99.864907,0.000000,2,0,0.000000,0,true,converged,99.863316,99.866461,0.935867,0.000000,0.000000
rep_d95_s70_r19,19,replication,baseline,9580019,10000,51,95.0,70.0,0.0,true,2471,29,99.012709,1.173614,30,0,0.000000,0,false,max_ticks,99.015913,99.009484,0.932038,0.000000,0.000000
rep_d95_s70_r20,20,replication,baseline,9580020,1228,51,95.0,70.0,0.0,true,2477,0,99.759816,0.000000,1,0,0.000000,0,true,converged,99.751915,99.767230,0.923878,0.000000,0.000000
rep_d95_s70_r21,21,replication,baseline,9580021,10000,51,95.0,70.0,0.0,true,2471,21,99.328296,0.849858,21,0,0.000000,0,false,max_ticks,99.331104,99.325464,0.923912,0.000000,0.000000
rep_d95_s70_r22,22,replication,baseline,9580022,5098,51,95.0,70.0,0.0,true,2465,0,99.652229,0.000000,2,0,0.000000,0,true,converged,99.642121,99.661781,0.906482,0.000000,0.000000
rep_d95_s70_r23,23,replication,baseline,9580023,1370,51,95.0,70.0,0.0,true,2470,0,99.716476,0.000000,1,0,0.000000,0,true,converged,99.710890,99.721850,0.916887,0.000000,0.000000
rep_d95_s70_r24,24,replication,baseline,9580024,529,51,95.0,70.0,0.0,true,2468,0,99.852879,0.000000,2,0,0.000000,0,true,converged,99.853434,99.852321,0.960301,0.000000,0.000000
rep_d95_s70_r25,25,replication,baseline,9580025,535,51,95.0,70.0,0.0,true,2472,0,99.800671,0.000000,1,0,0.000000,0,true,converged,99.803820,99.797420,0.925324,0.000000,0.000000
rep_d95_s70_r26,26,replication,baseline,9580026,937,51,95.0,70.0,0.0,true,2457,0,99.576585,0.000000,1,0,0.000000,0,true,converged,99.570354,99.582638,0.932765,0.000000,0.000000
rep_d95_s70_r27,27,replication,baseline,9580027,1026,51,95.0,70.0,0.0,true,2458,0,99.756433,0.000000,1,0,0.000000,0,true,converged,99.749973,99.762568,0.934353,0.000000,0.000000
rep_d95_s70_r28,28,replication,baseline,9580028,1209,51,95.0,70.0,0.0,true,2475,0,99.801089,0.000000,1,0,0.000000,0,true,converged,99.805388,99.796596,0.929860,0.000000,0.000000
rep_d95_s70_r29,29,replication,baseline,9580029,5739,51,95.0,70.0,0.0,true,2463,0,99.683444,0.000000,2,0,0.000000,0,true,converged,99.675676,99.690849,0.933744,0.000000,0.000000
